input	benchmark	order	function	repeat	exit_code	killed_for_stall	elapsed_sec	peak_rss_kb	completed_functions
benchmarks/spec2006/400.perlbench.bc	400.perlbench.bc	original	Perl_av_reify	1	0	0	1.002602	208	1
benchmarks/spec2006/400.perlbench.bc	400.perlbench.bc	original	Perl_av_extend	1	0	0	1.004750	196	1
benchmarks/spec2006/400.perlbench.bc	400.perlbench.bc	original	Perl_av_fetch	1	0	0	1.005059	196	1
benchmarks/spec2006/400.perlbench.bc	400.perlbench.bc	original	Perl_av_store	1	0	0	1.005081	204	1
benchmarks/spec2006/400.perlbench.bc	400.perlbench.bc	original	Perl_newAV	1	0	0	1.004241	8	1
benchmarks/spec2006/400.perlbench.bc	400.perlbench.bc	original	Perl_av_make	1	0	0	1.004318	188	1
benchmarks/spec2006/400.perlbench.bc	400.perlbench.bc	original	Perl_av_fake	1	0	0	1.003774	176	1
benchmarks/spec2006/400.perlbench.bc	400.perlbench.bc	original	Perl_av_clear	1	0	0	1.002926	204	1
benchmarks/spec2006/400.perlbench.bc	400.perlbench.bc	original	Perl_av_undef	1	0	0	1.004337	208	1
benchmarks/spec2006/400.perlbench.bc	400.perlbench.bc	original	Perl_av_fill	1	0	0	1.003737	204	1
benchmarks/spec2006/400.perlbench.bc	400.perlbench.bc	original	Perl_av_push	1	0	0	1.003847	204	1
benchmarks/spec2006/400.perlbench.bc	400.perlbench.bc	original	Perl_av_pop	1	0	0	1.002580	184	1
benchmarks/spec2006/400.perlbench.bc	400.perlbench.bc	original	Perl_av_unshift	1	0	0	1.004316	204	1
benchmarks/spec2006/400.perlbench.bc	400.perlbench.bc	original	Perl_av_shift	1	0	0	1.004995	232	1
benchmarks/spec2006/400.perlbench.bc	400.perlbench.bc	original	Perl_av_len	1	0	0	1.002681	184	1
benchmarks/spec2006/400.perlbench.bc	400.perlbench.bc	original	Perl_av_delete	1	0	0	1.002868	4	1
benchmarks/spec2006/400.perlbench.bc	400.perlbench.bc	original	Perl_av_exists	1	0	0	1.003221	184	1
benchmarks/spec2006/400.perlbench.bc	400.perlbench.bc	original	Perl_avhv_keys	1	0	0	1.004415	356	1
benchmarks/spec2006/400.perlbench.bc	400.perlbench.bc	original	Perl_avhv_store_ent	1	0	0	1.004945	232	1
benchmarks/spec2006/400.perlbench.bc	400.perlbench.bc	original	S_avhv_index	1	0	0	1.004391	176	1
benchmarks/spec2006/400.perlbench.bc	400.perlbench.bc	original	S_avhv_index_sv	1	0	0	1.003978	204	1
benchmarks/spec2006/400.perlbench.bc	400.perlbench.bc	original	Perl_avhv_fetch_ent	1	0	0	1.004955	204	1
benchmarks/spec2006/400.perlbench.bc	400.perlbench.bc	original	Perl_avhv_delete_ent	1	0	0	1.003802	176	1
benchmarks/spec2006/400.perlbench.bc	400.perlbench.bc	original	Perl_avhv_exists_ent	1	0	0	1.004670	184	1
benchmarks/spec2006/400.perlbench.bc	400.perlbench.bc	original	Perl_avhv_iternext	1	0	0	1.003580	184	1
benchmarks/spec2006/400.perlbench.bc	400.perlbench.bc	original	Perl_avhv_iterval	1	0	0	1.006445	232	1
benchmarks/spec2006/400.perlbench.bc	400.perlbench.bc	original	Perl_deb	1	0	0	1.003282	192	1
benchmarks/spec2006/400.perlbench.bc	400.perlbench.bc	original	Perl_vdeb	1	0	0	1.003040	204	1
benchmarks/spec2006/400.perlbench.bc	400.perlbench.bc	original	Perl_debstackptrs	1	0	0	1.004071	208	1
benchmarks/spec2006/400.perlbench.bc	400.perlbench.bc	original	Perl_debstack	1	0	0	1.003360	204	1
benchmarks/spec2006/400.perlbench.bc	400.perlbench.bc	original	S_deb_stack_n	1	0	0	1.001600	204	1
benchmarks/spec2006/400.perlbench.bc	400.perlbench.bc	original	Perl_deb_stack_all	1	0	0	1.001707	204	1
benchmarks/spec2006/400.perlbench.bc	400.perlbench.bc	original	Perl_do_open	1	0	0	1.001811	184	1
benchmarks/spec2006/400.perlbench.bc	400.perlbench.bc	original	Perl_do_openn	1	0	0	1.001850	204	1
benchmarks/spec2006/400.perlbench.bc	400.perlbench.bc	original	Perl_do_open9	1	0	0	1.001784	232	1
benchmarks/spec2006/400.perlbench.bc	400.perlbench.bc	original	Perl_nextargv	1	-9	1	185.272259	345968	0
benchmarks/spec2006/400.perlbench.bc	400.perlbench.bc	original	Perl_do_close	1	0	0	1.003152	240	1
benchmarks/spec2006/400.perlbench.bc	400.perlbench.bc	original	Perl_io_close	1	0	0	1.003723	192	1
benchmarks/spec2006/400.perlbench.bc	400.perlbench.bc	original	Perl_do_eof	1	0	0	1.004468	204	1
benchmarks/spec2006/400.perlbench.bc	400.perlbench.bc	original	Perl_do_tell	1	0	0	1.002023	204	1
benchmarks/spec2006/400.perlbench.bc	400.perlbench.bc	original	Perl_do_seek	1	0	0	1.002763	232	1
benchmarks/spec2006/400.perlbench.bc	400.perlbench.bc	original	Perl_do_sysseek	1	0	0	1.003079	180	1
benchmarks/spec2006/400.perlbench.bc	400.perlbench.bc	original	Perl_mode_from_discipline	1	0	0	1.002654	180	1
benchmarks/spec2006/400.perlbench.bc	400.perlbench.bc	original	Perl_do_binmode	1	0	0	1.003380	188	1
benchmarks/spec2006/400.perlbench.bc	400.perlbench.bc	original	Perl_do_print	1	0	0	1.003226	192	1
benchmarks/spec2006/400.perlbench.bc	400.perlbench.bc	original	Perl_my_stat	1	0	0	1.002180	236	1
benchmarks/spec2006/400.perlbench.bc	400.perlbench.bc	original	Perl_my_lstat	1	0	0	1.002362	148	1
benchmarks/spec2006/400.perlbench.bc	400.perlbench.bc	original	Perl_do_aexec	1	0	0	1.002550	236	1
benchmarks/spec2006/400.perlbench.bc	400.perlbench.bc	original	Perl_do_aexec5	1	0	0	1.002937	200	1
benchmarks/spec2006/400.perlbench.bc	400.perlbench.bc	original	Perl_do_execfree	1	0	0	1.003687	236	1
benchmarks/spec2006/400.perlbench.bc	400.perlbench.bc	original	Perl_do_exec	1	0	0	1.002759	200	1
benchmarks/spec2006/400.perlbench.bc	400.perlbench.bc	original	Perl_do_exec3	1	-9	1	185.269091	187092	0
benchmarks/spec2006/400.perlbench.bc	400.perlbench.bc	original	Perl_apply	1	0	0	3.004262	119392	1
benchmarks/spec2006/400.perlbench.bc	400.perlbench.bc	original	Perl_cando	1	0	0	1.002131	196	1
benchmarks/spec2006/400.perlbench.bc	400.perlbench.bc	original	Perl_ingroup	1	0	0	1.002747	196	1
benchmarks/spec2006/400.perlbench.bc	400.perlbench.bc	original	Perl_start_glob	1	0	0	1.001787	204	1
benchmarks/spec2006/400.perlbench.bc	400.perlbench.bc	original	Perl_do_trans	1	0	0	1.002181	208	1
benchmarks/spec2006/400.perlbench.bc	400.perlbench.bc	original	S_do_trans_simple_utf8	1	0	0	118.161564	131952	1
benchmarks/spec2006/400.perlbench.bc	400.perlbench.bc	original	S_do_trans_simple	1	0	0	1.002873	204	1
benchmarks/spec2006/400.perlbench.bc	400.perlbench.bc	original	S_do_trans_count_utf8	1	0	0	1.001931	100	1
benchmarks/spec2006/400.perlbench.bc	400.perlbench.bc	original	S_do_trans_count	1	0	0	1.002781	196	1
benchmarks/spec2006/400.perlbench.bc	400.perlbench.bc	original	S_do_trans_complex_utf8	1	-9	1	185.264912	207496	0
benchmarks/spec2006/400.perlbench.bc	400.perlbench.bc	original	S_do_trans_complex	1	0	0	1.002490	200	1
benchmarks/spec2006/400.perlbench.bc	400.perlbench.bc	original	Perl_do_join	1	0	0	1.002369	200	1
benchmarks/spec2006/400.perlbench.bc	400.perlbench.bc	original	Perl_do_sprintf	1	0	0	1.002011	204	1
benchmarks/spec2006/400.perlbench.bc	400.perlbench.bc	original	Perl_do_vecget	1	0	0	1.002583	192	1
benchmarks/spec2006/400.perlbench.bc	400.perlbench.bc	original	Perl_do_vecset	1	0	0	1.003441	204	1
benchmarks/spec2006/400.perlbench.bc	400.perlbench.bc	original	Perl_do_chop	1	0	0	1.003244	204	1
benchmarks/spec2006/400.perlbench.bc	400.perlbench.bc	original	Perl_do_chomp	1	0	0	1.003165	204	1
benchmarks/spec2006/400.perlbench.bc	400.perlbench.bc	original	Perl_do_vop	1	0	0	1.003783	204	1
benchmarks/spec2006/400.perlbench.bc	400.perlbench.bc	original	Perl_do_kv	1	0	0	1.003264	204	1
benchmarks/spec2006/400.perlbench.bc	400.perlbench.bc	original	Perl_dump_indent	1	0	0	1.003008	176	1
benchmarks/spec2006/400.perlbench.bc	400.perlbench.bc	original	Perl_dump_vindent	1	0	0	1.003323	204	1
benchmarks/spec2006/400.perlbench.bc	400.perlbench.bc	original	Perl_dump_all	1	0	0	1.002067	204	1
benchmarks/spec2006/400.perlbench.bc	400.perlbench.bc	original	Perl_op_dump	1	0	0	1.001931	208	1
benchmarks/spec2006/400.perlbench.bc	400.perlbench.bc	original	Perl_dump_packsubs	1	0	0	1.002383	208	1
benchmarks/spec2006/400.perlbench.bc	400.perlbench.bc	original	Perl_dump_sub	1	0	0	1.002048	204	1
benchmarks/spec2006/400.perlbench.bc	400.perlbench.bc	original	Perl_dump_form	1	0	0	1.002097	240	1
benchmarks/spec2006/400.perlbench.bc	400.perlbench.bc	original	Perl_do_op_dump	1	0	0	1.002161	204	1
benchmarks/spec2006/400.perlbench.bc	400.perlbench.bc	original	Perl_sv_peek	1	-9	1	185.261868	138120	0
benchmarks/spec2006/400.perlbench.bc	400.perlbench.bc	original	Perl_do_pmop_dump	1	0	0	1.002160	204	1
benchmarks/spec2006/400.perlbench.bc	400.perlbench.bc	original	Perl_pv_display	1	0	0	1.001794	192	1
benchmarks/spec2006/400.perlbench.bc	400.perlbench.bc	original	Perl_dump_eval	1	0	0	1.002083	208	1
benchmarks/spec2006/400.perlbench.bc	400.perlbench.bc	original	Perl_pmop_dump	1	0	0	1.002077	240	1
benchmarks/spec2006/400.perlbench.bc	400.perlbench.bc	original	Perl_gv_dump	1	0	0	1.002152	204	1
benchmarks/spec2006/400.perlbench.bc	400.perlbench.bc	original	Perl_do_magic_dump	1	-9	1	185.270389	167612	0
benchmarks/spec2006/400.perlbench.bc	400.perlbench.bc	original	Perl_do_sv_dump	1	0	0	1.003374	1152	1
benchmarks/spec2006/400.perlbench.bc	400.perlbench.bc	original	Perl_do_hv_dump	1	0	0	1.003331	208	1
benchmarks/spec2006/400.perlbench.bc	400.perlbench.bc	original	Perl_do_gvgv_dump	1	0	0	1.003347	240	1
benchmarks/spec2006/400.perlbench.bc	400.perlbench.bc	original	Perl_do_gv_dump	1	0	0	1.002252	176	1
benchmarks/spec2006/400.perlbench.bc	400.perlbench.bc	original	Perl_magic_dump	1	0	0	1.002339	236	1
benchmarks/spec2006/400.perlbench.bc	400.perlbench.bc	original	Perl_sv_dump	1	0	0	1.002490	180	1
benchmarks/spec2006/400.perlbench.bc	400.perlbench.bc	original	Perl_runops_debug	1	0	0	1.002993	204	1
benchmarks/spec2006/400.perlbench.bc	400.perlbench.bc	original	Perl_debop	1	0	0	1.001967	204	1
benchmarks/spec2006/400.perlbench.bc	400.perlbench.bc	original	S_debprof	1	0	0	1.002526	196	1
benchmarks/spec2006/400.perlbench.bc	400.perlbench.bc	original	S_deb_curcv	1	0	0	1.002470	196	1
benchmarks/spec2006/400.perlbench.bc	400.perlbench.bc	original	Perl_watch	1	0	0	1.003350	208	1
benchmarks/spec2006/400.perlbench.bc	400.perlbench.bc	original	Perl_debprofdump	1	0	0	1.002595	208	1
benchmarks/spec2006/400.perlbench.bc	400.perlbench.bc	original	Perl_fprintf_nocontext	1	0	0	1.001991	204	1
benchmarks/spec2006/400.perlbench.bc	400.perlbench.bc	original	Perl_printf_nocontext	1	0	0	1.002316	192	1
benchmarks/spec2006/400.perlbench.bc	400.perlbench.bc	original	Perl_gv_AVadd	1	0	0	1.002233	180	1
benchmarks/spec2006/400.perlbench.bc	400.perlbench.bc	original	Perl_gv_HVadd	1	0	0	1.002134	184	1
benchmarks/spec2006/400.perlbench.bc	400.perlbench.bc	original	Perl_gv_IOadd	1	0	0	1.003109	176	1
benchmarks/spec2006/400.perlbench.bc	400.perlbench.bc	original	Perl_newIO	1	0	0	1.003241	8	1
benchmarks/spec2006/400.perlbench.bc	400.perlbench.bc	original	Perl_gv_fetchpv	1	-9	1	185.250731	281708	0
benchmarks/spec2006/400.perlbench.bc	400.perlbench.bc	original	Perl_gv_init	1	0	0	1.001953	236	1
benchmarks/spec2006/400.perlbench.bc	400.perlbench.bc	original	S_gv_init_sv	1	0	0	1.002643	204	1
benchmarks/spec2006/400.perlbench.bc	400.perlbench.bc	original	S_require_errno	1	0	0	1.003411	204	1
benchmarks/spec2006/400.perlbench.bc	400.perlbench.bc	original	Perl_gv_stashpvn	1	0	0	1.001862	192	1
benchmarks/spec2006/400.perlbench.bc	400.perlbench.bc	original	Perl_gv_fetchmethod	1	0	0	1.002048	196	1
benchmarks/spec2006/400.perlbench.bc	400.perlbench.bc	original	Perl_gv_fetchmethod_autoload	1	0	0	1.003907	1836	1
benchmarks/spec2006/400.perlbench.bc	400.perlbench.bc	original	Perl_gv_fetchmeth	1	-9	1	185.267480	143576	0
benchmarks/spec2006/400.perlbench.bc	400.perlbench.bc	original	Perl_gv_autoload4	1	0	0	1.002697	200	1
benchmarks/spec2006/400.perlbench.bc	400.perlbench.bc	original	Perl_gv_stashsv	1	0	0	1.002997	204	1
benchmarks/spec2006/400.perlbench.bc	400.perlbench.bc	original	Perl_gp_ref	1	0	0	1.003106	236	1
benchmarks/spec2006/400.perlbench.bc	400.perlbench.bc	original	Perl_gv_fetchfile	1	0	0	1.002082	184	1
benchmarks/spec2006/400.perlbench.bc	400.perlbench.bc	original	Perl_gv_fetchmeth_autoload	1	0	0	1.002298	204	1
benchmarks/spec2006/400.perlbench.bc	400.perlbench.bc	original	Perl_gv_stashpv	1	0	0	1.002771	196	1
benchmarks/spec2006/400.perlbench.bc	400.perlbench.bc	original	Perl_gv_fullname4	1	0	0	1.003342	1868	1
benchmarks/spec2006/400.perlbench.bc	400.perlbench.bc	original	Perl_gv_fullname3	1	0	0	1.001970	180	1
benchmarks/spec2006/400.perlbench.bc	400.perlbench.bc	original	Perl_gv_efullname4	1	0	0	1.001670	196	1
benchmarks/spec2006/400.perlbench.bc	400.perlbench.bc	original	Perl_gv_efullname3	1	0	0	1.003781	1528	1
benchmarks/spec2006/400.perlbench.bc	400.perlbench.bc	original	Perl_gv_fullname	1	0	0	1.002447	188	1
benchmarks/spec2006/400.perlbench.bc	400.perlbench.bc	original	Perl_gv_efullname	1	0	0	1.002316	208	1
benchmarks/spec2006/400.perlbench.bc	400.perlbench.bc	original	Perl_gv_check	1	0	0	1.001823	204	1
benchmarks/spec2006/400.perlbench.bc	400.perlbench.bc	original	Perl_newGVgen	1	0	0	1.001890	204	1
benchmarks/spec2006/400.perlbench.bc	400.perlbench.bc	original	Perl_gp_free	1	0	0	1.002210	204	1
benchmarks/spec2006/400.perlbench.bc	400.perlbench.bc	original	Perl_magic_freeovrld	1	0	0	1.002094	208	1
benchmarks/spec2006/400.perlbench.bc	400.perlbench.bc	original	Perl_Gv_AMupdate	1	0	0	1.002381	204	1
benchmarks/spec2006/400.perlbench.bc	400.perlbench.bc	original	Perl_gv_handler	1	0	0	1.002755	4	1
benchmarks/spec2006/400.perlbench.bc	400.perlbench.bc	original	Perl_amagic_call	1	0	0	1.002013	180	1
benchmarks/spec2006/400.perlbench.bc	400.perlbench.bc	original	Perl_is_gv_magical	1	0	0	1.002360	208	1
benchmarks/spec2006/400.perlbench.bc	400.perlbench.bc	original	Perl_free_tied_hv_pool	1	0	0	1.002458	184	1
benchmarks/spec2006/400.perlbench.bc	400.perlbench.bc	original	S_del_he	1	0	0	1.002259	204	1
benchmarks/spec2006/400.perlbench.bc	400.perlbench.bc	original	Perl_hv_store	1	0	0	1.002064	228	1
benchmarks/spec2006/400.perlbench.bc	400.perlbench.bc	original	S_hv_fetch_common	1	-9	1	185.272434	200924	0
benchmarks/spec2006/400.perlbench.bc	400.perlbench.bc	original	S_new_he	1	0	0	1.001955	208	1
benchmarks/spec2006/400.perlbench.bc	400.perlbench.bc	original	S_hv_magic_check	1	0	0	1.002401	184	1
benchmarks/spec2006/400.perlbench.bc	400.perlbench.bc	original	S_share_hek_flags	1	0	0	1.003173	200	1
benchmarks/spec2006/400.perlbench.bc	400.perlbench.bc	original	Perl_unshare_hek	1	0	0	1.002724	196	1
benchmarks/spec2006/400.perlbench.bc	400.perlbench.bc	original	S_hv_notallowed	1	0	0	1.002849	208	1
benchmarks/spec2006/400.perlbench.bc	400.perlbench.bc	original	S_save_hek_flags	1	0	0	1.002082	192	1
benchmarks/spec2006/400.perlbench.bc	400.perlbench.bc	original	S_hsplit	1	0	0	1.002785	192	1
benchmarks/spec2006/400.perlbench.bc	400.perlbench.bc	original	Perl_hv_clear_placeholders	1	0	0	1.002354	196	1
benchmarks/spec2006/400.perlbench.bc	400.perlbench.bc	original	Perl_hv_free_ent	1	0	0	1.002311	208	1
benchmarks/spec2006/400.perlbench.bc	400.perlbench.bc	original	S_unshare_hek_or_pvn	1	0	0	10.014871	119964	1
benchmarks/spec2006/400.perlbench.bc	400.perlbench.bc	original	S_more_he	1	0	0	1.002276	204	1
benchmarks/spec2006/400.perlbench.bc	400.perlbench.bc	original	Perl_hv_store_flags	1	0	0	1.002043	192	1
benchmarks/spec2006/400.perlbench.bc	400.perlbench.bc	original	Perl_hv_store_ent	1	0	0	1.002526	192	1
benchmarks/spec2006/400.perlbench.bc	400.perlbench.bc	original	Perl_hv_exists	1	0	0	1.002687	232	1
benchmarks/spec2006/400.perlbench.bc	400.perlbench.bc	original	Perl_hv_fetch	1	0	0	1.002285	196	1
benchmarks/spec2006/400.perlbench.bc	400.perlbench.bc	original	Perl_hv_exists_ent	1	0	0	1.001725	164	1
benchmarks/spec2006/400.perlbench.bc	400.perlbench.bc	original	Perl_hv_fetch_ent	1	0	0	1.001852	236	1
benchmarks/spec2006/400.perlbench.bc	400.perlbench.bc	original	Perl_hv_scalar	1	0	0	1.001787	204	1
benchmarks/spec2006/400.perlbench.bc	400.perlbench.bc	original	Perl_hv_delete	1	0	0	1.001982	204	1
benchmarks/spec2006/400.perlbench.bc	400.perlbench.bc	original	S_hv_delete_common	1	-9	1	185.261816	145932	0
benchmarks/spec2006/400.perlbench.bc	400.perlbench.bc	original	Perl_hv_delete_ent	1	0	0	1.001671	224	1
benchmarks/spec2006/400.perlbench.bc	400.perlbench.bc	original	Perl_hv_ksplit	1	0	0	1.002108	192	1
benchmarks/spec2006/400.perlbench.bc	400.perlbench.bc	original	Perl_newHV	1	0	0	1.002750	204	1
benchmarks/spec2006/400.perlbench.bc	400.perlbench.bc	original	Perl_hv_iterinit	1	0	0	1.003010	196	1
benchmarks/spec2006/400.perlbench.bc	400.perlbench.bc	original	Perl_newHVhv	1	0	0	1.002293	204	1
benchmarks/spec2006/400.perlbench.bc	400.perlbench.bc	original	Perl_hv_iternext_flags	1	0	0	2.004097	118908	1
benchmarks/spec2006/400.perlbench.bc	400.perlbench.bc	original	Perl_hv_delayfree_ent	1	0	0	1.002477	196	1
benchmarks/spec2006/400.perlbench.bc	400.perlbench.bc	original	Perl_hv_clear	1	0	0	1.002247	200	1
benchmarks/spec2006/400.perlbench.bc	400.perlbench.bc	original	Perl_hv_iterkeysv	1	0	0	1.002546	200	1
benchmarks/spec2006/400.perlbench.bc	400.perlbench.bc	original	S_hfreeentries	1	0	0	1.002048	208	1
benchmarks/spec2006/400.perlbench.bc	400.perlbench.bc	original	Perl_hv_undef	1	0	0	1.002618	204	1
benchmarks/spec2006/400.perlbench.bc	400.perlbench.bc	original	Perl_hv_iternext	1	0	0	1.002609	192	1
benchmarks/spec2006/400.perlbench.bc	400.perlbench.bc	original	Perl_hv_iterkey	1	0	0	1.002872	188	1
benchmarks/spec2006/400.perlbench.bc	400.perlbench.bc	original	Perl_hv_iterval	1	0	0	1.002413	200	1
benchmarks/spec2006/400.perlbench.bc	400.perlbench.bc	original	Perl_hv_iternextsv	1	0	0	1.002110	176	1
benchmarks/spec2006/400.perlbench.bc	400.perlbench.bc	original	Perl_hv_magic	1	0	0	1.002447	176	1
benchmarks/spec2006/400.perlbench.bc	400.perlbench.bc	original	Perl_unsharepvn	1	0	0	1.002177	192	1
benchmarks/spec2006/400.perlbench.bc	400.perlbench.bc	original	Perl_share_hek	1	0	0	1.002399	192	1
benchmarks/spec2006/400.perlbench.bc	400.perlbench.bc	original	Perl_set_numeric_radix	1	0	0	1.002066	200	1
benchmarks/spec2006/400.perlbench.bc	400.perlbench.bc	original	Perl_new_numeric	1	0	0	1.002003	204	1
benchmarks/spec2006/400.perlbench.bc	400.perlbench.bc	original	Perl_set_numeric_standard	1	0	0	1.002382	116	1
benchmarks/spec2006/400.perlbench.bc	400.perlbench.bc	original	Perl_set_numeric_local	1	0	0	1.003095	204	1
benchmarks/spec2006/400.perlbench.bc	400.perlbench.bc	original	Perl_new_ctype	1	0	0	1.002618	192	1
benchmarks/spec2006/400.perlbench.bc	400.perlbench.bc	original	Perl_new_collate	1	0	0	1.002267	204	1
benchmarks/spec2006/400.perlbench.bc	400.perlbench.bc	original	Perl_init_i18nl10n	1	0	0	1.001947	96	1
benchmarks/spec2006/400.perlbench.bc	400.perlbench.bc	original	Perl_init_i18nl14n	1	0	0	1.001805	192	1
benchmarks/spec2006/400.perlbench.bc	400.perlbench.bc	original	Perl_mg_magical	1	0	0	1.002236	208	1
benchmarks/spec2006/400.perlbench.bc	400.perlbench.bc	original	Perl_mg_get	1	0	0	2.002973	118944	1
benchmarks/spec2006/400.perlbench.bc	400.perlbench.bc	original	S_save_magic	1	0	0	1.001940	196	1
benchmarks/spec2006/400.perlbench.bc	400.perlbench.bc	original	restore_magic	1	0	0	1.001902	236	1
benchmarks/spec2006/400.perlbench.bc	400.perlbench.bc	original	Perl_mg_set	1	0	0	1.001912	208	1
benchmarks/spec2006/400.perlbench.bc	400.perlbench.bc	original	Perl_mg_length	1	0	0	1.001773	196	1
benchmarks/spec2006/400.perlbench.bc	400.perlbench.bc	original	Perl_mg_size	1	0	0	1.001578	204	1
benchmarks/spec2006/400.perlbench.bc	400.perlbench.bc	original	Perl_mg_clear	1	0	0	1.000873	204	1
benchmarks/spec2006/400.perlbench.bc	400.perlbench.bc	original	Perl_mg_find	1	0	0	1.002403	188	1
benchmarks/spec2006/400.perlbench.bc	400.perlbench.bc	original	Perl_mg_copy	1	0	0	1.002839	192	1
benchmarks/spec2006/400.perlbench.bc	400.perlbench.bc	original	Perl_mg_free	1	0	0	1.003255	204	1
benchmarks/spec2006/400.perlbench.bc	400.perlbench.bc	original	Perl_magic_regdata_cnt	1	0	0	1.002274	196	1
benchmarks/spec2006/400.perlbench.bc	400.perlbench.bc	original	Perl_magic_regdatum_get	1	0	0	1.002447	236	1
benchmarks/spec2006/400.perlbench.bc	400.perlbench.bc	original	Perl_magic_regdatum_set	1	0	0	1.002472	204	1
benchmarks/spec2006/400.perlbench.bc	400.perlbench.bc	original	Perl_magic_len	1	0	0	1.002645	208	1
benchmarks/spec2006/400.perlbench.bc	400.perlbench.bc	original	Perl_magic_get	1	0	0	1.002442	204	1
benchmarks/spec2006/400.perlbench.bc	400.perlbench.bc	original	Perl_magic_getuvar	1	0	0	1.001954	204	1
benchmarks/spec2006/400.perlbench.bc	400.perlbench.bc	original	Perl_magic_setenv	1	0	0	1.001891	232	1
benchmarks/spec2006/400.perlbench.bc	400.perlbench.bc	original	Perl_magic_clearenv	1	0	0	1.001995	188	1
benchmarks/spec2006/400.perlbench.bc	400.perlbench.bc	original	Perl_magic_set_all_env	1	0	0	1.001735	204	1
benchmarks/spec2006/400.perlbench.bc	400.perlbench.bc	original	Perl_magic_clear_all_env	1	0	0	1.002074	208	1
benchmarks/spec2006/400.perlbench.bc	400.perlbench.bc	original	Perl_magic_getsig	1	0	0	1.002252	200	1
benchmarks/spec2006/400.perlbench.bc	400.perlbench.bc	original	Perl_whichsig	1	0	0	1.001758	200	1
benchmarks/spec2006/400.perlbench.bc	400.perlbench.bc	original	Perl_magic_clearsig	1	0	0	1.002005	164	1
benchmarks/spec2006/400.perlbench.bc	400.perlbench.bc	original	Perl_despatch_signals	1	0	0	1.001852	204	1
benchmarks/spec2006/400.perlbench.bc	400.perlbench.bc	original	Perl_raise_signal	1	0	0	1.001786	180	1
benchmarks/spec2006/400.perlbench.bc	400.perlbench.bc	original	Perl_csighandler	1	0	0	1.002301	188	1
benchmarks/spec2006/400.perlbench.bc	400.perlbench.bc	original	Perl_magic_setsig	1	0	0	1.002092	204	1
benchmarks/spec2006/400.perlbench.bc	400.perlbench.bc	original	Perl_magic_setisa	1	0	0	1.002073	200	1
benchmarks/spec2006/400.perlbench.bc	400.perlbench.bc	original	Perl_magic_setamagic	1	0	0	1.001784	180	1
benchmarks/spec2006/400.perlbench.bc	400.perlbench.bc	original	Perl_magic_getnkeys	1	0	0	1.001837	204	1
benchmarks/spec2006/400.perlbench.bc	400.perlbench.bc	original	Perl_magic_setnkeys	1	0	0	1.001925	204	1
benchmarks/spec2006/400.perlbench.bc	400.perlbench.bc	original	Perl_magic_getpack	1	0	0	1.001873	200	1
benchmarks/spec2006/400.perlbench.bc	400.perlbench.bc	original	S_magic_methpack	1	0	0	1.001873	208	1
benchmarks/spec2006/400.perlbench.bc	400.perlbench.bc	original	S_magic_methcall	1	0	0	1.001854	208	1
benchmarks/spec2006/400.perlbench.bc	400.perlbench.bc	original	Perl_magic_setpack	1	0	0	1.001871	204	1
benchmarks/spec2006/400.perlbench.bc	400.perlbench.bc	original	Perl_magic_clearpack	1	0	0	1.002540	176	1
benchmarks/spec2006/400.perlbench.bc	400.perlbench.bc	original	Perl_magic_sizepack	1	0	0	1.002858	184	1
benchmarks/spec2006/400.perlbench.bc	400.perlbench.bc	original	Perl_magic_wipepack	1	0	0	1.002679	196	1
benchmarks/spec2006/400.perlbench.bc	400.perlbench.bc	original	Perl_magic_nextpack	1	0	0	1.001206	204	1
benchmarks/spec2006/400.perlbench.bc	400.perlbench.bc	original	Perl_magic_existspack	1	0	0	1.001815	208	1
benchmarks/spec2006/400.perlbench.bc	400.perlbench.bc	original	Perl_magic_scalarpack	1	0	0	1.001697	204	1
benchmarks/spec2006/400.perlbench.bc	400.perlbench.bc	original	Perl_magic_setdbline	1	0	0	1.001764	204	1
benchmarks/spec2006/400.perlbench.bc	400.perlbench.bc	original	Perl_magic_getarylen	1	0	0	1.002379	236	1
benchmarks/spec2006/400.perlbench.bc	400.perlbench.bc	original	Perl_magic_setarylen	1	0	0	1.002654	208	1
benchmarks/spec2006/400.perlbench.bc	400.perlbench.bc	original	Perl_magic_getpos	1	0	0	1.002702	196	1
benchmarks/spec2006/400.perlbench.bc	400.perlbench.bc	original	Perl_magic_setpos	1	0	0	1.001921	180	1
benchmarks/spec2006/400.perlbench.bc	400.perlbench.bc	original	Perl_magic_getglob	1	0	0	1.001964	208	1
benchmarks/spec2006/400.perlbench.bc	400.perlbench.bc	original	Perl_magic_setglob	1	0	0	1.001915	208	1
benchmarks/spec2006/400.perlbench.bc	400.perlbench.bc	original	Perl_magic_getsubstr	1	0	0	1.001774	208	1
benchmarks/spec2006/400.perlbench.bc	400.perlbench.bc	original	Perl_magic_setsubstr	1	0	0	1.001666	88	1
benchmarks/spec2006/400.perlbench.bc	400.perlbench.bc	original	Perl_magic_gettaint	1	0	0	1.001931	240	1
benchmarks/spec2006/400.perlbench.bc	400.perlbench.bc	original	Perl_magic_settaint	1	0	0	1.001963	100	1
benchmarks/spec2006/400.perlbench.bc	400.perlbench.bc	original	Perl_magic_getvec	1	0	0	1.001637	168	1
benchmarks/spec2006/400.perlbench.bc	400.perlbench.bc	original	Perl_magic_setvec	1	0	0	1.000854	196	1
benchmarks/spec2006/400.perlbench.bc	400.perlbench.bc	original	Perl_magic_getdefelem	1	0	0	1.001830	208	1
benchmarks/spec2006/400.perlbench.bc	400.perlbench.bc	original	Perl_magic_setdefelem	1	0	0	1.002101	204	1
benchmarks/spec2006/400.perlbench.bc	400.perlbench.bc	original	Perl_vivify_defelem	1	0	0	1.002136	204	1
benchmarks/spec2006/400.perlbench.bc	400.perlbench.bc	original	Perl_magic_killbackrefs	1	0	0	1.001782	176	1
benchmarks/spec2006/400.perlbench.bc	400.perlbench.bc	original	Perl_magic_setmglob	1	0	0	1.001808	208	1
benchmarks/spec2006/400.perlbench.bc	400.perlbench.bc	original	Perl_magic_setbm	1	0	0	1.001900	92	1
benchmarks/spec2006/400.perlbench.bc	400.perlbench.bc	original	Perl_magic_setfm	1	0	0	1.002192	208	1
benchmarks/spec2006/400.perlbench.bc	400.perlbench.bc	original	Perl_magic_setuvar	1	0	0	1.002062	204	1
benchmarks/spec2006/400.perlbench.bc	400.perlbench.bc	original	Perl_magic_setregexp	1	0	0	1.002292	204	1
benchmarks/spec2006/400.perlbench.bc	400.perlbench.bc	original	Perl_magic_freeregexp	1	0	0	1.001952	180	1
benchmarks/spec2006/400.perlbench.bc	400.perlbench.bc	original	Perl_magic_setutf8	1	0	0	1.001736	204	1
benchmarks/spec2006/400.perlbench.bc	400.perlbench.bc	original	Perl_magic_set	1	0	0	1.001891	204	1
benchmarks/spec2006/400.perlbench.bc	400.perlbench.bc	original	Perl_sighandler	1	0	0	1.002437	196	1
benchmarks/spec2006/400.perlbench.bc	400.perlbench.bc	original	unwind_handler_stack	1	0	0	1.001770	188	1
benchmarks/spec2006/400.perlbench.bc	400.perlbench.bc	original	Perl_cast_ulong	1	0	0	1.001414	180	1
benchmarks/spec2006/400.perlbench.bc	400.perlbench.bc	original	Perl_cast_i32	1	0	0	1.003048	8	1
benchmarks/spec2006/400.perlbench.bc	400.perlbench.bc	original	Perl_cast_iv	1	0	0	1.003366	8	1
benchmarks/spec2006/400.perlbench.bc	400.perlbench.bc	original	Perl_cast_uv	1	0	0	1.002264	204	1
benchmarks/spec2006/400.perlbench.bc	400.perlbench.bc	original	Perl_huge	1	0	0	1.002128	204	1
benchmarks/spec2006/400.perlbench.bc	400.perlbench.bc	original	Perl_grok_bin	1	-9	1	185.255730	129544	0
benchmarks/spec2006/400.perlbench.bc	400.perlbench.bc	original	Perl_grok_hex	1	0	0	184.255582	131312	1
benchmarks/spec2006/400.perlbench.bc	400.perlbench.bc	original	Perl_grok_oct	1	-9	1	185.265204	122836	0
benchmarks/spec2006/400.perlbench.bc	400.perlbench.bc	original	Perl_scan_bin	1	0	0	1.001755	232	1
benchmarks/spec2006/400.perlbench.bc	400.perlbench.bc	original	Perl_scan_oct	1	0	0	1.001947	204	1
benchmarks/spec2006/400.perlbench.bc	400.perlbench.bc	original	Perl_scan_hex	1	0	0	1.013573	240	1
benchmarks/spec2006/400.perlbench.bc	400.perlbench.bc	original	Perl_grok_numeric_radix	1	0	0	1.002901	188	1
benchmarks/spec2006/400.perlbench.bc	400.perlbench.bc	original	Perl_grok_number	1	-9	1	185.262394	182808	0
benchmarks/spec2006/400.perlbench.bc	400.perlbench.bc	original	Perl_my_atof	1	0	0	1.002084	180	1
benchmarks/spec2006/400.perlbench.bc	400.perlbench.bc	original	Perl_my_atof2	1	-9	1	185.259239	141472	0
benchmarks/spec2006/400.perlbench.bc	400.perlbench.bc	original	S_mulexp10	1	0	0	1.002096	204	1
benchmarks/spec2006/400.perlbench.bc	400.perlbench.bc	original	Perl_allocmy	1	0	0	1.002490	204	1
benchmarks/spec2006/400.perlbench.bc	400.perlbench.bc	original	Perl_op_free	1	0	0	1.002748	192	1
benchmarks/spec2006/400.perlbench.bc	400.perlbench.bc	original	S_cop_free	1	0	0	1.003084	204	1
benchmarks/spec2006/400.perlbench.bc	400.perlbench.bc	original	Perl_op_clear	1	0	0	1.003053	240	1
benchmarks/spec2006/400.perlbench.bc	400.perlbench.bc	original	Perl_ck_ftst	1	0	0	1.002594	204	1
benchmarks/spec2006/400.perlbench.bc	400.perlbench.bc	original	Perl_newGVOP	1	0	0	1.002686	208	1
benchmarks/spec2006/400.perlbench.bc	400.perlbench.bc	original	S_newDEFSVOP	1	0	0	1.003873	8	1
benchmarks/spec2006/400.perlbench.bc	400.perlbench.bc	original	Perl_newUNOP	1	0	0	1.002824	236	1
benchmarks/spec2006/400.perlbench.bc	400.perlbench.bc	original	Perl_newOP	1	0	0	1.002397	12	1
benchmarks/spec2006/400.perlbench.bc	400.perlbench.bc	original	Perl_force_list	1	0	0	1.003186	204	1
benchmarks/spec2006/400.perlbench.bc	400.perlbench.bc	original	Perl_fold_constants	1	0	0	29.042362	118872	1
benchmarks/spec2006/400.perlbench.bc	400.perlbench.bc	original	Perl_scalar	1	0	0	1.002108	184	1
benchmarks/spec2006/400.perlbench.bc	400.perlbench.bc	original	Perl_linklist	1	0	0	1.001922	196	1
benchmarks/spec2006/400.perlbench.bc	400.perlbench.bc	original	Perl_newSVOP	1	0	0	1.002255	204	1
benchmarks/spec2006/400.perlbench.bc	400.perlbench.bc	original	Perl_scalarvoid	1	0	0	1.003143	180	1
benchmarks/spec2006/400.perlbench.bc	400.perlbench.bc	original	Perl_custom_op_desc	1	0	0	1.001903	180	1
benchmarks/spec2006/400.perlbench.bc	400.perlbench.bc	original	S_no_bareword_allowed	1	0	0	1.002813	176	1
benchmarks/spec2006/400.perlbench.bc	400.perlbench.bc	original	Perl_op_null	1	0	0	1.003535	208	1
benchmarks/spec2006/400.perlbench.bc	400.perlbench.bc	original	Perl_scalarkids	1	0	0	1.002698	176	1
benchmarks/spec2006/400.perlbench.bc	400.perlbench.bc	original	Perl_newLISTOP	1	0	0	1.002302	208	1
benchmarks/spec2006/400.perlbench.bc	400.perlbench.bc	original	Perl_newSVREF	1	0	0	1.002625	204	1
benchmarks/spec2006/400.perlbench.bc	400.perlbench.bc	original	Perl_op_refcnt_lock	1	0	0	1.002071	176	1
benchmarks/spec2006/400.perlbench.bc	400.perlbench.bc	original	Perl_op_refcnt_unlock	1	0	0	1.002024	208	1
benchmarks/spec2006/400.perlbench.bc	400.perlbench.bc	original	Perl_listkids	1	0	0	1.002155	204	1
benchmarks/spec2006/400.perlbench.bc	400.perlbench.bc	original	Perl_list	1	0	0	1.002682	196	1
benchmarks/spec2006/400.perlbench.bc	400.perlbench.bc	original	Perl_gen_constant_list	1	0	0	1.002933	192	1
benchmarks/spec2006/400.perlbench.bc	400.perlbench.bc	original	Perl_scalarseq	1	0	0	1.002192	204	1
benchmarks/spec2006/400.perlbench.bc	400.perlbench.bc	original	Perl_mod	1	0	0	1.002696	192	1
benchmarks/spec2006/400.perlbench.bc	400.perlbench.bc	original	S_scalar_mod_type	1	0	0	1.003857	204	1
benchmarks/spec2006/400.perlbench.bc	400.perlbench.bc	original	Perl_ref	1	0	0	1.003515	188	1
benchmarks/spec2006/400.perlbench.bc	400.perlbench.bc	original	Perl_refkids	1	0	0	1.003501	188	1
benchmarks/spec2006/400.perlbench.bc	400.perlbench.bc	original	Perl_apply_attrs_string	1	0	0	1.003461	208	1
benchmarks/spec2006/400.perlbench.bc	400.perlbench.bc	original	Perl_append_elem	1	0	0	1.002466	204	1
benchmarks/spec2006/400.perlbench.bc	400.perlbench.bc	original	Perl_prepend_elem	1	0	0	1.002146	192	1
benchmarks/spec2006/400.perlbench.bc	400.perlbench.bc	original	Perl_load_module	1	0	0	1.002288	200	1
benchmarks/spec2006/400.perlbench.bc	400.perlbench.bc	original	Perl_vload_module	1	0	0	1.003065	16	1
benchmarks/spec2006/400.perlbench.bc	400.perlbench.bc	original	Perl_newNULLLIST	1	0	0	1.002322	204	1
benchmarks/spec2006/400.perlbench.bc	400.perlbench.bc	original	Perl_sawparens	1	0	0	1.002323	204	1
benchmarks/spec2006/400.perlbench.bc	400.perlbench.bc	original	Perl_utilize	1	0	0	1.002656	208	1
benchmarks/spec2006/400.perlbench.bc	400.perlbench.bc	original	Perl_convert	1	0	0	1.002407	180	1
benchmarks/spec2006/400.perlbench.bc	400.perlbench.bc	original	Perl_newSTATEOP	1	0	0	1.002266	232	1
benchmarks/spec2006/400.perlbench.bc	400.perlbench.bc	original	Perl_newATTRSUB	1	0	0	9.012792	118860	1
benchmarks/spec2006/400.perlbench.bc	400.perlbench.bc	original	Perl_cv_ckproto	1	0	0	1.001902	180	1
benchmarks/spec2006/400.perlbench.bc	400.perlbench.bc	original	Perl_op_const_sv	1	0	0	4.005575	119092	1
benchmarks/spec2006/400.perlbench.bc	400.perlbench.bc	original	Perl_cv_const_sv	1	0	0	1.002134	204	1
benchmarks/spec2006/400.perlbench.bc	400.perlbench.bc	original	const_sv_xsub	1	0	0	1.002439	80	1
benchmarks/spec2006/400.perlbench.bc	400.perlbench.bc	original	Perl_newCONSTSUB	1	0	0	1.002601	184	1
benchmarks/spec2006/400.perlbench.bc	400.perlbench.bc	original	S_apply_attrs	1	0	0	1.002345	208	1
benchmarks/spec2006/400.perlbench.bc	400.perlbench.bc	original	Perl_cv_undef	1	0	0	1.003259	184	1
benchmarks/spec2006/400.perlbench.bc	400.perlbench.bc	original	S_dup_attrlist	1	0	0	1.002774	92	1
benchmarks/spec2006/400.perlbench.bc	400.perlbench.bc	original	Perl_newXS	1	0	0	1.002421	184	1
benchmarks/spec2006/400.perlbench.bc	400.perlbench.bc	original	Perl_my_attrs	1	0	0	1.002619	208	1
benchmarks/spec2006/400.perlbench.bc	400.perlbench.bc	original	S_my_kid	1	0	0	1.002248	204	1
benchmarks/spec2006/400.perlbench.bc	400.perlbench.bc	original	Perl_append_list	1	0	0	1.002267	196	1
benchmarks/spec2006/400.perlbench.bc	400.perlbench.bc	original	S_apply_attrs_my	1	0	0	1.002998	184	1
benchmarks/spec2006/400.perlbench.bc	400.perlbench.bc	original	Perl_my	1	0	0	1.002996	180	1
benchmarks/spec2006/400.perlbench.bc	400.perlbench.bc	original	Perl_bind_match	1	0	0	1.002649	192	1
benchmarks/spec2006/400.perlbench.bc	400.perlbench.bc	original	Perl_newBINOP	1	0	0	1.003497	208	1
benchmarks/spec2006/400.perlbench.bc	400.perlbench.bc	original	Perl_newPMOP	1	0	0	1.001675	236	1
benchmarks/spec2006/400.perlbench.bc	400.perlbench.bc	original	Perl_pmruntime	1	-9	1	185.266486	151344	0
benchmarks/spec2006/400.perlbench.bc	400.perlbench.bc	original	Perl_pmtrans	1	0	0	1.002396	204	1
benchmarks/spec2006/400.perlbench.bc	400.perlbench.bc	original	uvcompare	1	0	0	1.002739	196	1
benchmarks/spec2006/400.perlbench.bc	400.perlbench.bc	original	Perl_invert	1	0	0	1.003055	236	1
benchmarks/spec2006/400.perlbench.bc	400.perlbench.bc	original	Perl_scope	1	0	0	1.002576	188	1
benchmarks/spec2006/400.perlbench.bc	400.perlbench.bc	original	Perl_save_hints	1	0	0	1.002214	192	1
benchmarks/spec2006/400.perlbench.bc	400.perlbench.bc	original	Perl_block_start	1	0	0	1.002692	240	1
benchmarks/spec2006/400.perlbench.bc	400.perlbench.bc	original	Perl_block_end	1	0	0	1.002469	204	1
benchmarks/spec2006/400.perlbench.bc	400.perlbench.bc	original	Perl_newPROG	1	0	0	1.002629	204	1
benchmarks/spec2006/400.perlbench.bc	400.perlbench.bc	original	Perl_localize	1	-9	1	185.277298	126020	0
benchmarks/spec2006/400.perlbench.bc	400.perlbench.bc	original	Perl_jmaybe	1	0	0	1.002078	204	1
benchmarks/spec2006/400.perlbench.bc	400.perlbench.bc	original	Perl_newPADOP	1	0	0	1.003249	92	1
benchmarks/spec2006/400.perlbench.bc	400.perlbench.bc	original	Perl_newPVOP	1	0	0	1.002165	208	1
benchmarks/spec2006/400.perlbench.bc	400.perlbench.bc	original	Perl_package	1	0	0	1.003946	448	1
benchmarks/spec2006/400.perlbench.bc	400.perlbench.bc	original	Perl_dofile	1	0	0	1.003309	164	1
benchmarks/spec2006/400.perlbench.bc	400.perlbench.bc	original	Perl_ck_subr	1	-9	1	185.273604	280404	0
benchmarks/spec2006/400.perlbench.bc	400.perlbench.bc	original	S_gv_ename	1	0	0	1.002235	236	1
benchmarks/spec2006/400.perlbench.bc	400.perlbench.bc	original	S_too_many_arguments	1	0	0	1.003151	188	1
benchmarks/spec2006/400.perlbench.bc	400.perlbench.bc	original	S_bad_type	1	0	0	1.003201	188	1
benchmarks/spec2006/400.perlbench.bc	400.perlbench.bc	original	S_too_few_arguments	1	0	0	1.004888	204	1
benchmarks/spec2006/400.perlbench.bc	400.perlbench.bc	original	Perl_newSLICEOP	1	0	0	1.003892	76	1
benchmarks/spec2006/400.perlbench.bc	400.perlbench.bc	original	Perl_newASSIGNOP	1	0	0	83.121435	142496	1
benchmarks/spec2006/400.perlbench.bc	400.perlbench.bc	original	Perl_newLOGOP	1	0	0	1.002080	180	1
benchmarks/spec2006/400.perlbench.bc	400.perlbench.bc	original	S_list_assignment	1	0	0	1.004114	204	1
benchmarks/spec2006/400.perlbench.bc	400.perlbench.bc	original	S_new_logop	1	0	0	1.003267	8	1
benchmarks/spec2006/400.perlbench.bc	400.perlbench.bc	original	S_scalarboolean	1	0	0	1.002967	52	1
benchmarks/spec2006/400.perlbench.bc	400.perlbench.bc	original	Perl_newCONDOP	1	0	0	1.002474	208	1
benchmarks/spec2006/400.perlbench.bc	400.perlbench.bc	original	Perl_newRANGE	1	0	0	1.002191	204	1
benchmarks/spec2006/400.perlbench.bc	400.perlbench.bc	original	Perl_newLOOPOP	1	0	0	1.002344	188	1
benchmarks/spec2006/400.perlbench.bc	400.perlbench.bc	original	Perl_newWHILEOP	1	0	0	1.002740	204	1
benchmarks/spec2006/400.perlbench.bc	400.perlbench.bc	original	Perl_newFOROP	1	0	0	1.002747	176	1
benchmarks/spec2006/400.perlbench.bc	400.perlbench.bc	original	Perl_newLOOPEX	1	0	0	1.002880	196	1
benchmarks/spec2006/400.perlbench.bc	400.perlbench.bc	original	Perl_newMYSUB	1	0	0	1.002547	180	1
benchmarks/spec2006/400.perlbench.bc	400.perlbench.bc	original	Perl_newSUB	1	0	0	1.002038	200	1
benchmarks/spec2006/400.perlbench.bc	400.perlbench.bc	original	Perl_newFORM	1	0	0	1.003195	356	1
benchmarks/spec2006/400.perlbench.bc	400.perlbench.bc	original	Perl_newANONLIST	1	0	0	1.002729	204	1
benchmarks/spec2006/400.perlbench.bc	400.perlbench.bc	original	Perl_newANONHASH	1	0	0	1.002913	204	1
benchmarks/spec2006/400.perlbench.bc	400.perlbench.bc	original	Perl_newANONSUB	1	0	0	1.002186	96	1
benchmarks/spec2006/400.perlbench.bc	400.perlbench.bc	original	Perl_newANONATTRSUB	1	0	0	1.002991	204	1
benchmarks/spec2006/400.perlbench.bc	400.perlbench.bc	original	Perl_oopsAV	1	0	0	1.002846	184	1
benchmarks/spec2006/400.perlbench.bc	400.perlbench.bc	original	Perl_oopsHV	1	0	0	1.002916	192	1
benchmarks/spec2006/400.perlbench.bc	400.perlbench.bc	original	Perl_newAVREF	1	0	0	1.003487	208	1
benchmarks/spec2006/400.perlbench.bc	400.perlbench.bc	original	Perl_newGVREF	1	0	0	1.002605	204	1
benchmarks/spec2006/400.perlbench.bc	400.perlbench.bc	original	Perl_newHVREF	1	0	0	1.003698	1732	1
benchmarks/spec2006/400.perlbench.bc	400.perlbench.bc	original	Perl_oopsCV	1	0	0	1.002285	208	1
benchmarks/spec2006/400.perlbench.bc	400.perlbench.bc	original	Perl_newCVREF	1	0	0	1.001893	204	1
benchmarks/spec2006/400.perlbench.bc	400.perlbench.bc	original	Perl_ck_anoncode	1	0	0	1.003382	180	1
benchmarks/spec2006/400.perlbench.bc	400.perlbench.bc	original	Perl_ck_bitop	1	0	0	2.004444	118820	1
benchmarks/spec2006/400.perlbench.bc	400.perlbench.bc	original	Perl_ck_concat	1	0	0	1.002500	204	1
benchmarks/spec2006/400.perlbench.bc	400.perlbench.bc	original	Perl_ck_spair	1	0	0	1.002537	232	1
benchmarks/spec2006/400.perlbench.bc	400.perlbench.bc	original	Perl_ck_fun	1	-9	1	185.271260	302460	0
benchmarks/spec2006/400.perlbench.bc	400.perlbench.bc	original	S_modkids	1	0	0	1.002006	204	1
benchmarks/spec2006/400.perlbench.bc	400.perlbench.bc	original	S_no_fh_allowed	1	0	0	1.002688	204	1
benchmarks/spec2006/400.perlbench.bc	400.perlbench.bc	original	S_is_handle_constructor	1	0	0	1.003276	200	1
benchmarks/spec2006/400.perlbench.bc	400.perlbench.bc	original	Perl_ck_delete	1	0	0	1.002536	208	1
benchmarks/spec2006/400.perlbench.bc	400.perlbench.bc	original	Perl_ck_die	1	0	0	1.002414	196	1
benchmarks/spec2006/400.perlbench.bc	400.perlbench.bc	original	Perl_ck_eof	1	0	0	1.003665	204	1
benchmarks/spec2006/400.perlbench.bc	400.perlbench.bc	original	Perl_ck_eval	1	0	0	1.003320	196	1
benchmarks/spec2006/400.perlbench.bc	400.perlbench.bc	original	Perl_ck_exit	1	0	0	1.003023	204	1
benchmarks/spec2006/400.perlbench.bc	400.perlbench.bc	original	Perl_ck_exec	1	0	0	1.002450	184	1
benchmarks/spec2006/400.perlbench.bc	400.perlbench.bc	original	Perl_ck_exists	1	0	0	1.001948	168	1
benchmarks/spec2006/400.perlbench.bc	400.perlbench.bc	original	Perl_ck_rvconst	1	0	0	1.002160	204	1
benchmarks/spec2006/400.perlbench.bc	400.perlbench.bc	original	Perl_ck_glob	1	0	0	1.001850	96	1
benchmarks/spec2006/400.perlbench.bc	400.perlbench.bc	original	Perl_ck_grep	1	0	0	1.002140	232	1
benchmarks/spec2006/400.perlbench.bc	400.perlbench.bc	original	Perl_ck_sort	1	0	0	1.002728	180	1
benchmarks/spec2006/400.perlbench.bc	400.perlbench.bc	original	S_simplify_sort	1	0	0	1.002666	232	1
benchmarks/spec2006/400.perlbench.bc	400.perlbench.bc	original	Perl_ck_index	1	0	0	1.002245	204	1
benchmarks/spec2006/400.perlbench.bc	400.perlbench.bc	original	Perl_ck_lengthconst	1	0	0	1.002314	200	1
benchmarks/spec2006/400.perlbench.bc	400.perlbench.bc	original	Perl_ck_lfun	1	0	0	1.002073	200	1
benchmarks/spec2006/400.perlbench.bc	400.perlbench.bc	original	Perl_ck_defined	1	0	0	1.002301	200	1
benchmarks/spec2006/400.perlbench.bc	400.perlbench.bc	original	Perl_ck_rfun	1	0	0	1.002786	204	1
benchmarks/spec2006/400.perlbench.bc	400.perlbench.bc	original	Perl_ck_listiob	1	0	0	1.002729	16	1
benchmarks/spec2006/400.perlbench.bc	400.perlbench.bc	original	Perl_ck_sassign	1	0	0	1.002013	200	1
benchmarks/spec2006/400.perlbench.bc	400.perlbench.bc	original	Perl_ck_match	1	0	0	1.001344	12	1
benchmarks/spec2006/400.perlbench.bc	400.perlbench.bc	original	Perl_ck_method	1	0	0	1.001801	208	1
benchmarks/spec2006/400.perlbench.bc	400.perlbench.bc	original	Perl_ck_null	1	0	0	1.001731	152	1
benchmarks/spec2006/400.perlbench.bc	400.perlbench.bc	original	Perl_ck_open	1	0	0	1.002362	236	1
benchmarks/spec2006/400.perlbench.bc	400.perlbench.bc	original	Perl_ck_repeat	1	0	0	1.002302	204	1
benchmarks/spec2006/400.perlbench.bc	400.perlbench.bc	original	Perl_ck_require	1	0	0	1.002114	176	1
benchmarks/spec2006/400.perlbench.bc	400.perlbench.bc	original	Perl_ck_return	1	0	0	1.002215	236	1
benchmarks/spec2006/400.perlbench.bc	400.perlbench.bc	original	Perl_ck_select	1	0	0	1.002735	232	1
benchmarks/spec2006/400.perlbench.bc	400.perlbench.bc	original	Perl_ck_shift	1	0	0	1.002194	204	1
benchmarks/spec2006/400.perlbench.bc	400.perlbench.bc	original	Perl_ck_split	1	0	0	1.002274	208	1
benchmarks/spec2006/400.perlbench.bc	400.perlbench.bc	original	Perl_ck_join	1	0	0	1.002353	192	1
benchmarks/spec2006/400.perlbench.bc	400.perlbench.bc	original	Perl_ck_svconst	1	0	0	1.002389	236	1
benchmarks/spec2006/400.perlbench.bc	400.perlbench.bc	original	Perl_ck_trunc	1	0	0	1.001582	208	1
benchmarks/spec2006/400.perlbench.bc	400.perlbench.bc	original	Perl_ck_substr	1	0	0	1.002043	204	1
benchmarks/spec2006/400.perlbench.bc	400.perlbench.bc	original	Perl_peep	1	-9	1	185.286831	800860	0
benchmarks/spec2006/400.perlbench.bc	400.perlbench.bc	original	Perl_custom_op_name	1	0	0	1.002414	192	1
benchmarks/spec2006/400.perlbench.bc	400.perlbench.bc	original	Perl_pad_new	1	0	0	1.003158	192	1
benchmarks/spec2006/400.perlbench.bc	400.perlbench.bc	original	Perl_pad_undef	1	0	0	1.002660	192	1
benchmarks/spec2006/400.perlbench.bc	400.perlbench.bc	original	Perl_pad_add_name	1	0	0	1.002626	204	1
benchmarks/spec2006/400.perlbench.bc	400.perlbench.bc	original	Perl_pad_alloc	1	0	0	1.003170	204	1
benchmarks/spec2006/400.perlbench.bc	400.perlbench.bc	original	Perl_pad_reset	1	0	0	1.002629	180	1
benchmarks/spec2006/400.perlbench.bc	400.perlbench.bc	original	Perl_pad_add_anon	1	0	0	1.002727	192	1
benchmarks/spec2006/400.perlbench.bc	400.perlbench.bc	original	Perl_pad_check_dup	1	0	0	2.004323	119608	1
benchmarks/spec2006/400.perlbench.bc	400.perlbench.bc	original	Perl_pad_findmy	1	0	0	1.002703	204	1
benchmarks/spec2006/400.perlbench.bc	400.perlbench.bc	original	S_pad_findlex	1	-9	1	185.265451	156728	0
benchmarks/spec2006/400.perlbench.bc	400.perlbench.bc	original	Perl_pad_sv	1	0	0	1.002381	204	1
benchmarks/spec2006/400.perlbench.bc	400.perlbench.bc	original	Perl_pad_block_start	1	0	0	1.002649	208	1
benchmarks/spec2006/400.perlbench.bc	400.perlbench.bc	original	Perl_intro_my	1	0	0	1.003613	204	1
benchmarks/spec2006/400.perlbench.bc	400.perlbench.bc	original	Perl_pad_leavemy	1	0	0	1.002489	204	1
benchmarks/spec2006/400.perlbench.bc	400.perlbench.bc	original	Perl_pad_swipe	1	0	0	1.002831	240	1
benchmarks/spec2006/400.perlbench.bc	400.perlbench.bc	original	Perl_pad_tidy	1	0	0	1.002812	188	1
benchmarks/spec2006/400.perlbench.bc	400.perlbench.bc	original	Perl_pad_free	1	0	0	1.001943	164	1
benchmarks/spec2006/400.perlbench.bc	400.perlbench.bc	original	Perl_do_dump_pad	1	0	0	1.001992	204	1
benchmarks/spec2006/400.perlbench.bc	400.perlbench.bc	original	Perl_cv_clone	1	0	0	1.001901	184	1
benchmarks/spec2006/400.perlbench.bc	400.perlbench.bc	original	S_cv_clone2	1	0	0	1.003565	64	1
benchmarks/spec2006/400.perlbench.bc	400.perlbench.bc	original	Perl_pad_fixup_inner_anons	1	0	0	1.003022	68	1
benchmarks/spec2006/400.perlbench.bc	400.perlbench.bc	original	Perl_pad_push	1	0	0	1.002529	4	1
benchmarks/spec2006/400.perlbench.bc	400.perlbench.bc	original	perl_alloc	1	0	0	1.001994	204	1
benchmarks/spec2006/400.perlbench.bc	400.perlbench.bc	original	perl_construct	1	0	0	1.003063	208	1
benchmarks/spec2006/400.perlbench.bc	400.perlbench.bc	original	S_init_interp	1	0	0	1.002416	188	1
benchmarks/spec2006/400.perlbench.bc	400.perlbench.bc	original	Perl_init_stacks	1	0	0	1.001898	200	1
benchmarks/spec2006/400.perlbench.bc	400.perlbench.bc	original	S_init_ids	1	0	0	1.001981	188	1
benchmarks/spec2006/400.perlbench.bc	400.perlbench.bc	original	Perl_nothreadhook	1	0	0	1.002621	192	1
benchmarks/spec2006/400.perlbench.bc	400.perlbench.bc	original	perl_destruct	1	0	0	1.002055	200	1
benchmarks/spec2006/400.perlbench.bc	400.perlbench.bc	original	Perl_call_list	1	0	0	1.002232	204	1
benchmarks/spec2006/400.perlbench.bc	400.perlbench.bc	original	S_nuke_stacks	1	0	0	1.002377	204	1
benchmarks/spec2006/400.perlbench.bc	400.perlbench.bc	original	S_call_list_body	1	0	0	1.002527	236	1
benchmarks/spec2006/400.perlbench.bc	400.perlbench.bc	original	S_my_exit_jump	1	0	0	1.002738	204	1
benchmarks/spec2006/400.perlbench.bc	400.perlbench.bc	original	Perl_my_exit	1	0	0	1.002209	208	1
benchmarks/spec2006/400.perlbench.bc	400.perlbench.bc	original	Perl_call_sv	1	0	0	1.002377	204	1
benchmarks/spec2006/400.perlbench.bc	400.perlbench.bc	original	S_call_body	1	0	0	1.002678	204	1
benchmarks/spec2006/400.perlbench.bc	400.perlbench.bc	original	perl_free	1	0	0	1.002470	192	1
benchmarks/spec2006/400.perlbench.bc	400.perlbench.bc	original	Perl_call_atexit	1	0	0	1.002340	184	1
benchmarks/spec2006/400.perlbench.bc	400.perlbench.bc	original	perl_parse	1	0	0	128.185595	129448	1
benchmarks/spec2006/400.perlbench.bc	400.perlbench.bc	original	S_init_postdump_symbols	1	0	0	1.002177	200	1
benchmarks/spec2006/400.perlbench.bc	400.perlbench.bc	original	S_parse_body	1	-9	1	185.274983	253152	0
benchmarks/spec2006/400.perlbench.bc	400.perlbench.bc	original	S_init_main_stash	1	0	0	1.002454	204	1
benchmarks/spec2006/400.perlbench.bc	400.perlbench.bc	original	Perl_moreswitches	1	0	0	1.004163	184	1
benchmarks/spec2006/400.perlbench.bc	400.perlbench.bc	original	S_forbid_setid	1	0	0	1.002273	188	1
benchmarks/spec2006/400.perlbench.bc	400.perlbench.bc	original	read_e_script	1	0	0	1.002306	204	1
benchmarks/spec2006/400.perlbench.bc	400.perlbench.bc	original	S_incpush	1	0	0	1.002682	180	1
benchmarks/spec2006/400.perlbench.bc	400.perlbench.bc	original	S_init_perllib	1	0	0	1.003019	184	1
benchmarks/spec2006/400.perlbench.bc	400.perlbench.bc	original	S_open_script	1	0	0	1.002367	240	1
benchmarks/spec2006/400.perlbench.bc	400.perlbench.bc	original	S_validate_suid	1	0	0	1.003031	84	1
benchmarks/spec2006/400.perlbench.bc	400.perlbench.bc	original	S_find_beginning	1	0	0	1.002369	232	1
benchmarks/spec2006/400.perlbench.bc	400.perlbench.bc	original	S_init_predump_symbols	1	0	0	1.002471	208	1
benchmarks/spec2006/400.perlbench.bc	400.perlbench.bc	original	S_init_lexer	1	0	0	1.003071	196	1
benchmarks/spec2006/400.perlbench.bc	400.perlbench.bc	original	Perl_my_unexec	1	0	0	1.002729	204	1
benchmarks/spec2006/400.perlbench.bc	400.perlbench.bc	original	Perl_get_sv	1	0	0	1.002183	208	1
benchmarks/spec2006/400.perlbench.bc	400.perlbench.bc	original	S_incpush_if_exists	1	0	0	1.003280	204	1
benchmarks/spec2006/400.perlbench.bc	400.perlbench.bc	original	Perl_init_debugger	1	0	0	1.002710	236	1
benchmarks/spec2006/400.perlbench.bc	400.perlbench.bc	original	S_usage	1	0	0	1.002149	204	1
benchmarks/spec2006/400.perlbench.bc	400.perlbench.bc	original	Perl_init_argv_symbols	1	0	0	2.002727	119300	1
benchmarks/spec2006/400.perlbench.bc	400.perlbench.bc	original	Perl_magicname	1	0	0	1.001716	204	1
benchmarks/spec2006/400.perlbench.bc	400.perlbench.bc	original	S_set_caret_X	1	0	0	1.002173	204	1
benchmarks/spec2006/400.perlbench.bc	400.perlbench.bc	original	Perl_get_av	1	0	0	1.002691	200	1
benchmarks/spec2006/400.perlbench.bc	400.perlbench.bc	original	perl_run	1	0	0	1.004073	96	1
benchmarks/spec2006/400.perlbench.bc	400.perlbench.bc	original	S_run_body	1	0	0	1.002794	180	1
benchmarks/spec2006/400.perlbench.bc	400.perlbench.bc	original	Perl_get_hv	1	0	0	1.002080	208	1
benchmarks/spec2006/400.perlbench.bc	400.perlbench.bc	original	Perl_get_cv	1	0	0	1.002290	208	1
benchmarks/spec2006/400.perlbench.bc	400.perlbench.bc	original	Perl_call_argv	1	0	0	1.001979	180	1
benchmarks/spec2006/400.perlbench.bc	400.perlbench.bc	original	Perl_call_pv	1	0	0	1.001985	208	1
benchmarks/spec2006/400.perlbench.bc	400.perlbench.bc	original	Perl_call_method	1	0	0	1.002243	196	1
benchmarks/spec2006/400.perlbench.bc	400.perlbench.bc	original	Perl_eval_sv	1	0	0	1.002290	232	1
benchmarks/spec2006/400.perlbench.bc	400.perlbench.bc	original	Perl_eval_pv	1	0	0	1.002092	232	1
benchmarks/spec2006/400.perlbench.bc	400.perlbench.bc	original	Perl_require_pv	1	0	0	1.002485	236	1
benchmarks/spec2006/400.perlbench.bc	400.perlbench.bc	original	Perl_doing_taint	1	0	0	1.002842	196	1
benchmarks/spec2006/400.perlbench.bc	400.perlbench.bc	original	Perl_my_failure_exit	1	0	0	1.003661	204	1
benchmarks/spec2006/400.perlbench.bc	400.perlbench.bc	original	PerlIOBuf_pushed	1	0	0	1.002276	236	1
benchmarks/spec2006/400.perlbench.bc	400.perlbench.bc	original	PerlIOBuf_popped	1	0	0	1.002706	184	1
benchmarks/spec2006/400.perlbench.bc	400.perlbench.bc	original	PerlIOBuf_open	1	0	0	1.002088	196	1
benchmarks/spec2006/400.perlbench.bc	400.perlbench.bc	original	PerlIOBase_binmode	1	0	0	1.003448	96	1
benchmarks/spec2006/400.perlbench.bc	400.perlbench.bc	original	PerlIOBase_fileno	1	0	0	1.002397	180	1
benchmarks/spec2006/400.perlbench.bc	400.perlbench.bc	original	PerlIOBuf_dup	1	0	0	1.002328	224	1
benchmarks/spec2006/400.perlbench.bc	400.perlbench.bc	original	PerlIOBuf_read	1	0	0	1.003390	204	1
benchmarks/spec2006/400.perlbench.bc	400.perlbench.bc	original	PerlIOBuf_unread	1	0	0	1.003273	204	1
benchmarks/spec2006/400.perlbench.bc	400.perlbench.bc	original	PerlIOBuf_write	1	0	0	1.002506	180	1
benchmarks/spec2006/400.perlbench.bc	400.perlbench.bc	original	PerlIOBuf_seek	1	0	0	1.002164	204	1
benchmarks/spec2006/400.perlbench.bc	400.perlbench.bc	original	PerlIOBuf_tell	1	0	0	1.002221	184	1
benchmarks/spec2006/400.perlbench.bc	400.perlbench.bc	original	PerlIOBuf_close	1	0	0	1.002350	184	1
benchmarks/spec2006/400.perlbench.bc	400.perlbench.bc	original	PerlIOBuf_flush	1	0	0	1.002667	204	1
benchmarks/spec2006/400.perlbench.bc	400.perlbench.bc	original	PerlIOBuf_fill	1	0	0	1.002973	200	1
benchmarks/spec2006/400.perlbench.bc	400.perlbench.bc	original	PerlIOBase_eof	1	0	0	1.002632	204	1
benchmarks/spec2006/400.perlbench.bc	400.perlbench.bc	original	PerlIOBase_error	1	0	0	1.002472	192	1
benchmarks/spec2006/400.perlbench.bc	400.perlbench.bc	original	PerlIOBase_clearerr	1	0	0	1.003251	728	1
benchmarks/spec2006/400.perlbench.bc	400.perlbench.bc	original	PerlIOBase_setlinebuf	1	0	0	1.002152	204	1
benchmarks/spec2006/400.perlbench.bc	400.perlbench.bc	original	PerlIOBuf_get_base	1	0	0	1.002719	232	1
benchmarks/spec2006/400.perlbench.bc	400.perlbench.bc	original	PerlIOBuf_bufsiz	1	0	0	1.002799	208	1
benchmarks/spec2006/400.perlbench.bc	400.perlbench.bc	original	PerlIOBuf_get_ptr	1	0	0	1.002726	200	1
benchmarks/spec2006/400.perlbench.bc	400.perlbench.bc	original	PerlIOBuf_get_cnt	1	0	0	1.002806	232	1
benchmarks/spec2006/400.perlbench.bc	400.perlbench.bc	original	PerlIOBuf_set_ptrcnt	1	0	0	1.002364	204	1
benchmarks/spec2006/400.perlbench.bc	400.perlbench.bc	original	Perl_PerlIO_get_base	1	0	0	1.003270	200	1
benchmarks/spec2006/400.perlbench.bc	400.perlbench.bc	original	Perl_PerlIO_get_cnt	1	0	0	1.001922	180	1
benchmarks/spec2006/400.perlbench.bc	400.perlbench.bc	original	Perl_PerlIO_clearerr	1	0	0	1.002414	204	1
benchmarks/spec2006/400.perlbench.bc	400.perlbench.bc	original	Perl_PerlIO_flush	1	0	0	1.002489	204	1
benchmarks/spec2006/400.perlbench.bc	400.perlbench.bc	original	PerlIOBase_flush_linebuf	1	0	0	1.002153	204	1
benchmarks/spec2006/400.perlbench.bc	400.perlbench.bc	original	PerlIO_fast_gets	1	0	0	1.001675	112	1
benchmarks/spec2006/400.perlbench.bc	400.perlbench.bc	original	Perl_PerlIO_fill	1	0	0	1.000874	204	1
benchmarks/spec2006/400.perlbench.bc	400.perlbench.bc	original	Perl_PerlIO_error	1	0	0	1.001864	204	1
benchmarks/spec2006/400.perlbench.bc	400.perlbench.bc	original	Perl_PerlIO_eof	1	0	0	1.001942	72	1
benchmarks/spec2006/400.perlbench.bc	400.perlbench.bc	original	Perl_PerlIO_get_ptr	1	0	0	1.001980	184	1
benchmarks/spec2006/400.perlbench.bc	400.perlbench.bc	original	Perl_PerlIO_set_ptrcnt	1	0	0	1.001871	200	1
benchmarks/spec2006/400.perlbench.bc	400.perlbench.bc	original	Perl_PerlIO_read	1	0	0	1.002118	188	1
benchmarks/spec2006/400.perlbench.bc	400.perlbench.bc	original	PerlIOBase_read	1	0	0	1.002265	196	1
benchmarks/spec2006/400.perlbench.bc	400.perlbench.bc	original	PerlIO_debug	1	0	0	1.001920	204	1
benchmarks/spec2006/400.perlbench.bc	400.perlbench.bc	original	Perl_PerlIO_write	1	0	0	1.002253	188	1
benchmarks/spec2006/400.perlbench.bc	400.perlbench.bc	original	Perl_PerlIO_seek	1	0	0	1.002064	208	1
benchmarks/spec2006/400.perlbench.bc	400.perlbench.bc	original	Perl_PerlIO_tell	1	0	0	1.003187	208	1
benchmarks/spec2006/400.perlbench.bc	400.perlbench.bc	original	PerlIOBase_close	1	0	0	1.002160	88	1
benchmarks/spec2006/400.perlbench.bc	400.perlbench.bc	original	PerlIOBase_unread	1	0	0	1.002172	204	1
benchmarks/spec2006/400.perlbench.bc	400.perlbench.bc	original	PerlIO_push	1	0	0	1.002143	196	1
benchmarks/spec2006/400.perlbench.bc	400.perlbench.bc	original	PerlIO_pop	1	0	0	1.002080	208	1
benchmarks/spec2006/400.perlbench.bc	400.perlbench.bc	original	PerlIOPending_pushed	1	0	0	1.002242	176	1
benchmarks/spec2006/400.perlbench.bc	400.perlbench.bc	original	PerlIOPending_read	1	0	0	1.002515	180	1
benchmarks/spec2006/400.perlbench.bc	400.perlbench.bc	original	PerlIOPending_seek	1	0	0	1.002370	208	1
benchmarks/spec2006/400.perlbench.bc	400.perlbench.bc	original	PerlIOPending_close	1	0	0	1.002538	200	1
benchmarks/spec2006/400.perlbench.bc	400.perlbench.bc	original	PerlIOPending_flush	1	0	0	1.002337	56	1
benchmarks/spec2006/400.perlbench.bc	400.perlbench.bc	original	PerlIOPending_fill	1	0	0	1.002521	204	1
benchmarks/spec2006/400.perlbench.bc	400.perlbench.bc	original	PerlIOPending_set_ptrcnt	1	0	0	1.002867	208	1
benchmarks/spec2006/400.perlbench.bc	400.perlbench.bc	original	Perl_PerlIO_close	1	0	0	1.002475	200	1
benchmarks/spec2006/400.perlbench.bc	400.perlbench.bc	original	PerlIO__close	1	0	0	1.002453	208	1
benchmarks/spec2006/400.perlbench.bc	400.perlbench.bc	original	PerlIOBase_pushed	1	0	0	1.002695	180	1
benchmarks/spec2006/400.perlbench.bc	400.perlbench.bc	original	PerlIOBase_dup	1	0	0	1.002790	236	1
benchmarks/spec2006/400.perlbench.bc	400.perlbench.bc	original	PerlIO_modestr	1	0	0	1.003106	204	1
benchmarks/spec2006/400.perlbench.bc	400.perlbench.bc	original	Perl_PerlIO_fileno	1	0	0	1.002576	204	1
benchmarks/spec2006/400.perlbench.bc	400.perlbench.bc	original	PerlIO_layer_fetch	1	0	0	1.002936	204	1
benchmarks/spec2006/400.perlbench.bc	400.perlbench.bc	original	PerlIO_arg_fetch	1	0	0	1.002542	180	1
benchmarks/spec2006/400.perlbench.bc	400.perlbench.bc	original	PerlIO_default_layer	1	0	0	1.002980	200	1
benchmarks/spec2006/400.perlbench.bc	400.perlbench.bc	original	PerlIO_default_layers	1	0	0	1.003451	204	1
benchmarks/spec2006/400.perlbench.bc	400.perlbench.bc	original	PerlIOStdio_pushed	1	0	0	1.004218	188	1
benchmarks/spec2006/400.perlbench.bc	400.perlbench.bc	original	PerlIOBase_popped	1	0	0	1.002216	176	1
benchmarks/spec2006/400.perlbench.bc	400.perlbench.bc	original	PerlIOStdio_open	1	0	0	1.001835	204	1
benchmarks/spec2006/400.perlbench.bc	400.perlbench.bc	original	PerlIOStdio_fileno	1	0	0	1.002270	240	1
benchmarks/spec2006/400.perlbench.bc	400.perlbench.bc	original	PerlIOStdio_dup	1	0	0	1.003168	204	1
benchmarks/spec2006/400.perlbench.bc	400.perlbench.bc	original	PerlIOStdio_read	1	0	0	1.002524	180	1
benchmarks/spec2006/400.perlbench.bc	400.perlbench.bc	original	PerlIOStdio_unread	1	0	0	1.002647	184	1
benchmarks/spec2006/400.perlbench.bc	400.perlbench.bc	original	PerlIOStdio_write	1	0	0	1.003208	204	1
benchmarks/spec2006/400.perlbench.bc	400.perlbench.bc	original	PerlIOStdio_seek	1	0	0	1.002350	204	1
benchmarks/spec2006/400.perlbench.bc	400.perlbench.bc	original	PerlIOStdio_tell	1	0	0	1.003357	772	1
benchmarks/spec2006/400.perlbench.bc	400.perlbench.bc	original	PerlIOStdio_close	1	0	0	1.004071	236	1
benchmarks/spec2006/400.perlbench.bc	400.perlbench.bc	original	PerlIOStdio_flush	1	0	0	1.002828	184	1
benchmarks/spec2006/400.perlbench.bc	400.perlbench.bc	original	PerlIOStdio_fill	1	0	0	1.002556	208	1
benchmarks/spec2006/400.perlbench.bc	400.perlbench.bc	original	PerlIOStdio_eof	1	0	0	1.002443	192	1
benchmarks/spec2006/400.perlbench.bc	400.perlbench.bc	original	PerlIOStdio_error	1	0	0	1.002705	196	1
benchmarks/spec2006/400.perlbench.bc	400.perlbench.bc	original	PerlIOStdio_clearerr	1	0	0	1.002454	204	1
benchmarks/spec2006/400.perlbench.bc	400.perlbench.bc	original	PerlIOStdio_setlinebuf	1	0	0	1.002681	180	1
benchmarks/spec2006/400.perlbench.bc	400.perlbench.bc	original	PerlIOStdio_get_base	1	0	0	1.002811	180	1
benchmarks/spec2006/400.perlbench.bc	400.perlbench.bc	original	PerlIOStdio_get_bufsiz	1	0	0	1.002748	204	1
benchmarks/spec2006/400.perlbench.bc	400.perlbench.bc	original	PerlIOStdio_get_ptr	1	0	0	1.003583	4	1
benchmarks/spec2006/400.perlbench.bc	400.perlbench.bc	original	PerlIOStdio_get_cnt	1	0	0	1.002691	192	1
benchmarks/spec2006/400.perlbench.bc	400.perlbench.bc	original	PerlIOUnix_refcnt_dec	1	0	0	1.002456	208	1
benchmarks/spec2006/400.perlbench.bc	400.perlbench.bc	original	PerlIOStdio_invalidate_fileno	1	0	0	1.002171	196	1
benchmarks/spec2006/400.perlbench.bc	400.perlbench.bc	original	PerlIO_has_cntptr	1	0	0	1.002321	196	1
benchmarks/spec2006/400.perlbench.bc	400.perlbench.bc	original	PerlIOUnix_refcnt_inc	1	0	0	1.002902	180	1
benchmarks/spec2006/400.perlbench.bc	400.perlbench.bc	original	PerlIOStdio_mode	1	0	0	1.002864	192	1
benchmarks/spec2006/400.perlbench.bc	400.perlbench.bc	original	PerlIO_allocate	1	0	0	1.002354	204	1
benchmarks/spec2006/400.perlbench.bc	400.perlbench.bc	original	PerlIO_list_alloc	1	0	0	1.002079	204	1
benchmarks/spec2006/400.perlbench.bc	400.perlbench.bc	original	PerlIO_define_layer	1	0	0	1.002518	204	1
benchmarks/spec2006/400.perlbench.bc	400.perlbench.bc	original	PerlIO_find_layer	1	0	0	1.002762	204	1
benchmarks/spec2006/400.perlbench.bc	400.perlbench.bc	original	PerlIO_list_push	1	0	0	1.003027	192	1
benchmarks/spec2006/400.perlbench.bc	400.perlbench.bc	original	PerlIO_parse_layers	1	-9	1	185.278833	143132	0
benchmarks/spec2006/400.perlbench.bc	400.perlbench.bc	original	PerlIO_default_buffer	1	0	0	1.002399	176	1
benchmarks/spec2006/400.perlbench.bc	400.perlbench.bc	original	PerlIOUtf8_pushed	1	0	0	1.003028	232	1
benchmarks/spec2006/400.perlbench.bc	400.perlbench.bc	original	PerlIOPop_pushed	1	0	0	1.002360	204	1
benchmarks/spec2006/400.perlbench.bc	400.perlbench.bc	original	PerlIOCrlf_pushed	1	0	0	1.002707	196	1
benchmarks/spec2006/400.perlbench.bc	400.perlbench.bc	original	PerlIOCrlf_binmode	1	0	0	1.002675	204	1
benchmarks/spec2006/400.perlbench.bc	400.perlbench.bc	original	PerlIOCrlf_unread	1	0	0	1.002690	204	1
benchmarks/spec2006/400.perlbench.bc	400.perlbench.bc	original	PerlIOCrlf_write	1	0	0	1.002170	140	1
benchmarks/spec2006/400.perlbench.bc	400.perlbench.bc	original	PerlIOCrlf_flush	1	0	0	1.002224	180	1
benchmarks/spec2006/400.perlbench.bc	400.perlbench.bc	original	PerlIOCrlf_get_cnt	1	0	0	2.004025	119004	1
benchmarks/spec2006/400.perlbench.bc	400.perlbench.bc	original	PerlIOCrlf_set_ptrcnt	1	0	0	1.002578	236	1
benchmarks/spec2006/400.perlbench.bc	400.perlbench.bc	original	PerlIORaw_pushed	1	0	0	1.002822	188	1
benchmarks/spec2006/400.perlbench.bc	400.perlbench.bc	original	PerlIORaw_open	1	0	0	1.003327	208	1
benchmarks/spec2006/400.perlbench.bc	400.perlbench.bc	original	PerlIOUnix_pushed	1	0	0	1.002458	204	1
benchmarks/spec2006/400.perlbench.bc	400.perlbench.bc	original	PerlIOUnix_open	1	0	0	1.002081	204	1
benchmarks/spec2006/400.perlbench.bc	400.perlbench.bc	original	PerlIOUnix_fileno	1	0	0	1.002403	192	1
benchmarks/spec2006/400.perlbench.bc	400.perlbench.bc	original	PerlIOUnix_dup	1	0	0	1.001685	208	1
benchmarks/spec2006/400.perlbench.bc	400.perlbench.bc	original	PerlIOUnix_read	1	0	0	1.001939	192	1
benchmarks/spec2006/400.perlbench.bc	400.perlbench.bc	original	PerlIOUnix_write	1	0	0	1.001784	204	1
benchmarks/spec2006/400.perlbench.bc	400.perlbench.bc	original	PerlIOUnix_seek	1	0	0	1.002058	200	1
benchmarks/spec2006/400.perlbench.bc	400.perlbench.bc	original	PerlIOUnix_tell	1	0	0	1.001992	204	1
benchmarks/spec2006/400.perlbench.bc	400.perlbench.bc	original	PerlIOUnix_close	1	0	0	1.002306	204	1
benchmarks/spec2006/400.perlbench.bc	400.perlbench.bc	original	PerlIOBase_noop_ok	1	0	0	1.002331	208	1
benchmarks/spec2006/400.perlbench.bc	400.perlbench.bc	original	PerlIOBase_noop_fail	1	0	0	1.001987	208	1
benchmarks/spec2006/400.perlbench.bc	400.perlbench.bc	original	PerlIOUnix_setfd	1	0	0	1.002046	208	1
benchmarks/spec2006/400.perlbench.bc	400.perlbench.bc	original	PerlIOUnix_oflags	1	0	0	1.002213	200	1
benchmarks/spec2006/400.perlbench.bc	400.perlbench.bc	original	perlsio_binmode	1	0	0	1.001853	188	1
benchmarks/spec2006/400.perlbench.bc	400.perlbench.bc	original	PerlIO_intmode2str	1	0	0	1.002233	176	1
benchmarks/spec2006/400.perlbench.bc	400.perlbench.bc	original	PerlIO_fdupopen	1	0	0	1.002349	208	1
benchmarks/spec2006/400.perlbench.bc	400.perlbench.bc	original	PerlIO_cleantable	1	0	0	1.002031	180	1
benchmarks/spec2006/400.perlbench.bc	400.perlbench.bc	original	PerlIO_list_free	1	0	0	1.002456	184	1
benchmarks/spec2006/400.perlbench.bc	400.perlbench.bc	original	PerlIO_clone_list	1	0	0	1.002173	196	1
benchmarks/spec2006/400.perlbench.bc	400.perlbench.bc	original	PerlIO_sv_dup	1	0	0	1.001911	204	1
benchmarks/spec2006/400.perlbench.bc	400.perlbench.bc	original	PerlIO_clone	1	0	0	1.001517	188	1
benchmarks/spec2006/400.perlbench.bc	400.perlbench.bc	original	PerlIO_destruct	1	0	0	1.002063	204	1
benchmarks/spec2006/400.perlbench.bc	400.perlbench.bc	original	PerlIO_get_layers	1	0	0	1.002207	232	1
benchmarks/spec2006/400.perlbench.bc	400.perlbench.bc	original	PerlIO_tab_sv	1	0	0	1.001902	188	1
benchmarks/spec2006/400.perlbench.bc	400.perlbench.bc	original	XS_PerlIO__Layer__NoWarnings	1	0	0	1.001170	176	1
benchmarks/spec2006/400.perlbench.bc	400.perlbench.bc	original	XS_PerlIO__Layer__find	1	0	0	1.001944	188	1
benchmarks/spec2006/400.perlbench.bc	400.perlbench.bc	original	Perl_boot_core_PerlIO	1	0	0	1.002386	164	1
benchmarks/spec2006/400.perlbench.bc	400.perlbench.bc	original	PerlIO_stdstreams	1	0	0	1.002085	180	1
benchmarks/spec2006/400.perlbench.bc	400.perlbench.bc	original	PerlIO_fdopen	1	0	0	1.002074	192	1
benchmarks/spec2006/400.perlbench.bc	400.perlbench.bc	original	PerlIO_openn	1	0	0	2.004011	119140	1
benchmarks/spec2006/400.perlbench.bc	400.perlbench.bc	original	PerlIO_tmpfile	1	0	0	1.002685	176	1
benchmarks/spec2006/400.perlbench.bc	400.perlbench.bc	original	PerlIO_context_layers	1	0	0	1.002839	204	1
benchmarks/spec2006/400.perlbench.bc	400.perlbench.bc	original	PerlIO_apply_layers	1	0	0	1.003596	204	1
benchmarks/spec2006/400.perlbench.bc	400.perlbench.bc	original	PerlIO_resolve_layers	1	0	0	1.003304	208	1
benchmarks/spec2006/400.perlbench.bc	400.perlbench.bc	original	PerlIO_apply_layera	1	0	0	1.002716	240	1
benchmarks/spec2006/400.perlbench.bc	400.perlbench.bc	original	PerlIO_layer_from_ref	1	0	0	1.002788	236	1
benchmarks/spec2006/400.perlbench.bc	400.perlbench.bc	original	PerlIO_binmode	1	0	0	1.003336	188	1
benchmarks/spec2006/400.perlbench.bc	400.perlbench.bc	original	Perl_PerlIO_unread	1	0	0	1.002649	204	1
benchmarks/spec2006/400.perlbench.bc	400.perlbench.bc	original	PerlIO_isutf8	1	0	0	1.002411	208	1
benchmarks/spec2006/400.perlbench.bc	400.perlbench.bc	original	Perl_PerlIO_setlinebuf	1	0	0	1.002511	188	1
benchmarks/spec2006/400.perlbench.bc	400.perlbench.bc	original	PerlIO_has_base	1	0	0	1.002687	204	1
benchmarks/spec2006/400.perlbench.bc	400.perlbench.bc	original	PerlIO_canset_cnt	1	0	0	1.002830	204	1
benchmarks/spec2006/400.perlbench.bc	400.perlbench.bc	original	Perl_PerlIO_get_bufsiz	1	0	0	1.003527	204	1
benchmarks/spec2006/400.perlbench.bc	400.perlbench.bc	original	Perl_PerlIO_set_cnt	1	0	0	1.002573	236	1
benchmarks/spec2006/400.perlbench.bc	400.perlbench.bc	original	PerlIO_init	1	0	0	1.002173	196	1
benchmarks/spec2006/400.perlbench.bc	400.perlbench.bc	original	PerlIO_cleanup	1	0	0	1.002612	208	1
benchmarks/spec2006/400.perlbench.bc	400.perlbench.bc	original	PerlIO_importFILE	1	0	0	1.002583	208	1
benchmarks/spec2006/400.perlbench.bc	400.perlbench.bc	original	PerlIOStdio_set_ptrcnt	1	0	0	1.002316	200	1
benchmarks/spec2006/400.perlbench.bc	400.perlbench.bc	original	PerlIO_exportFILE	1	0	0	1.002516	236	1
benchmarks/spec2006/400.perlbench.bc	400.perlbench.bc	original	PerlIO_findFILE	1	0	0	1.002729	204	1
benchmarks/spec2006/400.perlbench.bc	400.perlbench.bc	original	PerlIO_releaseFILE	1	0	0	1.003730	232	1
benchmarks/spec2006/400.perlbench.bc	400.perlbench.bc	original	Perl_PerlIO_stdin	1	0	0	1.002644	208	1
benchmarks/spec2006/400.perlbench.bc	400.perlbench.bc	original	Perl_PerlIO_stdout	1	0	0	1.002726	204	1
benchmarks/spec2006/400.perlbench.bc	400.perlbench.bc	original	Perl_PerlIO_stderr	1	0	0	1.003727	204	1
benchmarks/spec2006/400.perlbench.bc	400.perlbench.bc	original	PerlIO_getname	1	0	0	1.003580	196	1
benchmarks/spec2006/400.perlbench.bc	400.perlbench.bc	original	PerlIO_open	1	0	0	1.003431	192	1
benchmarks/spec2006/400.perlbench.bc	400.perlbench.bc	original	PerlIO_reopen	1	0	0	1.003018	204	1
benchmarks/spec2006/400.perlbench.bc	400.perlbench.bc	original	PerlIO_getc	1	0	0	1.003273	200	1
benchmarks/spec2006/400.perlbench.bc	400.perlbench.bc	original	PerlIO_ungetc	1	0	0	1.002953	204	1
benchmarks/spec2006/400.perlbench.bc	400.perlbench.bc	original	PerlIO_putc	1	0	0	1.002336	204	1
benchmarks/spec2006/400.perlbench.bc	400.perlbench.bc	original	PerlIO_puts	1	0	0	1.002434	204	1
benchmarks/spec2006/400.perlbench.bc	400.perlbench.bc	original	PerlIO_rewind	1	0	0	1.002127	232	1
benchmarks/spec2006/400.perlbench.bc	400.perlbench.bc	original	PerlIO_vprintf	1	0	0	1.002803	208	1
benchmarks/spec2006/400.perlbench.bc	400.perlbench.bc	original	PerlIO_printf	1	0	0	1.003483	204	1
benchmarks/spec2006/400.perlbench.bc	400.perlbench.bc	original	PerlIO_stdoutf	1	0	0	1.003176	208	1
benchmarks/spec2006/400.perlbench.bc	400.perlbench.bc	original	PerlIO_setpos	1	0	0	1.002750	180	1
benchmarks/spec2006/400.perlbench.bc	400.perlbench.bc	original	PerlIO_getpos	1	0	0	1.002740	204	1
benchmarks/spec2006/400.perlbench.bc	400.perlbench.bc	original	PerlIO_vsprintf	1	0	0	1.002157	208	1
benchmarks/spec2006/400.perlbench.bc	400.perlbench.bc	original	PerlIO_sprintf	1	0	0	1.002456	164	1
benchmarks/spec2006/400.perlbench.bc	400.perlbench.bc	original	main	1	0	0	1.002091	196	1
benchmarks/spec2006/400.perlbench.bc	400.perlbench.bc	original	xs_init	1	0	0	1.002151	184	1
benchmarks/spec2006/400.perlbench.bc	400.perlbench.bc	original	Perl_yyparse	1	-9	1	185.317993	2507072	0
benchmarks/spec2006/400.perlbench.bc	400.perlbench.bc	original	yydestruct	1	0	0	1.001977	200	1
benchmarks/spec2006/400.perlbench.bc	400.perlbench.bc	original	Perl_pp_stub	1	0	0	1.001905	168	1
benchmarks/spec2006/400.perlbench.bc	400.perlbench.bc	original	Perl_pp_scalar	1	0	0	1.001871	204	1
benchmarks/spec2006/400.perlbench.bc	400.perlbench.bc	original	Perl_pp_padav	1	0	0	1.002077	204	1
benchmarks/spec2006/400.perlbench.bc	400.perlbench.bc	original	Perl_pp_padhv	1	0	0	1.002133	208	1
benchmarks/spec2006/400.perlbench.bc	400.perlbench.bc	original	Perl_pp_padany	1	0	0	1.002293	204	1
benchmarks/spec2006/400.perlbench.bc	400.perlbench.bc	original	Perl_pp_rv2gv	1	0	0	3.004378	125720	1
benchmarks/spec2006/400.perlbench.bc	400.perlbench.bc	original	Perl_pp_rv2sv	1	0	0	2.003281	119184	1
benchmarks/spec2006/400.perlbench.bc	400.perlbench.bc	original	Perl_pp_av2arylen	1	0	0	1.002673	200	1
benchmarks/spec2006/400.perlbench.bc	400.perlbench.bc	original	Perl_pp_pos	1	0	0	1.001970	204	1
benchmarks/spec2006/400.perlbench.bc	400.perlbench.bc	original	Perl_pp_rv2cv	1	0	0	1.001970	208	1
benchmarks/spec2006/400.perlbench.bc	400.perlbench.bc	original	Perl_pp_prototype	1	0	0	3.006395	118636	1
benchmarks/spec2006/400.perlbench.bc	400.perlbench.bc	original	Perl_pp_anoncode	1	0	0	1.002898	240	1
benchmarks/spec2006/400.perlbench.bc	400.perlbench.bc	original	Perl_pp_srefgen	1	0	0	1.002601	208	1
benchmarks/spec2006/400.perlbench.bc	400.perlbench.bc	original	S_refto	1	0	0	1.002718	200	1
benchmarks/spec2006/400.perlbench.bc	400.perlbench.bc	original	Perl_pp_refgen	1	0	0	1.002180	204	1
benchmarks/spec2006/400.perlbench.bc	400.perlbench.bc	original	Perl_pp_ref	1	0	0	1.002914	204	1
benchmarks/spec2006/400.perlbench.bc	400.perlbench.bc	original	Perl_pp_bless	1	0	0	1.003323	176	1
benchmarks/spec2006/400.perlbench.bc	400.perlbench.bc	original	Perl_pp_gelem	1	0	0	1.003761	200	1
benchmarks/spec2006/400.perlbench.bc	400.perlbench.bc	original	Perl_pp_study	1	0	0	1.004155	356	1
benchmarks/spec2006/400.perlbench.bc	400.perlbench.bc	original	Perl_pp_trans	1	0	0	1.003542	4	1
benchmarks/spec2006/400.perlbench.bc	400.perlbench.bc	original	Perl_pp_schop	1	0	0	1.002202	208	1
benchmarks/spec2006/400.perlbench.bc	400.perlbench.bc	original	Perl_pp_chop	1	0	0	1.002614	208	1
benchmarks/spec2006/400.perlbench.bc	400.perlbench.bc	original	Perl_pp_schomp	1	0	0	1.003025	196	1
benchmarks/spec2006/400.perlbench.bc	400.perlbench.bc	original	Perl_pp_chomp	1	0	0	1.003579	204	1
benchmarks/spec2006/400.perlbench.bc	400.perlbench.bc	original	Perl_pp_defined	1	0	0	1.003586	180	1
benchmarks/spec2006/400.perlbench.bc	400.perlbench.bc	original	Perl_pp_undef	1	0	0	1.002599	180	1
benchmarks/spec2006/400.perlbench.bc	400.perlbench.bc	original	Perl_pp_predec	1	0	0	1.002157	208	1
benchmarks/spec2006/400.perlbench.bc	400.perlbench.bc	original	Perl_pp_postinc	1	0	0	1.003057	240	1
benchmarks/spec2006/400.perlbench.bc	400.perlbench.bc	original	Perl_pp_postdec	1	0	0	1.002557	204	1
benchmarks/spec2006/400.perlbench.bc	400.perlbench.bc	original	Perl_pp_pow	1	-9	1	185.273236	144492	0
benchmarks/spec2006/400.perlbench.bc	400.perlbench.bc	original	Perl_pp_multiply	1	0	0	1.003109	204	1
benchmarks/spec2006/400.perlbench.bc	400.perlbench.bc	original	Perl_pp_divide	1	0	0	1.003609	204	1
benchmarks/spec2006/400.perlbench.bc	400.perlbench.bc	original	Perl_pp_modulo	1	0	0	1.003914	208	1
benchmarks/spec2006/400.perlbench.bc	400.perlbench.bc	original	Perl_pp_repeat	1	0	0	1.004459	208	1
benchmarks/spec2006/400.perlbench.bc	400.perlbench.bc	original	Perl_pp_subtract	1	0	0	1.004002	176	1
benchmarks/spec2006/400.perlbench.bc	400.perlbench.bc	original	Perl_pp_left_shift	1	0	0	1.003343	204	1
benchmarks/spec2006/400.perlbench.bc	400.perlbench.bc	original	Perl_pp_right_shift	1	0	0	1.002954	232	1
benchmarks/spec2006/400.perlbench.bc	400.perlbench.bc	original	Perl_pp_lt	1	0	0	1.004966	180	1
benchmarks/spec2006/400.perlbench.bc	400.perlbench.bc	original	Perl_pp_gt	1	0	0	1.003314	176	1
benchmarks/spec2006/400.perlbench.bc	400.perlbench.bc	original	Perl_pp_le	1	0	0	1.004450	204	1
benchmarks/spec2006/400.perlbench.bc	400.perlbench.bc	original	Perl_pp_ge	1	0	0	1.003195	204	1
benchmarks/spec2006/400.perlbench.bc	400.perlbench.bc	original	Perl_pp_ne	1	0	0	1.003590	164	1
benchmarks/spec2006/400.perlbench.bc	400.perlbench.bc	original	Perl_pp_ncmp	1	0	0	1.004983	208	1
benchmarks/spec2006/400.perlbench.bc	400.perlbench.bc	original	Perl_pp_slt	1	0	0	1.003732	200	1
benchmarks/spec2006/400.perlbench.bc	400.perlbench.bc	original	Perl_pp_sgt	1	0	0	1.004199	204	1
benchmarks/spec2006/400.perlbench.bc	400.perlbench.bc	original	Perl_pp_sle	1	0	0	1.003670	164	1
benchmarks/spec2006/400.perlbench.bc	400.perlbench.bc	original	Perl_pp_sge	1	0	0	1.004072	204	1
benchmarks/spec2006/400.perlbench.bc	400.perlbench.bc	original	Perl_pp_seq	1	0	0	1.004726	208	1
benchmarks/spec2006/400.perlbench.bc	400.perlbench.bc	original	Perl_pp_sne	1	0	0	1.005002	232	1
benchmarks/spec2006/400.perlbench.bc	400.perlbench.bc	original	Perl_pp_scmp	1	0	0	1.003049	176	1
benchmarks/spec2006/400.perlbench.bc	400.perlbench.bc	original	Perl_pp_bit_and	1	0	0	1.004591	180	1
benchmarks/spec2006/400.perlbench.bc	400.perlbench.bc	original	Perl_pp_bit_xor	1	0	0	1.005657	200	1
benchmarks/spec2006/400.perlbench.bc	400.perlbench.bc	original	Perl_pp_bit_or	1	0	0	1.004152	204	1
benchmarks/spec2006/400.perlbench.bc	400.perlbench.bc	original	Perl_pp_negate	1	-9	1	185.271766	155772	0
benchmarks/spec2006/400.perlbench.bc	400.perlbench.bc	original	Perl_pp_not	1	0	0	1.003489	232	1
benchmarks/spec2006/400.perlbench.bc	400.perlbench.bc	original	Perl_pp_complement	1	0	0	1.003546	208	1
benchmarks/spec2006/400.perlbench.bc	400.perlbench.bc	original	Perl_pp_i_multiply	1	0	0	1.002680	204	1
benchmarks/spec2006/400.perlbench.bc	400.perlbench.bc	original	Perl_pp_i_divide	1	0	0	1.002864	200	1
benchmarks/spec2006/400.perlbench.bc	400.perlbench.bc	original	Perl_pp_i_modulo	1	0	0	1.003648	168	1
benchmarks/spec2006/400.perlbench.bc	400.perlbench.bc	original	Perl_pp_i_modulo_0	1	0	0	1.004546	180	1
benchmarks/spec2006/400.perlbench.bc	400.perlbench.bc	original	Perl_pp_i_modulo_1	1	0	0	1.002323	204	1
benchmarks/spec2006/400.perlbench.bc	400.perlbench.bc	original	Perl_pp_i_add	1	0	0	1.003233	204	1
benchmarks/spec2006/400.perlbench.bc	400.perlbench.bc	original	Perl_pp_i_subtract	1	0	0	1.003927	200	1
benchmarks/spec2006/400.perlbench.bc	400.perlbench.bc	original	Perl_pp_i_lt	1	0	0	1.003804	192	1
benchmarks/spec2006/400.perlbench.bc	400.perlbench.bc	original	Perl_pp_i_gt	1	0	0	1.002665	204	1
benchmarks/spec2006/400.perlbench.bc	400.perlbench.bc	original	Perl_pp_i_le	1	0	0	1.003388	180	1
benchmarks/spec2006/400.perlbench.bc	400.perlbench.bc	original	Perl_pp_i_ge	1	0	0	1.003683	204	1
benchmarks/spec2006/400.perlbench.bc	400.perlbench.bc	original	Perl_pp_i_eq	1	0	0	1.004779	204	1
benchmarks/spec2006/400.perlbench.bc	400.perlbench.bc	original	Perl_pp_i_ne	1	0	0	1.003940	204	1
benchmarks/spec2006/400.perlbench.bc	400.perlbench.bc	original	Perl_pp_i_ncmp	1	0	0	1.004276	16	1
benchmarks/spec2006/400.perlbench.bc	400.perlbench.bc	original	Perl_pp_i_negate	1	0	0	1.003757	204	1
benchmarks/spec2006/400.perlbench.bc	400.perlbench.bc	original	Perl_pp_atan2	1	0	0	1.004838	188	1
benchmarks/spec2006/400.perlbench.bc	400.perlbench.bc	original	Perl_pp_sin	1	0	0	1.003360	188	1
benchmarks/spec2006/400.perlbench.bc	400.perlbench.bc	original	Perl_pp_cos	1	0	0	1.003224	240	1
benchmarks/spec2006/400.perlbench.bc	400.perlbench.bc	original	Perl_pp_rand	1	0	0	1.003648	208	1
benchmarks/spec2006/400.perlbench.bc	400.perlbench.bc	original	Perl_pp_srand	1	0	0	1.003926	180	1
benchmarks/spec2006/400.perlbench.bc	400.perlbench.bc	original	Perl_pp_exp	1	0	0	1.003451	168	1
benchmarks/spec2006/400.perlbench.bc	400.perlbench.bc	original	Perl_pp_log	1	0	0	1.003171	208	1
benchmarks/spec2006/400.perlbench.bc	400.perlbench.bc	original	Perl_pp_sqrt	1	0	0	1.002819	200	1
benchmarks/spec2006/400.perlbench.bc	400.perlbench.bc	original	Perl_pp_int	1	0	0	1.002279	208	1
benchmarks/spec2006/400.perlbench.bc	400.perlbench.bc	original	Perl_pp_abs	1	0	0	1.002934	208	1
benchmarks/spec2006/400.perlbench.bc	400.perlbench.bc	original	Perl_pp_hex	1	0	0	1.004291	192	1
benchmarks/spec2006/400.perlbench.bc	400.perlbench.bc	original	Perl_pp_oct	1	0	0	1.004680	232	1
benchmarks/spec2006/400.perlbench.bc	400.perlbench.bc	original	Perl_pp_length	1	0	0	1.004754	232	1
benchmarks/spec2006/400.perlbench.bc	400.perlbench.bc	original	Perl_pp_substr	1	0	0	1.003302	208	1
benchmarks/spec2006/400.perlbench.bc	400.perlbench.bc	original	Perl_pp_vec	1	0	0	1.002357	204	1
benchmarks/spec2006/400.perlbench.bc	400.perlbench.bc	original	Perl_pp_index	1	0	0	1.003292	180	1
benchmarks/spec2006/400.perlbench.bc	400.perlbench.bc	original	Perl_pp_rindex	1	0	0	1.003284	208	1
benchmarks/spec2006/400.perlbench.bc	400.perlbench.bc	original	Perl_pp_sprintf	1	0	0	1.002489	176	1
benchmarks/spec2006/400.perlbench.bc	400.perlbench.bc	original	Perl_pp_ord	1	0	0	1.002921	204	1
benchmarks/spec2006/400.perlbench.bc	400.perlbench.bc	original	Perl_pp_chr	1	0	0	1.003159	192	1
benchmarks/spec2006/400.perlbench.bc	400.perlbench.bc	original	Perl_pp_crypt	1	0	0	1.002170	200	1
benchmarks/spec2006/400.perlbench.bc	400.perlbench.bc	original	Perl_pp_ucfirst	1	0	0	1.002439	200	1
benchmarks/spec2006/400.perlbench.bc	400.perlbench.bc	original	Perl_pp_lcfirst	1	0	0	1.001926	236	1
benchmarks/spec2006/400.perlbench.bc	400.perlbench.bc	original	Perl_pp_uc	1	0	0	1.001968	204	1
benchmarks/spec2006/400.perlbench.bc	400.perlbench.bc	original	Perl_pp_lc	1	0	0	1.002203	204	1
benchmarks/spec2006/400.perlbench.bc	400.perlbench.bc	original	Perl_pp_quotemeta	1	0	0	1.002430	204	1
benchmarks/spec2006/400.perlbench.bc	400.perlbench.bc	original	Perl_pp_aslice	1	0	0	18.028126	119224	1
benchmarks/spec2006/400.perlbench.bc	400.perlbench.bc	original	Perl_pp_each	1	0	0	1.002779	208	1
benchmarks/spec2006/400.perlbench.bc	400.perlbench.bc	original	Perl_pp_values	1	0	0	1.002535	192	1
benchmarks/spec2006/400.perlbench.bc	400.perlbench.bc	original	Perl_pp_keys	1	0	0	1.003141	204	1
benchmarks/spec2006/400.perlbench.bc	400.perlbench.bc	original	Perl_pp_delete	1	0	0	1.003345	204	1
benchmarks/spec2006/400.perlbench.bc	400.perlbench.bc	original	Perl_pp_exists	1	0	0	1.002761	204	1
benchmarks/spec2006/400.perlbench.bc	400.perlbench.bc	original	Perl_pp_hslice	1	-9	1	185.269659	126744	0
benchmarks/spec2006/400.perlbench.bc	400.perlbench.bc	original	Perl_pp_list	1	0	0	1.003313	200	1
benchmarks/spec2006/400.perlbench.bc	400.perlbench.bc	original	Perl_pp_lslice	1	0	0	1.002745	184	1
benchmarks/spec2006/400.perlbench.bc	400.perlbench.bc	original	Perl_pp_anonlist	1	0	0	1.002655	236	1
benchmarks/spec2006/400.perlbench.bc	400.perlbench.bc	original	Perl_pp_anonhash	1	0	0	1.002731	208	1
benchmarks/spec2006/400.perlbench.bc	400.perlbench.bc	original	Perl_pp_splice	1	0	0	1.002790	208	1
benchmarks/spec2006/400.perlbench.bc	400.perlbench.bc	original	Perl_pp_push	1	0	0	1.003540	204	1
benchmarks/spec2006/400.perlbench.bc	400.perlbench.bc	original	Perl_pp_pop	1	0	0	1.004058	236	1
benchmarks/spec2006/400.perlbench.bc	400.perlbench.bc	original	Perl_pp_shift	1	0	0	1.002436	196	1
benchmarks/spec2006/400.perlbench.bc	400.perlbench.bc	original	Perl_pp_unshift	1	0	0	1.003068	204	1
benchmarks/spec2006/400.perlbench.bc	400.perlbench.bc	original	Perl_pp_reverse	1	0	0	2.004141	119608	1
benchmarks/spec2006/400.perlbench.bc	400.perlbench.bc	original	Perl_pp_split	1	-9	1	185.285707	503608	0
benchmarks/spec2006/400.perlbench.bc	400.perlbench.bc	original	Perl_pp_lock	1	0	0	1.001981	200	1
benchmarks/spec2006/400.perlbench.bc	400.perlbench.bc	original	Perl_pp_threadsv	1	0	0	1.002647	204	1
benchmarks/spec2006/400.perlbench.bc	400.perlbench.bc	original	Perl_pp_wantarray	1	0	0	1.002271	204	1
benchmarks/spec2006/400.perlbench.bc	400.perlbench.bc	original	S_dopoptosub	1	0	0	1.002267	204	1
benchmarks/spec2006/400.perlbench.bc	400.perlbench.bc	original	S_dopoptosub_at	1	0	0	1.002695	240	1
benchmarks/spec2006/400.perlbench.bc	400.perlbench.bc	original	Perl_pp_regcmaybe	1	0	0	1.002237	232	1
benchmarks/spec2006/400.perlbench.bc	400.perlbench.bc	original	Perl_pp_regcreset	1	0	0	1.002338	180	1
benchmarks/spec2006/400.perlbench.bc	400.perlbench.bc	original	Perl_pp_regcomp	1	0	0	1.002911	208	1
benchmarks/spec2006/400.perlbench.bc	400.perlbench.bc	original	Perl_pp_substcont	1	0	0	1.003354	204	1
benchmarks/spec2006/400.perlbench.bc	400.perlbench.bc	original	Perl_rxres_restore	1	0	0	1.003575	204	1
benchmarks/spec2006/400.perlbench.bc	400.perlbench.bc	original	Perl_rxres_free	1	0	0	1.002995	192	1
benchmarks/spec2006/400.perlbench.bc	400.perlbench.bc	original	Perl_rxres_save	1	0	0	1.002296	208	1
benchmarks/spec2006/400.perlbench.bc	400.perlbench.bc	original	Perl_pp_formline	1	-9	1	185.292096	979840	0
benchmarks/spec2006/400.perlbench.bc	400.perlbench.bc	original	S_doparseform	1	0	0	2.003252	118816	1
benchmarks/spec2006/400.perlbench.bc	400.perlbench.bc	original	S_num_overflow	1	0	0	1.002453	208	1
benchmarks/spec2006/400.perlbench.bc	400.perlbench.bc	original	Perl_pp_grepstart	1	0	0	1.002777	204	1
benchmarks/spec2006/400.perlbench.bc	400.perlbench.bc	original	Perl_block_gimme	1	0	0	1.003127	204	1
benchmarks/spec2006/400.perlbench.bc	400.perlbench.bc	original	Perl_pp_mapstart	1	0	0	1.002353	200	1
benchmarks/spec2006/400.perlbench.bc	400.perlbench.bc	original	Perl_pp_mapwhile	1	0	0	1.002689	200	1
benchmarks/spec2006/400.perlbench.bc	400.perlbench.bc	original	Perl_pp_range	1	0	0	1.002492	204	1
benchmarks/spec2006/400.perlbench.bc	400.perlbench.bc	original	Perl_dowantarray	1	0	0	1.002557	204	1
benchmarks/spec2006/400.perlbench.bc	400.perlbench.bc	original	Perl_pp_flip	1	0	0	1.002592	188	1
benchmarks/spec2006/400.perlbench.bc	400.perlbench.bc	original	Perl_pp_flop	1	0	0	80.117663	132956	1
benchmarks/spec2006/400.perlbench.bc	400.perlbench.bc	original	Perl_is_lvalue_sub	1	0	0	1.002655	88	1
benchmarks/spec2006/400.perlbench.bc	400.perlbench.bc	original	Perl_dounwind	1	0	0	1.003035	204	1
benchmarks/spec2006/400.perlbench.bc	400.perlbench.bc	original	Perl_qerror	1	0	0	1.003138	180	1
benchmarks/spec2006/400.perlbench.bc	400.perlbench.bc	original	Perl_die_where	1	0	0	1.002193	180	1
benchmarks/spec2006/400.perlbench.bc	400.perlbench.bc	original	S_dopoptoeval	1	0	0	1.002936	204	1
benchmarks/spec2006/400.perlbench.bc	400.perlbench.bc	original	Perl_pp_xor	1	0	0	1.004028	152	1
benchmarks/spec2006/400.perlbench.bc	400.perlbench.bc	original	Perl_pp_andassign	1	0	0	1.002814	236	1
benchmarks/spec2006/400.perlbench.bc	400.perlbench.bc	original	Perl_pp_orassign	1	0	0	1.003099	208	1
benchmarks/spec2006/400.perlbench.bc	400.perlbench.bc	original	Perl_pp_caller	1	-9	1	185.267582	168756	0
benchmarks/spec2006/400.perlbench.bc	400.perlbench.bc	original	Perl_pp_reset	1	0	0	1.002850	236	1
benchmarks/spec2006/400.perlbench.bc	400.perlbench.bc	original	Perl_pp_lineseq	1	0	0	1.003109	208	1
benchmarks/spec2006/400.perlbench.bc	400.perlbench.bc	original	Perl_pp_dbstate	1	0	0	1.003104	228	1
benchmarks/spec2006/400.perlbench.bc	400.perlbench.bc	original	Perl_pp_scope	1	0	0	1.002585	208	1
benchmarks/spec2006/400.perlbench.bc	400.perlbench.bc	original	Perl_pp_enteriter	1	0	0	1.002488	236	1
benchmarks/spec2006/400.perlbench.bc	400.perlbench.bc	original	Perl_pp_enterloop	1	0	0	1.002227	184	1
benchmarks/spec2006/400.perlbench.bc	400.perlbench.bc	original	Perl_pp_leaveloop	1	0	0	1.002825	184	1
benchmarks/spec2006/400.perlbench.bc	400.perlbench.bc	original	Perl_pp_return	1	0	0	1.003370	204	1
benchmarks/spec2006/400.perlbench.bc	400.perlbench.bc	original	Perl_pp_last	1	0	0	1.002037	176	1
benchmarks/spec2006/400.perlbench.bc	400.perlbench.bc	original	S_dopoptoloop	1	0	0	1.003439	188	1
benchmarks/spec2006/400.perlbench.bc	400.perlbench.bc	original	S_dopoptolabel	1	0	0	1.004138	208	1
benchmarks/spec2006/400.perlbench.bc	400.perlbench.bc	original	Perl_pp_next	1	0	0	1.003055	188	1
benchmarks/spec2006/400.perlbench.bc	400.perlbench.bc	original	Perl_pp_redo	1	0	0	1.002565	232	1
benchmarks/spec2006/400.perlbench.bc	400.perlbench.bc	original	Perl_pp_dump	1	0	0	1.004716	208	1
benchmarks/spec2006/400.perlbench.bc	400.perlbench.bc	original	Perl_pp_goto	1	-9	1	185.272387	257816	0
benchmarks/spec2006/400.perlbench.bc	400.perlbench.bc	original	S_dofindlabel	1	0	0	2.003766	118816	1
benchmarks/spec2006/400.perlbench.bc	400.perlbench.bc	original	Perl_pp_exit	1	0	0	1.002933	200	1
benchmarks/spec2006/400.perlbench.bc	400.perlbench.bc	original	Perl_sv_compile_2op	1	0	0	1.003048	204	1
benchmarks/spec2006/400.perlbench.bc	400.perlbench.bc	original	Perl_find_runcv	1	0	0	1.002672	200	1
benchmarks/spec2006/400.perlbench.bc	400.perlbench.bc	original	S_doeval	1	0	0	1.003245	180	1
benchmarks/spec2006/400.perlbench.bc	400.perlbench.bc	original	Perl_pp_require	1	-9	1	185.271001	376892	0
benchmarks/spec2006/400.perlbench.bc	400.perlbench.bc	original	S_path_is_absolute	1	0	0	1.003824	204	1
benchmarks/spec2006/400.perlbench.bc	400.perlbench.bc	original	S_doopen_pm	1	0	0	1.003737	80	1
benchmarks/spec2006/400.perlbench.bc	400.perlbench.bc	original	run_user_filter	1	0	0	1.002376	204	1
benchmarks/spec2006/400.perlbench.bc	400.perlbench.bc	original	S_docatch	1	0	0	1.004208	8	1
benchmarks/spec2006/400.perlbench.bc	400.perlbench.bc	original	S_docatch_body	1	0	0	1.004730	232	1
benchmarks/spec2006/400.perlbench.bc	400.perlbench.bc	original	Perl_pp_dofile	1	0	0	1.003389	236	1
benchmarks/spec2006/400.perlbench.bc	400.perlbench.bc	original	Perl_pp_entereval	1	0	0	1.002434	236	1
benchmarks/spec2006/400.perlbench.bc	400.perlbench.bc	original	S_save_lines	1	0	0	1.004021	240	1
benchmarks/spec2006/400.perlbench.bc	400.perlbench.bc	original	Perl_pp_leaveeval	1	0	0	1.003471	208	1
benchmarks/spec2006/400.perlbench.bc	400.perlbench.bc	original	Perl_pp_entertry	1	0	0	1.003383	204	1
benchmarks/spec2006/400.perlbench.bc	400.perlbench.bc	original	Perl_pp_leavetry	1	0	0	1.003427	204	1
benchmarks/spec2006/400.perlbench.bc	400.perlbench.bc	original	Perl_pp_const	1	0	0	1.003994	204	1
benchmarks/spec2006/400.perlbench.bc	400.perlbench.bc	original	Perl_pp_nextstate	1	0	0	1.002355	236	1
benchmarks/spec2006/400.perlbench.bc	400.perlbench.bc	original	Perl_pp_gvsv	1	0	0	1.002863	204	1
benchmarks/spec2006/400.perlbench.bc	400.perlbench.bc	original	Perl_pp_null	1	0	0	1.002753	236	1
benchmarks/spec2006/400.perlbench.bc	400.perlbench.bc	original	Perl_pp_setstate	1	0	0	1.002713	200	1
benchmarks/spec2006/400.perlbench.bc	400.perlbench.bc	original	Perl_pp_pushmark	1	0	0	1.002287	204	1
benchmarks/spec2006/400.perlbench.bc	400.perlbench.bc	original	Perl_pp_stringify	1	0	0	1.002276	192	1
benchmarks/spec2006/400.perlbench.bc	400.perlbench.bc	original	Perl_pp_gv	1	0	0	1.002803	204	1
benchmarks/spec2006/400.perlbench.bc	400.perlbench.bc	original	Perl_pp_and	1	0	0	1.002785	204	1
benchmarks/spec2006/400.perlbench.bc	400.perlbench.bc	original	Perl_pp_sassign	1	0	0	1.002722	192	1
benchmarks/spec2006/400.perlbench.bc	400.perlbench.bc	original	Perl_pp_cond_expr	1	0	0	1.002697	180	1
benchmarks/spec2006/400.perlbench.bc	400.perlbench.bc	original	Perl_pp_unstack	1	0	0	1.003019	184	1
benchmarks/spec2006/400.perlbench.bc	400.perlbench.bc	original	Perl_pp_concat	1	0	0	1.003214	184	1
benchmarks/spec2006/400.perlbench.bc	400.perlbench.bc	original	Perl_pp_padsv	1	0	0	1.002559	204	1
benchmarks/spec2006/400.perlbench.bc	400.perlbench.bc	original	Perl_vivify_ref	1	0	0	1.002802	208	1
benchmarks/spec2006/400.perlbench.bc	400.perlbench.bc	original	Perl_pp_readline	1	0	0	1.002211	208	1
benchmarks/spec2006/400.perlbench.bc	400.perlbench.bc	original	Perl_do_readline	1	-9	1	185.278767	380528	0
benchmarks/spec2006/400.perlbench.bc	400.perlbench.bc	original	Perl_pp_eq	1	0	0	1.003508	200	1
benchmarks/spec2006/400.perlbench.bc	400.perlbench.bc	original	Perl_pp_preinc	1	0	0	1.003711	196	1
benchmarks/spec2006/400.perlbench.bc	400.perlbench.bc	original	Perl_pp_or	1	0	0	1.002237	80	1
benchmarks/spec2006/400.perlbench.bc	400.perlbench.bc	original	Perl_pp_add	1	0	0	1.002070	208	1
benchmarks/spec2006/400.perlbench.bc	400.perlbench.bc	original	Perl_pp_aelemfast	1	0	0	1.002475	176	1
benchmarks/spec2006/400.perlbench.bc	400.perlbench.bc	original	Perl_pp_join	1	0	0	1.003381	204	1
benchmarks/spec2006/400.perlbench.bc	400.perlbench.bc	original	Perl_pp_pushre	1	0	0	1.002069	180	1
benchmarks/spec2006/400.perlbench.bc	400.perlbench.bc	original	Perl_pp_print	1	0	0	24.033698	135864	1
benchmarks/spec2006/400.perlbench.bc	400.perlbench.bc	original	Perl_pp_rv2av	1	0	0	55.078575	141916	1
benchmarks/spec2006/400.perlbench.bc	400.perlbench.bc	original	Perl_pp_rv2hv	1	0	0	17.025121	129088	1
benchmarks/spec2006/400.perlbench.bc	400.perlbench.bc	original	Perl_pp_aassign	1	0	0	1.003490	200	1
benchmarks/spec2006/400.perlbench.bc	400.perlbench.bc	original	S_do_maybe_phash	1	0	0	1.003937	204	1
benchmarks/spec2006/400.perlbench.bc	400.perlbench.bc	original	S_do_oddball	1	0	0	1.003967	188	1
benchmarks/spec2006/400.perlbench.bc	400.perlbench.bc	original	Perl_pp_qr	1	0	0	1.003917	196	1
benchmarks/spec2006/400.perlbench.bc	400.perlbench.bc	original	Perl_pp_match	1	-9	1	185.283972	444556	0
benchmarks/spec2006/400.perlbench.bc	400.perlbench.bc	original	Perl_pp_enter	1	0	0	1.002849	204	1
benchmarks/spec2006/400.perlbench.bc	400.perlbench.bc	original	Perl_pp_helem	1	0	0	1.002975	208	1
benchmarks/spec2006/400.perlbench.bc	400.perlbench.bc	original	Perl_pp_leave	1	0	0	1.002725	176	1
benchmarks/spec2006/400.perlbench.bc	400.perlbench.bc	original	Perl_pp_iter	1	0	0	1.002485	188	1
benchmarks/spec2006/400.perlbench.bc	400.perlbench.bc	original	Perl_pp_subst	1	-9	1	185.274490	405276	0
benchmarks/spec2006/400.perlbench.bc	400.perlbench.bc	original	Perl_pp_grepwhile	1	0	0	1.002124	188	1
benchmarks/spec2006/400.perlbench.bc	400.perlbench.bc	original	Perl_pp_leavesub	1	0	0	1.002416	192	1
benchmarks/spec2006/400.perlbench.bc	400.perlbench.bc	original	Perl_pp_leavesublv	1	0	0	10.013798	225236	1
benchmarks/spec2006/400.perlbench.bc	400.perlbench.bc	original	Perl_pp_entersub	1	-9	1	185.251110	213904	0
benchmarks/spec2006/400.perlbench.bc	400.perlbench.bc	original	S_get_db_sub	1	0	0	1.002086	204	1
benchmarks/spec2006/400.perlbench.bc	400.perlbench.bc	original	Perl_sub_crush_depth	1	0	0	1.002034	176	1
benchmarks/spec2006/400.perlbench.bc	400.perlbench.bc	original	Perl_pp_aelem	1	0	0	1.001999	208	1
benchmarks/spec2006/400.perlbench.bc	400.perlbench.bc	original	Perl_pp_method	1	0	0	1.002338	204	1
benchmarks/spec2006/400.perlbench.bc	400.perlbench.bc	original	S_method_common	1	0	0	1.002179	208	1
benchmarks/spec2006/400.perlbench.bc	400.perlbench.bc	original	Perl_pp_method_named	1	0	0	1.002033	188	1
benchmarks/spec2006/400.perlbench.bc	400.perlbench.bc	original	Perl_unpack_str	1	0	0	1.001931	208	1
benchmarks/spec2006/400.perlbench.bc	400.perlbench.bc	original	S_unpack_rec	1	-9	1	185.329229	4184700	0
benchmarks/spec2006/400.perlbench.bc	400.perlbench.bc	original	S_next_symbol	1	-9	1	185.270636	171604	0
benchmarks/spec2006/400.perlbench.bc	400.perlbench.bc	original	S_mul128	1	0	0	1.002091	240	1
benchmarks/spec2006/400.perlbench.bc	400.perlbench.bc	original	S_group_end	1	0	0	3.004906	118688	1
benchmarks/spec2006/400.perlbench.bc	400.perlbench.bc	original	S_get_num	1	0	0	1.002693	236	1
benchmarks/spec2006/400.perlbench.bc	400.perlbench.bc	original	S_measure_struct	1	0	0	1.003238	180	1
benchmarks/spec2006/400.perlbench.bc	400.perlbench.bc	original	Perl_unpackstring	1	0	0	1.002816	232	1
benchmarks/spec2006/400.perlbench.bc	400.perlbench.bc	original	Perl_pp_unpack	1	0	0	1.002181	204	1
benchmarks/spec2006/400.perlbench.bc	400.perlbench.bc	original	Perl_pack_cat	1	0	0	1.002927	208	1
benchmarks/spec2006/400.perlbench.bc	400.perlbench.bc	original	S_pack_rec	1	-9	1	185.296657	1859608	0
benchmarks/spec2006/400.perlbench.bc	400.perlbench.bc	original	S_is_an_int	1	0	0	1.003817	240	1
benchmarks/spec2006/400.perlbench.bc	400.perlbench.bc	original	S_div128	1	0	0	1.004487	208	1
benchmarks/spec2006/400.perlbench.bc	400.perlbench.bc	original	S_doencodes	1	0	0	1.003108	232	1
benchmarks/spec2006/400.perlbench.bc	400.perlbench.bc	original	Perl_packlist	1	0	0	1.002326	236	1
benchmarks/spec2006/400.perlbench.bc	400.perlbench.bc	original	Perl_pp_pack	1	0	0	1.002323	204	1
benchmarks/spec2006/400.perlbench.bc	400.perlbench.bc	original	Perl_sortsv	1	0	0	1.002966	188	1
benchmarks/spec2006/400.perlbench.bc	400.perlbench.bc	original	S_mergesortsv	1	-9	1	185.276156	246540	0
benchmarks/spec2006/400.perlbench.bc	400.perlbench.bc	original	S_qsortsv	1	0	0	1.003906	204	1
benchmarks/spec2006/400.perlbench.bc	400.perlbench.bc	original	cmpindir_desc	1	0	0	1.003611	192	1
benchmarks/spec2006/400.perlbench.bc	400.perlbench.bc	original	cmpindir	1	0	0	1.002757	236	1
benchmarks/spec2006/400.perlbench.bc	400.perlbench.bc	original	S_qsortsvu	1	-9	1	185.703629	382284	0
benchmarks/spec2006/400.perlbench.bc	400.perlbench.bc	original	cmp_desc	1	0	0	1.001998	208	1
benchmarks/spec2006/400.perlbench.bc	400.perlbench.bc	original	dynprep	1	-9	1	185.274513	153244	0
benchmarks/spec2006/400.perlbench.bc	400.perlbench.bc	original	S_sortsv_desc	1	0	0	1.001951	204	1
benchmarks/spec2006/400.perlbench.bc	400.perlbench.bc	original	Perl_pp_sort	1	0	0	1.002162	184	1
benchmarks/spec2006/400.perlbench.bc	400.perlbench.bc	original	sortcv_stacked	1	0	0	1.002929	204	1
benchmarks/spec2006/400.perlbench.bc	400.perlbench.bc	original	sortcv	1	0	0	1.003285	204	1
benchmarks/spec2006/400.perlbench.bc	400.perlbench.bc	original	sortcv_xsub	1	0	0	1.002583	180	1
benchmarks/spec2006/400.perlbench.bc	400.perlbench.bc	original	amagic_i_ncmp	1	0	0	1.003024	192	1
benchmarks/spec2006/400.perlbench.bc	400.perlbench.bc	original	sv_i_ncmp	1	0	0	1.003274	192	1
benchmarks/spec2006/400.perlbench.bc	400.perlbench.bc	original	amagic_ncmp	1	0	0	1.003431	188	1
benchmarks/spec2006/400.perlbench.bc	400.perlbench.bc	original	sv_ncmp	1	0	0	1.003394	204	1
benchmarks/spec2006/400.perlbench.bc	400.perlbench.bc	original	amagic_cmp	1	0	0	1.002281	192	1
benchmarks/spec2006/400.perlbench.bc	400.perlbench.bc	original	Perl_pp_backtick	1	0	0	1.002538	204	1
benchmarks/spec2006/400.perlbench.bc	400.perlbench.bc	original	Perl_pp_glob	1	0	0	1.002681	204	1
benchmarks/spec2006/400.perlbench.bc	400.perlbench.bc	original	Perl_pp_rcatline	1	0	0	1.002671	204	1
benchmarks/spec2006/400.perlbench.bc	400.perlbench.bc	original	Perl_pp_warn	1	0	0	1.002676	192	1
benchmarks/spec2006/400.perlbench.bc	400.perlbench.bc	original	Perl_pp_die	1	0	0	1.002901	192	1
benchmarks/spec2006/400.perlbench.bc	400.perlbench.bc	original	Perl_pp_open	1	0	0	1.003331	204	1
benchmarks/spec2006/400.perlbench.bc	400.perlbench.bc	original	Perl_pp_close	1	0	0	1.003272	196	1
benchmarks/spec2006/400.perlbench.bc	400.perlbench.bc	original	Perl_pp_pipe_op	1	0	0	1.002774	204	1
benchmarks/spec2006/400.perlbench.bc	400.perlbench.bc	original	Perl_pp_fileno	1	0	0	1.002503	204	1
benchmarks/spec2006/400.perlbench.bc	400.perlbench.bc	original	Perl_pp_umask	1	0	0	1.002507	204	1
benchmarks/spec2006/400.perlbench.bc	400.perlbench.bc	original	Perl_pp_binmode	1	0	0	1.002586	236	1
benchmarks/spec2006/400.perlbench.bc	400.perlbench.bc	original	Perl_pp_tie	1	0	0	1.003094	236	1
benchmarks/spec2006/400.perlbench.bc	400.perlbench.bc	original	Perl_pp_untie	1	0	0	1.003844	204	1
benchmarks/spec2006/400.perlbench.bc	400.perlbench.bc	original	Perl_pp_tied	1	0	0	1.003022	188	1
benchmarks/spec2006/400.perlbench.bc	400.perlbench.bc	original	Perl_pp_dbmopen	1	0	0	1.003313	208	1
benchmarks/spec2006/400.perlbench.bc	400.perlbench.bc	original	Perl_pp_dbmclose	1	0	0	1.003239	232	1
benchmarks/spec2006/400.perlbench.bc	400.perlbench.bc	original	Perl_pp_sselect	1	0	0	1.003443	200	1
benchmarks/spec2006/400.perlbench.bc	400.perlbench.bc	original	Perl_setdefout	1	0	0	1.002508	208	1
benchmarks/spec2006/400.perlbench.bc	400.perlbench.bc	original	Perl_pp_select	1	0	0	1.002352	208	1
benchmarks/spec2006/400.perlbench.bc	400.perlbench.bc	original	Perl_pp_getc	1	0	0	1.003043	208	1
benchmarks/spec2006/400.perlbench.bc	400.perlbench.bc	original	Perl_pp_read	1	0	0	1.003434	236	1
benchmarks/spec2006/400.perlbench.bc	400.perlbench.bc	original	Perl_pp_sysread	1	-9	1	185.275913	324480	0
benchmarks/spec2006/400.perlbench.bc	400.perlbench.bc	original	Perl_pp_enterwrite	1	0	0	1.007309	196	1
benchmarks/spec2006/400.perlbench.bc	400.perlbench.bc	original	S_doform	1	0	0	1.002556	204	1
benchmarks/spec2006/400.perlbench.bc	400.perlbench.bc	original	Perl_pp_leavewrite	1	0	0	23.035270	141336	1
benchmarks/spec2006/400.perlbench.bc	400.perlbench.bc	original	Perl_pp_prtf	1	0	0	1.002981	204	1
benchmarks/spec2006/400.perlbench.bc	400.perlbench.bc	original	Perl_pp_sysopen	1	0	0	1.004402	208	1
benchmarks/spec2006/400.perlbench.bc	400.perlbench.bc	original	Perl_pp_syswrite	1	0	0	1.003427	204	1
benchmarks/spec2006/400.perlbench.bc	400.perlbench.bc	original	Perl_pp_send	1	0	0	1.003543	188	1
benchmarks/spec2006/400.perlbench.bc	400.perlbench.bc	original	Perl_pp_recv	1	0	0	1.003916	12	1
benchmarks/spec2006/400.perlbench.bc	400.perlbench.bc	original	Perl_pp_eof	1	0	0	1.002347	232	1
benchmarks/spec2006/400.perlbench.bc	400.perlbench.bc	original	Perl_pp_tell	1	0	0	1.002999	204	1
benchmarks/spec2006/400.perlbench.bc	400.perlbench.bc	original	Perl_pp_seek	1	0	0	1.003102	204	1
benchmarks/spec2006/400.perlbench.bc	400.perlbench.bc	original	Perl_pp_sysseek	1	0	0	1.002791	192	1
benchmarks/spec2006/400.perlbench.bc	400.perlbench.bc	original	Perl_pp_truncate	1	0	0	1.003608	204	1
benchmarks/spec2006/400.perlbench.bc	400.perlbench.bc	original	Perl_pp_fcntl	1	0	0	1.004288	8	1
benchmarks/spec2006/400.perlbench.bc	400.perlbench.bc	original	Perl_pp_ioctl	1	0	0	1.002862	204	1
benchmarks/spec2006/400.perlbench.bc	400.perlbench.bc	original	Perl_pp_flock	1	0	0	1.003619	204	1
benchmarks/spec2006/400.perlbench.bc	400.perlbench.bc	original	Perl_pp_socket	1	0	0	1.003001	204	1
benchmarks/spec2006/400.perlbench.bc	400.perlbench.bc	original	Perl_pp_sockpair	1	0	0	1.003228	200	1
benchmarks/spec2006/400.perlbench.bc	400.perlbench.bc	original	Perl_pp_bind	1	0	0	1.002561	208	1
benchmarks/spec2006/400.perlbench.bc	400.perlbench.bc	original	Perl_pp_connect	1	0	0	1.002481	208	1
benchmarks/spec2006/400.perlbench.bc	400.perlbench.bc	original	Perl_pp_listen	1	0	0	1.003027	4	1
benchmarks/spec2006/400.perlbench.bc	400.perlbench.bc	original	Perl_pp_accept	1	0	0	1.002061	204	1
benchmarks/spec2006/400.perlbench.bc	400.perlbench.bc	original	Perl_pp_shutdown	1	0	0	1.002237	164	1
benchmarks/spec2006/400.perlbench.bc	400.perlbench.bc	original	Perl_pp_gsockopt	1	0	0	1.002737	192	1
benchmarks/spec2006/400.perlbench.bc	400.perlbench.bc	original	Perl_pp_ssockopt	1	0	0	1.002574	208	1
benchmarks/spec2006/400.perlbench.bc	400.perlbench.bc	original	Perl_pp_getsockname	1	0	0	1.003720	980	1
benchmarks/spec2006/400.perlbench.bc	400.perlbench.bc	original	Perl_pp_getpeername	1	0	0	1.002281	204	1
benchmarks/spec2006/400.perlbench.bc	400.perlbench.bc	original	Perl_pp_lstat	1	0	0	1.002203	232	1
benchmarks/spec2006/400.perlbench.bc	400.perlbench.bc	original	Perl_pp_stat	1	0	0	1.002267	204	1
benchmarks/spec2006/400.perlbench.bc	400.perlbench.bc	original	Perl_pp_ftrread	1	0	0	1.003183	80	1
benchmarks/spec2006/400.perlbench.bc	400.perlbench.bc	original	Perl_pp_ftrwrite	1	0	0	1.002842	176	1
benchmarks/spec2006/400.perlbench.bc	400.perlbench.bc	original	Perl_pp_ftrexec	1	0	0	1.002064	204	1
benchmarks/spec2006/400.perlbench.bc	400.perlbench.bc	original	Perl_pp_fteread	1	0	0	1.002442	208	1
benchmarks/spec2006/400.perlbench.bc	400.perlbench.bc	original	Perl_pp_ftewrite	1	0	0	1.004307	196	1
benchmarks/spec2006/400.perlbench.bc	400.perlbench.bc	original	Perl_pp_fteexec	1	0	0	1.002748	232	1
benchmarks/spec2006/400.perlbench.bc	400.perlbench.bc	original	Perl_pp_ftis	1	0	0	1.002342	232	1
benchmarks/spec2006/400.perlbench.bc	400.perlbench.bc	original	Perl_pp_fteowned	1	0	0	1.002278	208	1
benchmarks/spec2006/400.perlbench.bc	400.perlbench.bc	original	Perl_pp_ftrowned	1	0	0	1.002261	168	1
benchmarks/spec2006/400.perlbench.bc	400.perlbench.bc	original	Perl_pp_ftzero	1	0	0	1.002497	76	1
benchmarks/spec2006/400.perlbench.bc	400.perlbench.bc	original	Perl_pp_ftsize	1	0	0	1.002819	240	1
benchmarks/spec2006/400.perlbench.bc	400.perlbench.bc	original	Perl_pp_ftmtime	1	0	0	1.002671	208	1
benchmarks/spec2006/400.perlbench.bc	400.perlbench.bc	original	Perl_pp_ftatime	1	0	0	1.002844	152	1
benchmarks/spec2006/400.perlbench.bc	400.perlbench.bc	original	Perl_pp_ftctime	1	0	0	1.003917	208	1
benchmarks/spec2006/400.perlbench.bc	400.perlbench.bc	original	Perl_pp_ftsock	1	0	0	1.002506	204	1
benchmarks/spec2006/400.perlbench.bc	400.perlbench.bc	original	Perl_pp_ftchr	1	0	0	1.002025	196	1
benchmarks/spec2006/400.perlbench.bc	400.perlbench.bc	original	Perl_pp_ftblk	1	0	0	1.002046	204	1
benchmarks/spec2006/400.perlbench.bc	400.perlbench.bc	original	Perl_pp_ftfile	1	0	0	1.001910	236	1
benchmarks/spec2006/400.perlbench.bc	400.perlbench.bc	original	Perl_pp_ftdir	1	0	0	1.002190	180	1
benchmarks/spec2006/400.perlbench.bc	400.perlbench.bc	original	Perl_pp_ftpipe	1	0	0	1.003501	184	1
benchmarks/spec2006/400.perlbench.bc	400.perlbench.bc	original	Perl_pp_ftlink	1	0	0	1.003349	188	1
benchmarks/spec2006/400.perlbench.bc	400.perlbench.bc	original	Perl_pp_ftsuid	1	0	0	1.002185	232	1
benchmarks/spec2006/400.perlbench.bc	400.perlbench.bc	original	Perl_pp_ftsgid	1	0	0	1.002134	204	1
benchmarks/spec2006/400.perlbench.bc	400.perlbench.bc	original	Perl_pp_ftsvtx	1	0	0	1.002567	204	1
benchmarks/spec2006/400.perlbench.bc	400.perlbench.bc	original	Perl_pp_fttty	1	0	0	1.002620	200	1
benchmarks/spec2006/400.perlbench.bc	400.perlbench.bc	original	Perl_pp_fttext	1	0	0	46.068749	159772	1
benchmarks/spec2006/400.perlbench.bc	400.perlbench.bc	original	Perl_pp_ftbinary	1	0	0	1.003449	204	1
benchmarks/spec2006/400.perlbench.bc	400.perlbench.bc	original	Perl_pp_chdir	1	0	0	1.003311	200	1
benchmarks/spec2006/400.perlbench.bc	400.perlbench.bc	original	Perl_pp_chown	1	0	0	1.003889	168	1
benchmarks/spec2006/400.perlbench.bc	400.perlbench.bc	original	Perl_pp_chroot	1	0	0	1.005521	208	1
benchmarks/spec2006/400.perlbench.bc	400.perlbench.bc	original	Perl_pp_unlink	1	0	0	1.003008	204	1
benchmarks/spec2006/400.perlbench.bc	400.perlbench.bc	original	Perl_pp_chmod	1	0	0	1.003801	208	1
benchmarks/spec2006/400.perlbench.bc	400.perlbench.bc	original	Perl_pp_utime	1	0	0	1.003537	184	1
benchmarks/spec2006/400.perlbench.bc	400.perlbench.bc	original	Perl_pp_rename	1	0	0	1.003466	164	1
benchmarks/spec2006/400.perlbench.bc	400.perlbench.bc	original	Perl_pp_link	1	0	0	1.002983	184	1
benchmarks/spec2006/400.perlbench.bc	400.perlbench.bc	original	Perl_pp_symlink	1	0	0	1.003349	184	1
benchmarks/spec2006/400.perlbench.bc	400.perlbench.bc	original	Perl_pp_readlink	1	0	0	1.004001	188	1
benchmarks/spec2006/400.perlbench.bc	400.perlbench.bc	original	Perl_pp_mkdir	1	0	0	1.002276	176	1
benchmarks/spec2006/400.perlbench.bc	400.perlbench.bc	original	Perl_pp_rmdir	1	0	0	1.003371	184	1
benchmarks/spec2006/400.perlbench.bc	400.perlbench.bc	original	Perl_pp_open_dir	1	0	0	1.003416	200	1
benchmarks/spec2006/400.perlbench.bc	400.perlbench.bc	original	Perl_pp_readdir	1	0	0	1.002857	200	1
benchmarks/spec2006/400.perlbench.bc	400.perlbench.bc	original	Perl_pp_telldir	1	0	0	1.002148	204	1
benchmarks/spec2006/400.perlbench.bc	400.perlbench.bc	original	Perl_pp_seekdir	1	0	0	1.002300	208	1
benchmarks/spec2006/400.perlbench.bc	400.perlbench.bc	original	Perl_pp_rewinddir	1	0	0	1.002865	204	1
benchmarks/spec2006/400.perlbench.bc	400.perlbench.bc	original	Perl_pp_closedir	1	0	0	1.003355	208	1
benchmarks/spec2006/400.perlbench.bc	400.perlbench.bc	original	Perl_pp_fork	1	0	0	1.002529	240	1
benchmarks/spec2006/400.perlbench.bc	400.perlbench.bc	original	Perl_pp_wait	1	0	0	1.001478	204	1
benchmarks/spec2006/400.perlbench.bc	400.perlbench.bc	original	Perl_pp_waitpid	1	0	0	1.002514	236	1
benchmarks/spec2006/400.perlbench.bc	400.perlbench.bc	original	Perl_pp_system	1	0	0	33.048053	118688	1
benchmarks/spec2006/400.perlbench.bc	400.perlbench.bc	original	Perl_pp_exec	1	0	0	1.003084	204	1
benchmarks/spec2006/400.perlbench.bc	400.perlbench.bc	original	Perl_pp_kill	1	0	0	1.003781	200	1
benchmarks/spec2006/400.perlbench.bc	400.perlbench.bc	original	Perl_pp_getppid	1	0	0	1.003489	204	1
benchmarks/spec2006/400.perlbench.bc	400.perlbench.bc	original	Perl_pp_getpgrp	1	0	0	1.002872	208	1
benchmarks/spec2006/400.perlbench.bc	400.perlbench.bc	original	Perl_pp_setpgrp	1	0	0	1.002539	208	1
benchmarks/spec2006/400.perlbench.bc	400.perlbench.bc	original	Perl_pp_getpriority	1	0	0	1.003424	176	1
benchmarks/spec2006/400.perlbench.bc	400.perlbench.bc	original	Perl_pp_setpriority	1	0	0	1.004283	200	1
benchmarks/spec2006/400.perlbench.bc	400.perlbench.bc	original	Perl_pp_time	1	0	0	1.002872	200	1
benchmarks/spec2006/400.perlbench.bc	400.perlbench.bc	original	Perl_pp_tms	1	0	0	1.002753	196	1
benchmarks/spec2006/400.perlbench.bc	400.perlbench.bc	original	Perl_pp_localtime	1	0	0	1.002509	180	1
benchmarks/spec2006/400.perlbench.bc	400.perlbench.bc	original	Perl_pp_gmtime	1	0	0	1.002796	204	1
benchmarks/spec2006/400.perlbench.bc	400.perlbench.bc	original	Perl_pp_alarm	1	0	0	1.002272	236	1
benchmarks/spec2006/400.perlbench.bc	400.perlbench.bc	original	Perl_pp_sleep	1	0	0	1.002342	204	1
benchmarks/spec2006/400.perlbench.bc	400.perlbench.bc	original	Perl_pp_shmget	1	0	0	1.003426	204	1
benchmarks/spec2006/400.perlbench.bc	400.perlbench.bc	original	Perl_pp_semget	1	0	0	1.003254	192	1
benchmarks/spec2006/400.perlbench.bc	400.perlbench.bc	original	Perl_pp_shmctl	1	0	0	1.002238	196	1
benchmarks/spec2006/400.perlbench.bc	400.perlbench.bc	original	Perl_pp_semctl	1	0	0	1.001864	236	1
benchmarks/spec2006/400.perlbench.bc	400.perlbench.bc	original	Perl_pp_shmread	1	0	0	1.003002	236	1
benchmarks/spec2006/400.perlbench.bc	400.perlbench.bc	original	Perl_pp_shmwrite	1	0	0	1.002992	196	1
benchmarks/spec2006/400.perlbench.bc	400.perlbench.bc	original	Perl_pp_msgget	1	0	0	1.003336	200	1
benchmarks/spec2006/400.perlbench.bc	400.perlbench.bc	original	Perl_pp_msgctl	1	0	0	1.001858	208	1
benchmarks/spec2006/400.perlbench.bc	400.perlbench.bc	original	Perl_pp_msgsnd	1	0	0	1.001304	204	1
benchmarks/spec2006/400.perlbench.bc	400.perlbench.bc	original	Perl_pp_msgrcv	1	0	0	1.002576	184	1
benchmarks/spec2006/400.perlbench.bc	400.perlbench.bc	original	Perl_pp_semop	1	0	0	1.002613	232	1
benchmarks/spec2006/400.perlbench.bc	400.perlbench.bc	original	Perl_pp_ghbyname	1	0	0	1.003540	208	1
benchmarks/spec2006/400.perlbench.bc	400.perlbench.bc	original	Perl_pp_ghbyaddr	1	0	0	1.003244	204	1
benchmarks/spec2006/400.perlbench.bc	400.perlbench.bc	original	Perl_pp_ghostent	1	0	0	1.002333	204	1
benchmarks/spec2006/400.perlbench.bc	400.perlbench.bc	original	Perl_pp_gnbyname	1	0	0	1.002161	188	1
benchmarks/spec2006/400.perlbench.bc	400.perlbench.bc	original	Perl_pp_gnbyaddr	1	0	0	1.002513	208	1
benchmarks/spec2006/400.perlbench.bc	400.perlbench.bc	original	Perl_pp_gnetent	1	0	0	1.003212	184	1
benchmarks/spec2006/400.perlbench.bc	400.perlbench.bc	original	Perl_pp_gpbyname	1	0	0	1.002784	204	1
benchmarks/spec2006/400.perlbench.bc	400.perlbench.bc	original	Perl_pp_gpbynumber	1	0	0	1.002604	196	1
benchmarks/spec2006/400.perlbench.bc	400.perlbench.bc	original	Perl_pp_gprotoent	1	0	0	1.002767	204	1
benchmarks/spec2006/400.perlbench.bc	400.perlbench.bc	original	Perl_pp_gsbyname	1	0	0	1.003716	184	1
benchmarks/spec2006/400.perlbench.bc	400.perlbench.bc	original	Perl_pp_gsbyport	1	0	0	1.004249	192	1
benchmarks/spec2006/400.perlbench.bc	400.perlbench.bc	original	Perl_pp_gservent	1	0	0	1.003163	204	1
benchmarks/spec2006/400.perlbench.bc	400.perlbench.bc	original	Perl_pp_shostent	1	0	0	1.002992	196	1
benchmarks/spec2006/400.perlbench.bc	400.perlbench.bc	original	Perl_pp_snetent	1	0	0	1.003623	184	1
benchmarks/spec2006/400.perlbench.bc	400.perlbench.bc	original	Perl_pp_sprotoent	1	0	0	1.004504	184	1
benchmarks/spec2006/400.perlbench.bc	400.perlbench.bc	original	Perl_pp_sservent	1	0	0	1.004003	16	1
benchmarks/spec2006/400.perlbench.bc	400.perlbench.bc	original	Perl_pp_ehostent	1	0	0	1.003566	204	1
benchmarks/spec2006/400.perlbench.bc	400.perlbench.bc	original	Perl_pp_enetent	1	0	0	1.002886	208	1
benchmarks/spec2006/400.perlbench.bc	400.perlbench.bc	original	Perl_pp_eprotoent	1	0	0	1.002657	208	1
benchmarks/spec2006/400.perlbench.bc	400.perlbench.bc	original	Perl_pp_eservent	1	0	0	1.003549	196	1
benchmarks/spec2006/400.perlbench.bc	400.perlbench.bc	original	Perl_pp_gpwnam	1	0	0	1.003609	204	1
benchmarks/spec2006/400.perlbench.bc	400.perlbench.bc	original	Perl_pp_gpwuid	1	0	0	1.004420	188	1
benchmarks/spec2006/400.perlbench.bc	400.perlbench.bc	original	Perl_pp_gpwent	1	0	0	1.002214	192	1
benchmarks/spec2006/400.perlbench.bc	400.perlbench.bc	original	Perl_pp_spwent	1	0	0	1.003554	204	1
benchmarks/spec2006/400.perlbench.bc	400.perlbench.bc	original	Perl_pp_epwent	1	0	0	1.002992	204	1
benchmarks/spec2006/400.perlbench.bc	400.perlbench.bc	original	Perl_pp_ggrnam	1	0	0	1.003792	184	1
benchmarks/spec2006/400.perlbench.bc	400.perlbench.bc	original	Perl_pp_ggrgid	1	0	0	1.002679	208	1
benchmarks/spec2006/400.perlbench.bc	400.perlbench.bc	original	Perl_pp_ggrent	1	0	0	1.002549	204	1
benchmarks/spec2006/400.perlbench.bc	400.perlbench.bc	original	Perl_pp_sgrent	1	0	0	1.002929	196	1
benchmarks/spec2006/400.perlbench.bc	400.perlbench.bc	original	Perl_pp_egrent	1	0	0	1.003221	200	1
benchmarks/spec2006/400.perlbench.bc	400.perlbench.bc	original	Perl_pp_getlogin	1	0	0	1.002475	184	1
benchmarks/spec2006/400.perlbench.bc	400.perlbench.bc	original	Perl_pp_syscall	1	0	0	1.003674	176	1
benchmarks/spec2006/400.perlbench.bc	400.perlbench.bc	original	Perl_reginitcolors	1	0	0	1.003910	204	1
benchmarks/spec2006/400.perlbench.bc	400.perlbench.bc	original	Perl_pregcomp	1	-9	1	185.282258	363204	0
benchmarks/spec2006/400.perlbench.bc	400.perlbench.bc	original	clear_re	1	0	0	1.002750	204	1
benchmarks/spec2006/400.perlbench.bc	400.perlbench.bc	original	S_reg	1	-9	1	185.278854	349392	0
benchmarks/spec2006/400.perlbench.bc	400.perlbench.bc	original	Perl_regnext	1	0	0	1.003484	184	1
benchmarks/spec2006/400.perlbench.bc	400.perlbench.bc	original	S_cl_init	1	0	0	1.004148	192	1
benchmarks/spec2006/400.perlbench.bc	400.perlbench.bc	original	S_study_chunk	1	-9	1	185.366789	6029424	0
benchmarks/spec2006/400.perlbench.bc	400.perlbench.bc	original	S_scan_commit	1	0	0	1.003375	208	1
benchmarks/spec2006/400.perlbench.bc	400.perlbench.bc	original	S_cl_is_anything	1	0	0	1.003361	192	1
benchmarks/spec2006/400.perlbench.bc	400.perlbench.bc	original	S_add_data	1	0	0	1.003566	184	1
benchmarks/spec2006/400.perlbench.bc	400.perlbench.bc	original	S_cl_init_zero	1	0	0	1.004411	176	1
benchmarks/spec2006/400.perlbench.bc	400.perlbench.bc	original	S_cl_or	1	0	0	1.003447	232	1
benchmarks/spec2006/400.perlbench.bc	400.perlbench.bc	original	S_cl_and	1	0	0	1.002626	204	1
benchmarks/spec2006/400.perlbench.bc	400.perlbench.bc	original	S_cl_anything	1	0	0	1.002657	180	1
benchmarks/spec2006/400.perlbench.bc	400.perlbench.bc	original	S_re_croak2	1	0	0	1.004080	8	1
benchmarks/spec2006/400.perlbench.bc	400.perlbench.bc	original	S_nextchar	1	0	0	8.012233	125012	1
benchmarks/spec2006/400.perlbench.bc	400.perlbench.bc	original	Perl_save_re_context	1	0	0	1.003139	204	1
benchmarks/spec2006/400.perlbench.bc	400.perlbench.bc	original	S_reg_node	1	0	0	1.002706	188	1
benchmarks/spec2006/400.perlbench.bc	400.perlbench.bc	original	S_reganode	1	0	0	1.002470	204	1
benchmarks/spec2006/400.perlbench.bc	400.perlbench.bc	original	S_regtail	1	0	0	1.002488	208	1
benchmarks/spec2006/400.perlbench.bc	400.perlbench.bc	original	S_regbranch	1	0	0	5.008606	118812	1
benchmarks/spec2006/400.perlbench.bc	400.perlbench.bc	original	S_reginsert	1	0	0	1.003161	204	1
benchmarks/spec2006/400.perlbench.bc	400.perlbench.bc	original	S_regoptail	1	0	0	1.003629	76	1
benchmarks/spec2006/400.perlbench.bc	400.perlbench.bc	original	S_regpiece	1	-9	1	185.278159	174372	0
benchmarks/spec2006/400.perlbench.bc	400.perlbench.bc	original	S_regatom	1	-9	1	185.281149	459592	0
benchmarks/spec2006/400.perlbench.bc	400.perlbench.bc	original	S_regcurly	1	0	0	1.003327	204	1
benchmarks/spec2006/400.perlbench.bc	400.perlbench.bc	original	S_regclass	1	0	0	1.004116	208	1
benchmarks/spec2006/400.perlbench.bc	400.perlbench.bc	original	S_regwhite	1	0	0	1.002188	204	1
benchmarks/spec2006/400.perlbench.bc	400.perlbench.bc	original	S_reguni	1	0	0	1.002969	180	1
benchmarks/spec2006/400.perlbench.bc	400.perlbench.bc	original	S_checkposixcc	1	0	0	1.005319	180	1
benchmarks/spec2006/400.perlbench.bc	400.perlbench.bc	original	S_regpposixcc	1	0	0	1.003921	192	1
benchmarks/spec2006/400.perlbench.bc	400.perlbench.bc	original	Perl_regdump	1	0	0	1.003559	184	1
benchmarks/spec2006/400.perlbench.bc	400.perlbench.bc	original	Perl_regprop	1	0	0	1.004500	204	1
benchmarks/spec2006/400.perlbench.bc	400.perlbench.bc	original	Perl_re_intuit_string	1	0	0	1.003249	204	1
benchmarks/spec2006/400.perlbench.bc	400.perlbench.bc	original	Perl_pregfree	1	0	0	1.002708	188	1
benchmarks/spec2006/400.perlbench.bc	400.perlbench.bc	original	Perl_pregexec	1	0	0	1.003840	180	1
benchmarks/spec2006/400.perlbench.bc	400.perlbench.bc	original	Perl_regexec_flags	1	-9	1	185.275992	293716	0
benchmarks/spec2006/400.perlbench.bc	400.perlbench.bc	original	S_cache_re	1	0	0	1.002993	208	1
benchmarks/spec2006/400.perlbench.bc	400.perlbench.bc	original	Perl_re_intuit_start	1	-9	1	185.353372	4912540	0
benchmarks/spec2006/400.perlbench.bc	400.perlbench.bc	original	S_regtry	1	0	0	1.003227	204	1
benchmarks/spec2006/400.perlbench.bc	400.perlbench.bc	original	S_reghop3	1	0	0	1.002922	204	1
benchmarks/spec2006/400.perlbench.bc	400.perlbench.bc	original	S_to_utf8_substr	1	0	0	1.003322	8	1
benchmarks/spec2006/400.perlbench.bc	400.perlbench.bc	original	S_to_byte_substr	1	0	0	1.003615	8	1
benchmarks/spec2006/400.perlbench.bc	400.perlbench.bc	original	S_reghop	1	0	0	1.003466	204	1
benchmarks/spec2006/400.perlbench.bc	400.perlbench.bc	original	S_find_byclass	1	-9	1	185.278012	342848	0
benchmarks/spec2006/400.perlbench.bc	400.perlbench.bc	original	restore_pos	1	0	0	1.003355	204	1
benchmarks/spec2006/400.perlbench.bc	400.perlbench.bc	original	S_reginclass	1	-9	1	185.274729	222008	0
benchmarks/spec2006/400.perlbench.bc	400.perlbench.bc	original	Perl_regclass_swash	1	0	0	1.003388	204	1
benchmarks/spec2006/400.perlbench.bc	400.perlbench.bc	original	S_regmatch	1	-9	1	186.537252	11696060	0
benchmarks/spec2006/400.perlbench.bc	400.perlbench.bc	original	S_regcppush	1	0	0	2.004966	118884	1
benchmarks/spec2006/400.perlbench.bc	400.perlbench.bc	original	S_regcppop	1	0	0	2.004388	118560	1
benchmarks/spec2006/400.perlbench.bc	400.perlbench.bc	original	S_regrepeat_hard	1	0	0	1.002048	232	1
benchmarks/spec2006/400.perlbench.bc	400.perlbench.bc	original	S_regrepeat	1	0	0	1.002426	240	1
benchmarks/spec2006/400.perlbench.bc	400.perlbench.bc	original	S_regcp_set_to	1	0	0	1.002927	204	1
benchmarks/spec2006/400.perlbench.bc	400.perlbench.bc	original	S_reghopmaybe	1	0	0	1.003426	180	1
benchmarks/spec2006/400.perlbench.bc	400.perlbench.bc	original	S_reghopmaybe3	1	0	0	1.003170	204	1
benchmarks/spec2006/400.perlbench.bc	400.perlbench.bc	original	Perl_runops_standard	1	0	0	1.005368	200	1
benchmarks/spec2006/400.perlbench.bc	400.perlbench.bc	original	Perl_stack_grow	1	0	0	1.305939	180	1
benchmarks/spec2006/400.perlbench.bc	400.perlbench.bc	original	Perl_new_stackinfo	1	0	0	1.002655	204	1
benchmarks/spec2006/400.perlbench.bc	400.perlbench.bc	original	Perl_cxinc	1	0	0	1.001628	188	1
benchmarks/spec2006/400.perlbench.bc	400.perlbench.bc	original	Perl_push_return	1	0	0	1.003809	208	1
benchmarks/spec2006/400.perlbench.bc	400.perlbench.bc	original	Perl_pop_return	1	0	0	1.007978	204	1
benchmarks/spec2006/400.perlbench.bc	400.perlbench.bc	original	Perl_push_scope	1	0	0	1.002281	208	1
benchmarks/spec2006/400.perlbench.bc	400.perlbench.bc	original	Perl_pop_scope	1	0	0	1.002038	236	1
benchmarks/spec2006/400.perlbench.bc	400.perlbench.bc	original	Perl_leave_scope	1	0	0	1.002014	208	1
benchmarks/spec2006/400.perlbench.bc	400.perlbench.bc	original	Perl_markstack_grow	1	0	0	1.001969	96	1
benchmarks/spec2006/400.perlbench.bc	400.perlbench.bc	original	Perl_savestack_grow	1	0	0	1.002168	176	1
benchmarks/spec2006/400.perlbench.bc	400.perlbench.bc	original	Perl_savestack_grow_cnt	1	0	0	1.002076	232	1
benchmarks/spec2006/400.perlbench.bc	400.perlbench.bc	original	Perl_tmps_grow	1	0	0	1.002901	204	1
benchmarks/spec2006/400.perlbench.bc	400.perlbench.bc	original	Perl_free_tmps	1	0	0	1.003341	208	1
benchmarks/spec2006/400.perlbench.bc	400.perlbench.bc	original	Perl_save_scalar	1	0	0	1.003272	204	1
benchmarks/spec2006/400.perlbench.bc	400.perlbench.bc	original	S_save_scalar_at	1	0	0	1.004093	192	1
benchmarks/spec2006/400.perlbench.bc	400.perlbench.bc	original	Perl_save_sptr	1	0	0	1.002241	204	1
benchmarks/spec2006/400.perlbench.bc	400.perlbench.bc	original	Perl_save_svref	1	0	0	1.002240	236	1
benchmarks/spec2006/400.perlbench.bc	400.perlbench.bc	original	Perl_save_generic_svref	1	0	0	1.001966	204	1
benchmarks/spec2006/400.perlbench.bc	400.perlbench.bc	original	Perl_save_generic_pvref	1	0	0	1.002034	188	1
benchmarks/spec2006/400.perlbench.bc	400.perlbench.bc	original	Perl_save_shared_pvref	1	0	0	1.002384	208	1
benchmarks/spec2006/400.perlbench.bc	400.perlbench.bc	original	Perl_save_gp	1	0	0	1.002913	204	1
benchmarks/spec2006/400.perlbench.bc	400.perlbench.bc	original	Perl_save_ary	1	0	0	1.002884	204	1
benchmarks/spec2006/400.perlbench.bc	400.perlbench.bc	original	Perl_save_hash	1	0	0	1.002883	240	1
benchmarks/spec2006/400.perlbench.bc	400.perlbench.bc	original	Perl_save_item	1	0	0	1.003337	204	1
benchmarks/spec2006/400.perlbench.bc	400.perlbench.bc	original	Perl_save_int	1	0	0	5.949875	118924	1
benchmarks/spec2006/400.perlbench.bc	400.perlbench.bc	original	Perl_save_long	1	0	0	1.002165	196	1
benchmarks/spec2006/400.perlbench.bc	400.perlbench.bc	original	Perl_save_bool	1	0	0	1.002468	1608	1
benchmarks/spec2006/400.perlbench.bc	400.perlbench.bc	original	Perl_save_I32	1	0	0	1.002013	204	1
benchmarks/spec2006/400.perlbench.bc	400.perlbench.bc	original	Perl_save_I16	1	0	0	1.003845	180	1
benchmarks/spec2006/400.perlbench.bc	400.perlbench.bc	original	Perl_save_I8	1	0	0	1.002784	188	1
benchmarks/spec2006/400.perlbench.bc	400.perlbench.bc	original	Perl_save_iv	1	0	0	1.002281	208	1
benchmarks/spec2006/400.perlbench.bc	400.perlbench.bc	original	Perl_save_pptr	1	0	0	1.002397	184	1
benchmarks/spec2006/400.perlbench.bc	400.perlbench.bc	original	Perl_save_vptr	1	0	0	1.002596	164	1
benchmarks/spec2006/400.perlbench.bc	400.perlbench.bc	original	Perl_save_padsv	1	0	0	1.002360	204	1
benchmarks/spec2006/400.perlbench.bc	400.perlbench.bc	original	Perl_save_threadsv	1	0	0	1.002525	180	1
benchmarks/spec2006/400.perlbench.bc	400.perlbench.bc	original	Perl_save_nogv	1	0	0	1.002132	204	1
benchmarks/spec2006/400.perlbench.bc	400.perlbench.bc	original	Perl_save_hptr	1	0	0	1.002640	204	1
benchmarks/spec2006/400.perlbench.bc	400.perlbench.bc	original	Perl_save_aptr	1	0	0	1.002861	208	1
benchmarks/spec2006/400.perlbench.bc	400.perlbench.bc	original	Perl_save_freesv	1	0	0	1.002991	204	1
benchmarks/spec2006/400.perlbench.bc	400.perlbench.bc	original	Perl_save_mortalizesv	1	0	0	1.002652	192	1
benchmarks/spec2006/400.perlbench.bc	400.perlbench.bc	original	Perl_save_freeop	1	0	0	1.002053	164	1
benchmarks/spec2006/400.perlbench.bc	400.perlbench.bc	original	Perl_save_freepv	1	0	0	1.003321	1696	1
benchmarks/spec2006/400.perlbench.bc	400.perlbench.bc	original	Perl_save_clearsv	1	0	0	1.002728	204	1
benchmarks/spec2006/400.perlbench.bc	400.perlbench.bc	original	Perl_save_delete	1	0	0	1.003380	180	1
benchmarks/spec2006/400.perlbench.bc	400.perlbench.bc	original	Perl_save_list	1	0	0	1.006197	204	1
benchmarks/spec2006/400.perlbench.bc	400.perlbench.bc	original	Perl_save_destructor	1	0	0	1.003528	236	1
benchmarks/spec2006/400.perlbench.bc	400.perlbench.bc	original	Perl_save_destructor_x	1	0	0	1.003159	204	1
benchmarks/spec2006/400.perlbench.bc	400.perlbench.bc	original	Perl_save_aelem	1	0	0	1.002853	236	1
benchmarks/spec2006/400.perlbench.bc	400.perlbench.bc	original	Perl_save_helem	1	0	0	1.003612	188	1
benchmarks/spec2006/400.perlbench.bc	400.perlbench.bc	original	Perl_save_op	1	0	0	1.002254	20	1
benchmarks/spec2006/400.perlbench.bc	400.perlbench.bc	original	Perl_save_alloc	1	0	0	1.002395	208	1
benchmarks/spec2006/400.perlbench.bc	400.perlbench.bc	original	Perl_cx_dump	1	0	0	1.002938	200	1
benchmarks/spec2006/400.perlbench.bc	400.perlbench.bc	original	Perl_sv_add_arena	1	0	0	1.002556	208	1
benchmarks/spec2006/400.perlbench.bc	400.perlbench.bc	original	Perl_sv_report_used	1	0	0	1.002984	204	1
benchmarks/spec2006/400.perlbench.bc	400.perlbench.bc	original	Perl_sv_clean_objs	1	0	0	1.003059	184	1
benchmarks/spec2006/400.perlbench.bc	400.perlbench.bc	original	do_clean_objs	1	0	0	1.002175	204	1
benchmarks/spec2006/400.perlbench.bc	400.perlbench.bc	original	S_visit	1	0	0	1.002385	196	1
benchmarks/spec2006/400.perlbench.bc	400.perlbench.bc	original	do_clean_named_objs	1	0	0	1.002790	208	1
benchmarks/spec2006/400.perlbench.bc	400.perlbench.bc	original	Perl_sv_free	1	0	0	1.001563	200	1
benchmarks/spec2006/400.perlbench.bc	400.perlbench.bc	original	Perl_sv_clear	1	0	0	2.005999	118944	1
benchmarks/spec2006/400.perlbench.bc	400.perlbench.bc	original	Perl_newRV	1	0	0	1.002137	200	1
benchmarks/spec2006/400.perlbench.bc	400.perlbench.bc	original	Perl_sv_backoff	1	0	0	1.002310	184	1
benchmarks/spec2006/400.perlbench.bc	400.perlbench.bc	original	S_sv_del_backref	1	0	0	1.002689	208	1
benchmarks/spec2006/400.perlbench.bc	400.perlbench.bc	original	S_del_xiv	1	0	0	1.002821	176	1
benchmarks/spec2006/400.perlbench.bc	400.perlbench.bc	original	S_del_xnv	1	0	0	1.002614	200	1
benchmarks/spec2006/400.perlbench.bc	400.perlbench.bc	original	S_del_xrv	1	0	0	1.003175	200	1
benchmarks/spec2006/400.perlbench.bc	400.perlbench.bc	original	S_del_xpv	1	0	0	1.002784	184	1
benchmarks/spec2006/400.perlbench.bc	400.perlbench.bc	original	S_del_xpviv	1	0	0	3.017746	118812	1
benchmarks/spec2006/400.perlbench.bc	400.perlbench.bc	original	S_del_xpvnv	1	0	0	2.006979	118516	1
benchmarks/spec2006/400.perlbench.bc	400.perlbench.bc	original	S_del_xpvmg	1	0	0	1.003247	80	1
benchmarks/spec2006/400.perlbench.bc	400.perlbench.bc	original	S_del_xpvlv	1	0	0	1.002079	208	1
benchmarks/spec2006/400.perlbench.bc	400.perlbench.bc	original	S_del_xpvav	1	0	0	1.002046	180	1
benchmarks/spec2006/400.perlbench.bc	400.perlbench.bc	original	S_del_xpvhv	1	0	0	1.002159	204	1
benchmarks/spec2006/400.perlbench.bc	400.perlbench.bc	original	S_del_xpvcv	1	0	0	1.001757	168	1
benchmarks/spec2006/400.perlbench.bc	400.perlbench.bc	original	S_del_xpvbm	1	0	0	1.002124	96	1
benchmarks/spec2006/400.perlbench.bc	400.perlbench.bc	original	Perl_newRV_noinc	1	0	0	1.002459	192	1
benchmarks/spec2006/400.perlbench.bc	400.perlbench.bc	original	S_more_sv	1	0	0	1.002253	204	1
benchmarks/spec2006/400.perlbench.bc	400.perlbench.bc	original	Perl_sv_upgrade	1	0	0	1.002113	200	1
benchmarks/spec2006/400.perlbench.bc	400.perlbench.bc	original	Perl_sv_force_normal	1	0	0	1.002190	208	1
benchmarks/spec2006/400.perlbench.bc	400.perlbench.bc	original	S_new_xiv	1	0	0	1.004019	204	1
benchmarks/spec2006/400.perlbench.bc	400.perlbench.bc	original	S_new_xnv	1	0	0	1.003380	204	1
benchmarks/spec2006/400.perlbench.bc	400.perlbench.bc	original	S_new_xrv	1	0	0	1.002901	204	1
benchmarks/spec2006/400.perlbench.bc	400.perlbench.bc	original	S_new_xpv	1	0	0	1.002399	104	1
benchmarks/spec2006/400.perlbench.bc	400.perlbench.bc	original	S_new_xpviv	1	0	0	1.002130	240	1
benchmarks/spec2006/400.perlbench.bc	400.perlbench.bc	original	S_new_xpvnv	1	0	0	1.002237	208	1
benchmarks/spec2006/400.perlbench.bc	400.perlbench.bc	original	S_new_xpvmg	1	0	0	1.001959	104	1
benchmarks/spec2006/400.perlbench.bc	400.perlbench.bc	original	S_new_xpvlv	1	0	0	1.001983	204	1
benchmarks/spec2006/400.perlbench.bc	400.perlbench.bc	original	S_new_xpvav	1	0	0	1.002425	180	1
benchmarks/spec2006/400.perlbench.bc	400.perlbench.bc	original	S_new_xpvhv	1	0	0	1.003363	232	1
benchmarks/spec2006/400.perlbench.bc	400.perlbench.bc	original	S_new_xpvcv	1	0	0	1.003050	196	1
benchmarks/spec2006/400.perlbench.bc	400.perlbench.bc	original	S_new_xpvbm	1	0	0	1.002970	208	1
benchmarks/spec2006/400.perlbench.bc	400.perlbench.bc	original	S_more_xpvbm	1	0	0	1.003601	208	1
benchmarks/spec2006/400.perlbench.bc	400.perlbench.bc	original	S_more_xpvcv	1	0	0	1.003321	200	1
benchmarks/spec2006/400.perlbench.bc	400.perlbench.bc	original	S_more_xpvhv	1	0	0	1.002992	204	1
benchmarks/spec2006/400.perlbench.bc	400.perlbench.bc	original	S_more_xpvav	1	0	0	1.002641	184	1
benchmarks/spec2006/400.perlbench.bc	400.perlbench.bc	original	S_more_xpvlv	1	0	0	1.002129	100	1
benchmarks/spec2006/400.perlbench.bc	400.perlbench.bc	original	S_more_xpvmg	1	0	0	1.002393	208	1
benchmarks/spec2006/400.perlbench.bc	400.perlbench.bc	original	S_more_xpvnv	1	0	0	1.003055	236	1
benchmarks/spec2006/400.perlbench.bc	400.perlbench.bc	original	S_more_xpviv	1	0	0	1.003504	208	1
benchmarks/spec2006/400.perlbench.bc	400.perlbench.bc	original	S_more_xpv	1	0	0	1.003142	204	1
benchmarks/spec2006/400.perlbench.bc	400.perlbench.bc	original	S_more_xrv	1	0	0	1.002618	180	1
benchmarks/spec2006/400.perlbench.bc	400.perlbench.bc	original	S_more_xnv	1	0	0	1.002986	192	1
benchmarks/spec2006/400.perlbench.bc	400.perlbench.bc	original	S_more_xiv	1	0	0	1.003287	204	1
benchmarks/spec2006/400.perlbench.bc	400.perlbench.bc	original	Perl_sv_force_normal_flags	1	0	0	1.003851	180	1
benchmarks/spec2006/400.perlbench.bc	400.perlbench.bc	original	Perl_sv_grow	1	0	0	1.003720	196	1
benchmarks/spec2006/400.perlbench.bc	400.perlbench.bc	original	Perl_sv_unref_flags	1	0	0	1.004721	204	1
benchmarks/spec2006/400.perlbench.bc	400.perlbench.bc	original	S_sv_unglob	1	0	0	1.004648	232	1
benchmarks/spec2006/400.perlbench.bc	400.perlbench.bc	original	Perl_sv_unmagic	1	0	0	1.004114	188	1
benchmarks/spec2006/400.perlbench.bc	400.perlbench.bc	original	Perl_sv_2mortal	1	0	0	1.003681	204	1
benchmarks/spec2006/400.perlbench.bc	400.perlbench.bc	original	Perl_sv_unref	1	0	0	1.003902	180	1
benchmarks/spec2006/400.perlbench.bc	400.perlbench.bc	original	Perl_sv_clean_all	1	0	0	1.004103	204	1
benchmarks/spec2006/400.perlbench.bc	400.perlbench.bc	original	do_clean_all	1	0	0	1.004151	188	1
benchmarks/spec2006/400.perlbench.bc	400.perlbench.bc	original	Perl_sv_free_arenas	1	0	0	1.003458	196	1
benchmarks/spec2006/400.perlbench.bc	400.perlbench.bc	original	Perl_report_uninit	1	0	0	1.004585	180	1
benchmarks/spec2006/400.perlbench.bc	400.perlbench.bc	original	Perl_sv_setiv	1	0	0	1.003613	184	1
benchmarks/spec2006/400.perlbench.bc	400.perlbench.bc	original	Perl_sv_reftype	1	0	0	1.003382	184	1
benchmarks/spec2006/400.perlbench.bc	400.perlbench.bc	original	Perl_sv_taint	1	0	0	1.003154	188	1
benchmarks/spec2006/400.perlbench.bc	400.perlbench.bc	original	Perl_sv_magic	1	0	0	1.002482	200	1
benchmarks/spec2006/400.perlbench.bc	400.perlbench.bc	original	Perl_sv_magicext	1	0	0	1.003061	236	1
benchmarks/spec2006/400.perlbench.bc	400.perlbench.bc	original	Perl_sv_rvweaken	1	0	0	1.003275	204	1
benchmarks/spec2006/400.perlbench.bc	400.perlbench.bc	original	S_sv_add_backref	1	0	0	1.002568	204	1
benchmarks/spec2006/400.perlbench.bc	400.perlbench.bc	original	Perl_sv_setiv_mg	1	0	0	1.003318	76	1
benchmarks/spec2006/400.perlbench.bc	400.perlbench.bc	original	Perl_sv_setuv	1	0	0	1.003829	180	1
benchmarks/spec2006/400.perlbench.bc	400.perlbench.bc	original	Perl_sv_setuv_mg	1	0	0	1.002919	196	1
benchmarks/spec2006/400.perlbench.bc	400.perlbench.bc	original	Perl_sv_setnv	1	0	0	1.003546	188	1
benchmarks/spec2006/400.perlbench.bc	400.perlbench.bc	original	Perl_sv_setnv_mg	1	0	0	1.004817	204	1
benchmarks/spec2006/400.perlbench.bc	400.perlbench.bc	original	Perl_looks_like_number	1	0	0	1.004727	196	1
benchmarks/spec2006/400.perlbench.bc	400.perlbench.bc	original	Perl_sv_2pv_flags	1	0	0	6.010832	149696	1
benchmarks/spec2006/400.perlbench.bc	400.perlbench.bc	original	Perl_newSV	1	0	0	1.003204	204	1
benchmarks/spec2006/400.perlbench.bc	400.perlbench.bc	original	Perl_sv_setpvf	1	0	0	1.003453	208	1
benchmarks/spec2006/400.perlbench.bc	400.perlbench.bc	original	uiv_2buf	1	0	0	1.003818	208	1
benchmarks/spec2006/400.perlbench.bc	400.perlbench.bc	original	Perl_newSVpv	1	0	0	1.003861	204	1
benchmarks/spec2006/400.perlbench.bc	400.perlbench.bc	original	Perl_sv_setpvn	1	0	0	1.002386	236	1
benchmarks/spec2006/400.perlbench.bc	400.perlbench.bc	original	Perl_sv_vsetpvf	1	0	0	1.002699	1344	1
benchmarks/spec2006/400.perlbench.bc	400.perlbench.bc	original	Perl_sv_vsetpvfn	1	0	0	1.003107	84	1
benchmarks/spec2006/400.perlbench.bc	400.perlbench.bc	original	Perl_sv_vcatpvfn	1	-9	1	185.340256	3657676	0
benchmarks/spec2006/400.perlbench.bc	400.perlbench.bc	original	Perl_sv_pvn_force_flags	1	0	0	1.003931	204	1
benchmarks/spec2006/400.perlbench.bc	400.perlbench.bc	original	Perl_sv_catpv	1	0	0	1.003304	196	1
benchmarks/spec2006/400.perlbench.bc	400.perlbench.bc	original	Perl_sv_catsv_flags	1	0	0	1.002707	188	1
benchmarks/spec2006/400.perlbench.bc	400.perlbench.bc	original	Perl_sv_2nv	1	0	0	1.003129	204	1
benchmarks/spec2006/400.perlbench.bc	400.perlbench.bc	original	F0convert	1	0	0	1.003435	208	1
benchmarks/spec2006/400.perlbench.bc	400.perlbench.bc	original	Perl_sv_catpvn_flags	1	0	0	1.003364	204	1
benchmarks/spec2006/400.perlbench.bc	400.perlbench.bc	original	Perl_newSVpvn	1	0	0	1.002933	204	1
benchmarks/spec2006/400.perlbench.bc	400.perlbench.bc	original	Perl_sv_utf8_upgrade_flags	1	0	0	1.002997	200	1
benchmarks/spec2006/400.perlbench.bc	400.perlbench.bc	original	S_expect_number	1	0	0	1.003185	208	1
benchmarks/spec2006/400.perlbench.bc	400.perlbench.bc	original	Perl_sv_2iv	1	0	0	1.003055	156	1
benchmarks/spec2006/400.perlbench.bc	400.perlbench.bc	original	Perl_sv_pos_u2b	1	0	0	1.002752	196	1
benchmarks/spec2006/400.perlbench.bc	400.perlbench.bc	original	Perl_sv_len_utf8	1	0	0	1.002990	204	1
benchmarks/spec2006/400.perlbench.bc	400.perlbench.bc	original	Perl_sv_2uv	1	0	0	1.001817	180	1
benchmarks/spec2006/400.perlbench.bc	400.perlbench.bc	original	Perl_sv_newmortal	1	0	0	1.003041	204	1
benchmarks/spec2006/400.perlbench.bc	400.perlbench.bc	original	Perl_sv_catpvf	1	0	0	1.003275	200	1
benchmarks/spec2006/400.perlbench.bc	400.perlbench.bc	original	Perl_sv_vcatpvf	1	0	0	1.003216	204	1
benchmarks/spec2006/400.perlbench.bc	400.perlbench.bc	original	S_asUV	1	0	0	1.003613	204	1
benchmarks/spec2006/400.perlbench.bc	400.perlbench.bc	original	S_not_a_number	1	0	0	1.003924	240	1
benchmarks/spec2006/400.perlbench.bc	400.perlbench.bc	original	S_sv_2iuv_non_preserve	1	0	0	1.003927	204	1
benchmarks/spec2006/400.perlbench.bc	400.perlbench.bc	original	S_utf8_mg_pos	1	0	0	1.003274	204	1
benchmarks/spec2006/400.perlbench.bc	400.perlbench.bc	original	S_utf8_mg_pos_init	1	0	0	1.002680	80	1
benchmarks/spec2006/400.perlbench.bc	400.perlbench.bc	original	S_asIV	1	0	0	1.002320	188	1
benchmarks/spec2006/400.perlbench.bc	400.perlbench.bc	original	Perl_sv_recode_to_utf8	1	0	0	1.003775	4	1
benchmarks/spec2006/400.perlbench.bc	400.perlbench.bc	original	Perl_sv_2pv_nolen	1	0	0	1.003774	192	1
benchmarks/spec2006/400.perlbench.bc	400.perlbench.bc	original	Perl_sv_2pv	1	0	0	1.002751	176	1
benchmarks/spec2006/400.perlbench.bc	400.perlbench.bc	original	Perl_sv_copypv	1	0	0	1.004437	204	1
benchmarks/spec2006/400.perlbench.bc	400.perlbench.bc	original	Perl_sv_2pvbyte_nolen	1	0	0	1.002984	204	1
benchmarks/spec2006/400.perlbench.bc	400.perlbench.bc	original	Perl_sv_2pvbyte	1	0	0	1.003570	100	1
benchmarks/spec2006/400.perlbench.bc	400.perlbench.bc	original	Perl_sv_utf8_downgrade	1	0	0	1.003890	236	1
benchmarks/spec2006/400.perlbench.bc	400.perlbench.bc	original	Perl_sv_2pvutf8_nolen	1	0	0	1.003033	208	1
benchmarks/spec2006/400.perlbench.bc	400.perlbench.bc	original	Perl_sv_2pvutf8	1	0	0	1.002924	232	1
benchmarks/spec2006/400.perlbench.bc	400.perlbench.bc	original	Perl_sv_2bool	1	0	0	1.004888	240	1
benchmarks/spec2006/400.perlbench.bc	400.perlbench.bc	original	Perl_sv_utf8_upgrade	1	0	0	1.003894	208	1
benchmarks/spec2006/400.perlbench.bc	400.perlbench.bc	original	Perl_sv_utf8_encode	1	0	0	1.014090	208	1
benchmarks/spec2006/400.perlbench.bc	400.perlbench.bc	original	Perl_sv_utf8_decode	1	0	0	1.004068	184	1
benchmarks/spec2006/400.perlbench.bc	400.perlbench.bc	original	Perl_sv_setsv	1	0	0	1.003496	204	1
benchmarks/spec2006/400.perlbench.bc	400.perlbench.bc	original	Perl_sv_setsv_flags	1	0	0	1.002586	192	1
benchmarks/spec2006/400.perlbench.bc	400.perlbench.bc	original	Perl_sv_tainted	1	0	0	1.003952	200	1
benchmarks/spec2006/400.perlbench.bc	400.perlbench.bc	original	Perl_sv_cmp	1	0	0	1.003252	196	1
benchmarks/spec2006/400.perlbench.bc	400.perlbench.bc	original	Perl_sv_setsv_mg	1	0	0	1.002080	196	1
benchmarks/spec2006/400.perlbench.bc	400.perlbench.bc	original	Perl_sv_setpvn_mg	1	0	0	1.002321	108	1
benchmarks/spec2006/400.perlbench.bc	400.perlbench.bc	original	Perl_sv_setpv	1	0	0	1.003424	204	1
benchmarks/spec2006/400.perlbench.bc	400.perlbench.bc	original	Perl_sv_setpv_mg	1	0	0	1.003738	204	1
benchmarks/spec2006/400.perlbench.bc	400.perlbench.bc	original	Perl_sv_usepvn	1	0	0	1.003247	236	1
benchmarks/spec2006/400.perlbench.bc	400.perlbench.bc	original	Perl_sv_usepvn_mg	1	0	0	1.003990	204	1
benchmarks/spec2006/400.perlbench.bc	400.perlbench.bc	original	Perl_sv_chop	1	0	0	1.002393	180	1
benchmarks/spec2006/400.perlbench.bc	400.perlbench.bc	original	Perl_sv_catpvn	1	0	0	1.002924	164	1
benchmarks/spec2006/400.perlbench.bc	400.perlbench.bc	original	Perl_sv_catpvn_mg	1	0	0	1.004999	204	1
benchmarks/spec2006/400.perlbench.bc	400.perlbench.bc	original	Perl_sv_catsv	1	0	0	1.004143	188	1
benchmarks/spec2006/400.perlbench.bc	400.perlbench.bc	original	Perl_sv_catsv_mg	1	0	0	1.002678	204	1
benchmarks/spec2006/400.perlbench.bc	400.perlbench.bc	original	Perl_sv_catpv_mg	1	0	0	1.002678	240	1
benchmarks/spec2006/400.perlbench.bc	400.perlbench.bc	original	Perl_sv_insert	1	0	0	1.003907	208	1
benchmarks/spec2006/400.perlbench.bc	400.perlbench.bc	original	Perl_sv_replace	1	0	0	1.003035	180	1
benchmarks/spec2006/400.perlbench.bc	400.perlbench.bc	original	Perl_sv_newref	1	0	0	1.003532	208	1
benchmarks/spec2006/400.perlbench.bc	400.perlbench.bc	original	Perl_sv_len	1	0	0	1.003231	8	1
benchmarks/spec2006/400.perlbench.bc	400.perlbench.bc	original	Perl_sv_pos_b2u	1	0	0	1.003608	204	1
benchmarks/spec2006/400.perlbench.bc	400.perlbench.bc	original	Perl_sv_eq	1	0	0	1.002519	204	1
benchmarks/spec2006/400.perlbench.bc	400.perlbench.bc	original	Perl_sv_cmp_locale	1	0	0	1.003348	200	1
benchmarks/spec2006/400.perlbench.bc	400.perlbench.bc	original	Perl_sv_gets	1	-9	1	185.281452	309016	0
benchmarks/spec2006/400.perlbench.bc	400.perlbench.bc	original	Perl_sv_inc	1	0	0	183.258127	136128	1
benchmarks/spec2006/400.perlbench.bc	400.perlbench.bc	original	Perl_sv_dec	1	0	0	1.002903	188	1
benchmarks/spec2006/400.perlbench.bc	400.perlbench.bc	original	Perl_sv_mortalcopy	1	0	0	1.003804	236	1
benchmarks/spec2006/400.perlbench.bc	400.perlbench.bc	original	Perl_newSVpvn_share	1	0	0	1.003493	208	1
benchmarks/spec2006/400.perlbench.bc	400.perlbench.bc	original	Perl_newSVpvf	1	0	0	1.003932	188	1
benchmarks/spec2006/400.perlbench.bc	400.perlbench.bc	original	Perl_vnewSVpvf	1	0	0	1.004576	208	1
benchmarks/spec2006/400.perlbench.bc	400.perlbench.bc	original	Perl_newSVnv	1	0	0	1.003471	208	1
benchmarks/spec2006/400.perlbench.bc	400.perlbench.bc	original	Perl_newSViv	1	0	0	1.004359	188	1
benchmarks/spec2006/400.perlbench.bc	400.perlbench.bc	original	Perl_newSVuv	1	0	0	1.005064	192	1
benchmarks/spec2006/400.perlbench.bc	400.perlbench.bc	original	Perl_newSVsv	1	0	0	1.003820	204	1
benchmarks/spec2006/400.perlbench.bc	400.perlbench.bc	original	Perl_sv_reset	1	0	0	1.004553	232	1
benchmarks/spec2006/400.perlbench.bc	400.perlbench.bc	original	Perl_sv_2io	1	0	0	1.003807	196	1
benchmarks/spec2006/400.perlbench.bc	400.perlbench.bc	original	Perl_sv_2cv	1	0	0	5.007885	118860	1
benchmarks/spec2006/400.perlbench.bc	400.perlbench.bc	original	Perl_sv_true	1	0	0	1.002684	200	1
benchmarks/spec2006/400.perlbench.bc	400.perlbench.bc	original	Perl_sv_iv	1	0	0	1.003144	232	1
benchmarks/spec2006/400.perlbench.bc	400.perlbench.bc	original	Perl_sv_uv	1	0	0	1.003911	184	1
benchmarks/spec2006/400.perlbench.bc	400.perlbench.bc	original	Perl_sv_nv	1	0	0	1.004737	196	1
benchmarks/spec2006/400.perlbench.bc	400.perlbench.bc	original	Perl_sv_pv	1	0	0	1.003937	208	1
benchmarks/spec2006/400.perlbench.bc	400.perlbench.bc	original	Perl_sv_pvn	1	0	0	1.003421	208	1
benchmarks/spec2006/400.perlbench.bc	400.perlbench.bc	original	Perl_sv_pvn_nomg	1	0	0	1.004350	1848	1
benchmarks/spec2006/400.perlbench.bc	400.perlbench.bc	original	Perl_sv_pvn_force	1	0	0	1.003267	208	1
benchmarks/spec2006/400.perlbench.bc	400.perlbench.bc	original	Perl_sv_pvbyte	1	0	0	1.003429	236	1
benchmarks/spec2006/400.perlbench.bc	400.perlbench.bc	original	Perl_sv_pvbyten	1	0	0	1.003507	4	1
benchmarks/spec2006/400.perlbench.bc	400.perlbench.bc	original	Perl_sv_pvbyten_force	1	0	0	1.002729	232	1
benchmarks/spec2006/400.perlbench.bc	400.perlbench.bc	original	Perl_sv_pvutf8	1	0	0	1.003215	204	1
benchmarks/spec2006/400.perlbench.bc	400.perlbench.bc	original	Perl_sv_pvutf8n	1	0	0	1.002874	204	1
benchmarks/spec2006/400.perlbench.bc	400.perlbench.bc	original	Perl_sv_pvutf8n_force	1	0	0	1.002798	204	1
benchmarks/spec2006/400.perlbench.bc	400.perlbench.bc	original	Perl_sv_isobject	1	0	0	1.003481	192	1
benchmarks/spec2006/400.perlbench.bc	400.perlbench.bc	original	Perl_sv_isa	1	0	0	1.003661	240	1
benchmarks/spec2006/400.perlbench.bc	400.perlbench.bc	original	Perl_newSVrv	1	0	0	1.005553	208	1
benchmarks/spec2006/400.perlbench.bc	400.perlbench.bc	original	Perl_sv_bless	1	0	0	1.003514	204	1
benchmarks/spec2006/400.perlbench.bc	400.perlbench.bc	original	Perl_sv_setref_pv	1	0	0	1.003358	204	1
benchmarks/spec2006/400.perlbench.bc	400.perlbench.bc	original	Perl_sv_setref_iv	1	0	0	1.003448	204	1
benchmarks/spec2006/400.perlbench.bc	400.perlbench.bc	original	Perl_sv_setref_uv	1	0	0	1.003044	184	1
benchmarks/spec2006/400.perlbench.bc	400.perlbench.bc	original	Perl_sv_setref_nv	1	0	0	1.003411	208	1
benchmarks/spec2006/400.perlbench.bc	400.perlbench.bc	original	Perl_sv_setref_pvn	1	0	0	1.003384	208	1
benchmarks/spec2006/400.perlbench.bc	400.perlbench.bc	original	Perl_sv_untaint	1	0	0	1.003500	180	1
benchmarks/spec2006/400.perlbench.bc	400.perlbench.bc	original	Perl_sv_setpviv	1	0	0	1.002928	204	1
benchmarks/spec2006/400.perlbench.bc	400.perlbench.bc	original	Perl_sv_setpviv_mg	1	0	0	1.002634	204	1
benchmarks/spec2006/400.perlbench.bc	400.perlbench.bc	original	Perl_sv_setpvf_mg	1	0	0	1.003701	232	1
benchmarks/spec2006/400.perlbench.bc	400.perlbench.bc	original	Perl_sv_vsetpvf_mg	1	0	0	1.004514	208	1
benchmarks/spec2006/400.perlbench.bc	400.perlbench.bc	original	Perl_sv_catpvf_mg	1	0	0	1.013776	200	1
benchmarks/spec2006/400.perlbench.bc	400.perlbench.bc	original	Perl_sv_vcatpvf_mg	1	0	0	1.003258	196	1
benchmarks/spec2006/400.perlbench.bc	400.perlbench.bc	original	Perl_sv_cat_decode	1	0	0	1.003454	208	1
benchmarks/spec2006/400.perlbench.bc	400.perlbench.bc	original	Perl_taint_proper	1	0	0	1.003639	240	1
benchmarks/spec2006/400.perlbench.bc	400.perlbench.bc	original	Perl_taint_env	1	0	0	1.003749	204	1
benchmarks/spec2006/400.perlbench.bc	400.perlbench.bc	original	Perl_deprecate	1	0	0	1.003780	236	1
benchmarks/spec2006/400.perlbench.bc	400.perlbench.bc	original	Perl_deprecate_old	1	0	0	1.003927	224	1
benchmarks/spec2006/400.perlbench.bc	400.perlbench.bc	original	Perl_lex_start	1	0	0	1.003485	180	1
benchmarks/spec2006/400.perlbench.bc	400.perlbench.bc	original	restore_rsfp	1	0	0	1.003036	204	1
benchmarks/spec2006/400.perlbench.bc	400.perlbench.bc	original	Perl_lex_end	1	0	0	1.003766	204	1
benchmarks/spec2006/400.perlbench.bc	400.perlbench.bc	original	Perl_str_to_version	1	0	0	1.003803	180	1
benchmarks/spec2006/400.perlbench.bc	400.perlbench.bc	original	Perl_filter_add	1	0	0	1.004315	204	1
benchmarks/spec2006/400.perlbench.bc	400.perlbench.bc	original	Perl_filter_del	1	0	0	1.003708	236	1
benchmarks/spec2006/400.perlbench.bc	400.perlbench.bc	original	Perl_filter_read	1	0	0	1.003327	196	1
benchmarks/spec2006/400.perlbench.bc	400.perlbench.bc	original	Perl_yylex	1	-9	1	319.579091	17906728	0
benchmarks/spec2006/400.perlbench.bc	400.perlbench.bc	original	S_pending_ident	1	0	0	1.010186	288	1
benchmarks/spec2006/400.perlbench.bc	400.perlbench.bc	original	S_force_next	1	0	0	1.003802	236	1
benchmarks/spec2006/400.perlbench.bc	400.perlbench.bc	original	S_ao	1	0	0	1.005652	204	1
benchmarks/spec2006/400.perlbench.bc	400.perlbench.bc	original	S_sublex_push	1	0	0	1.004879	184	1
benchmarks/spec2006/400.perlbench.bc	400.perlbench.bc	original	S_sublex_done	1	0	0	1.005566	196	1
benchmarks/spec2006/400.perlbench.bc	400.perlbench.bc	original	S_force_ident	1	0	0	1.006100	188	1
benchmarks/spec2006/400.perlbench.bc	400.perlbench.bc	original	S_intuit_more	1	0	0	1.004627	204	1
benchmarks/spec2006/400.perlbench.bc	400.perlbench.bc	original	S_tokeq	1	0	0	1.004164	236	1
benchmarks/spec2006/400.perlbench.bc	400.perlbench.bc	original	S_new_constant	1	0	0	1.002778	176	1
benchmarks/spec2006/400.perlbench.bc	400.perlbench.bc	original	S_scan_const	1	-9	1	185.363799	2940648	0
benchmarks/spec2006/400.perlbench.bc	400.perlbench.bc	original	S_scan_formline	1	-9	1	185.276903	133524	0
benchmarks/spec2006/400.perlbench.bc	400.perlbench.bc	original	Perl_yyerror	1	0	0	1.076381	47940	1
benchmarks/spec2006/400.perlbench.bc	400.perlbench.bc	original	S_incl_perldb	1	0	0	1.003674	200	1
benchmarks/spec2006/400.perlbench.bc	400.perlbench.bc	original	S_filter_gets	1	0	0	1.002759	208	1
benchmarks/spec2006/400.perlbench.bc	400.perlbench.bc	original	S_swallow_bom	1	0	0	1.004879	180	1
benchmarks/spec2006/400.perlbench.bc	400.perlbench.bc	original	S_incline	1	0	0	1.004555	1360	1
benchmarks/spec2006/400.perlbench.bc	400.perlbench.bc	original	S_force_word	1	0	0	1.005642	204	1
benchmarks/spec2006/400.perlbench.bc	400.perlbench.bc	original	S_skipspace	1	-9	1	185.282451	140448	0
benchmarks/spec2006/400.perlbench.bc	400.perlbench.bc	original	S_check_uni	1	0	0	1.006230	192	1
benchmarks/spec2006/400.perlbench.bc	400.perlbench.bc	original	S_scan_ident	1	-9	1	185.299736	305964	0
benchmarks/spec2006/400.perlbench.bc	400.perlbench.bc	original	S_scan_word	1	-9	1	185.300423	132700	0
benchmarks/spec2006/400.perlbench.bc	400.perlbench.bc	original	Perl_keyword	1	0	0	1.003545	180	1
benchmarks/spec2006/400.perlbench.bc	400.perlbench.bc	original	S_scan_str	1	-9	1	185.287906	465848	0
benchmarks/spec2006/400.perlbench.bc	400.perlbench.bc	original	S_scan_heredoc	1	0	0	1.014566	15024	1
benchmarks/spec2006/400.perlbench.bc	400.perlbench.bc	original	S_scan_inputsymbol	1	0	0	1.004940	196	1
benchmarks/spec2006/400.perlbench.bc	400.perlbench.bc	original	S_sublex_start	1	0	0	1.004198	176	1
benchmarks/spec2006/400.perlbench.bc	400.perlbench.bc	original	S_depcom	1	0	0	1.002915	236	1
benchmarks/spec2006/400.perlbench.bc	400.perlbench.bc	original	S_no_op	1	0	0	1.003491	204	1
benchmarks/spec2006/400.perlbench.bc	400.perlbench.bc	original	S_scan_pat	1	0	0	1.005439	196	1
benchmarks/spec2006/400.perlbench.bc	400.perlbench.bc	original	Perl_scan_num	1	-9	1	185.298995	254060	0
benchmarks/spec2006/400.perlbench.bc	400.perlbench.bc	original	S_missingterm	1	0	0	1.003099	204	1
benchmarks/spec2006/400.perlbench.bc	400.perlbench.bc	original	S_set_csh	1	0	0	1.003732	204	1
benchmarks/spec2006/400.perlbench.bc	400.perlbench.bc	original	S_intuit_method	1	0	0	1.003543	204	1
benchmarks/spec2006/400.perlbench.bc	400.perlbench.bc	original	S_lop	1	0	0	1.007542	1700	1
benchmarks/spec2006/400.perlbench.bc	400.perlbench.bc	original	S_find_in_my_stash	1	0	0	1.004382	204	1
benchmarks/spec2006/400.perlbench.bc	400.perlbench.bc	original	S_force_version	1	0	0	1.006750	184	1
benchmarks/spec2006/400.perlbench.bc	400.perlbench.bc	original	S_checkcomma	1	0	0	1.015230	204	1
benchmarks/spec2006/400.perlbench.bc	400.perlbench.bc	original	S_scan_subst	1	0	0	2.004959	118556	1
benchmarks/spec2006/400.perlbench.bc	400.perlbench.bc	original	S_scan_trans	1	0	0	1.002424	208	1
benchmarks/spec2006/400.perlbench.bc	400.perlbench.bc	original	Perl_pmflag	1	0	0	1.003422	176	1
benchmarks/spec2006/400.perlbench.bc	400.perlbench.bc	original	Perl_scan_vstring	1	-9	1	185.278500	133476	0
benchmarks/spec2006/400.perlbench.bc	400.perlbench.bc	original	Perl_yywarn	1	0	0	1.014005	204	1
benchmarks/spec2006/400.perlbench.bc	400.perlbench.bc	original	utf16rev_textfilter	1	0	0	1.002614	240	1
benchmarks/spec2006/400.perlbench.bc	400.perlbench.bc	original	utf16_textfilter	1	0	0	1.013974	176	1
benchmarks/spec2006/400.perlbench.bc	400.perlbench.bc	original	Perl_start_subparse	1	0	0	1.003671	184	1
benchmarks/spec2006/400.perlbench.bc	400.perlbench.bc	original	Perl_sv_derived_from	1	0	0	1.004983	184	1
benchmarks/spec2006/400.perlbench.bc	400.perlbench.bc	original	S_isa_lookup	1	0	0	26.043694	126292	1
benchmarks/spec2006/400.perlbench.bc	400.perlbench.bc	original	Perl_boot_core_UNIVERSAL	1	0	0	1.004030	188	1
benchmarks/spec2006/400.perlbench.bc	400.perlbench.bc	original	XS_UNIVERSAL_isa	1	0	0	1.004447	240	1
benchmarks/spec2006/400.perlbench.bc	400.perlbench.bc	original	XS_UNIVERSAL_can	1	0	0	1.003963	196	1
benchmarks/spec2006/400.perlbench.bc	400.perlbench.bc	original	XS_UNIVERSAL_VERSION	1	-9	1	185.288771	127076	0
benchmarks/spec2006/400.perlbench.bc	400.perlbench.bc	original	XS_utf8_is_utf8	1	0	0	1.002981	204	1
benchmarks/spec2006/400.perlbench.bc	400.perlbench.bc	original	XS_utf8_valid	1	0	0	1.004053	180	1
benchmarks/spec2006/400.perlbench.bc	400.perlbench.bc	original	XS_utf8_encode	1	0	0	1.001316	188	1
benchmarks/spec2006/400.perlbench.bc	400.perlbench.bc	original	XS_utf8_decode	1	0	0	1.002810	188	1
benchmarks/spec2006/400.perlbench.bc	400.perlbench.bc	original	XS_utf8_upgrade	1	0	0	1.003677	200	1
benchmarks/spec2006/400.perlbench.bc	400.perlbench.bc	original	XS_utf8_downgrade	1	0	0	1.002666	188	1
benchmarks/spec2006/400.perlbench.bc	400.perlbench.bc	original	XS_utf8_native_to_unicode	1	0	0	1.005008	204	1
benchmarks/spec2006/400.perlbench.bc	400.perlbench.bc	original	XS_utf8_unicode_to_native	1	0	0	1.004195	188	1
benchmarks/spec2006/400.perlbench.bc	400.perlbench.bc	original	XS_Internals_SvREADONLY	1	0	0	1.003243	204	1
benchmarks/spec2006/400.perlbench.bc	400.perlbench.bc	original	XS_Internals_SvREFCNT	1	0	0	1.002134	180	1
benchmarks/spec2006/400.perlbench.bc	400.perlbench.bc	original	XS_Internals_hv_clear_placehold	1	0	0	1.002125	188	1
benchmarks/spec2006/400.perlbench.bc	400.perlbench.bc	original	XS_PerlIO_get_layers	1	0	0	1.002112	140	1
benchmarks/spec2006/400.perlbench.bc	400.perlbench.bc	original	XS_Regexp_DESTROY	1	0	0	1.003348	208	1
benchmarks/spec2006/400.perlbench.bc	400.perlbench.bc	original	XS_Internals_hash_seed	1	0	0	1.003691	236	1
benchmarks/spec2006/400.perlbench.bc	400.perlbench.bc	original	XS_Internals_rehash_seed	1	0	0	1.003764	104	1
benchmarks/spec2006/400.perlbench.bc	400.perlbench.bc	original	XS_Internals_HvREHASH	1	0	0	1.002700	208	1
benchmarks/spec2006/400.perlbench.bc	400.perlbench.bc	original	Perl_uvuni_to_utf8_flags	1	0	0	1.002577	100	1
benchmarks/spec2006/400.perlbench.bc	400.perlbench.bc	original	Perl_uvuni_to_utf8	1	0	0	1.003237	208	1
benchmarks/spec2006/400.perlbench.bc	400.perlbench.bc	original	Perl_is_utf8_char	1	0	0	1.002498	180	1
benchmarks/spec2006/400.perlbench.bc	400.perlbench.bc	original	Perl_is_utf8_string	1	0	0	1.003999	208	1
benchmarks/spec2006/400.perlbench.bc	400.perlbench.bc	original	Perl_is_utf8_string_loc	1	0	0	1.003956	236	1
benchmarks/spec2006/400.perlbench.bc	400.perlbench.bc	original	Perl_utf8n_to_uvuni	1	-9	1	185.293791	135112	0
benchmarks/spec2006/400.perlbench.bc	400.perlbench.bc	original	Perl_utf8_to_uvchr	1	0	0	1.003417	180	1
benchmarks/spec2006/400.perlbench.bc	400.perlbench.bc	original	Perl_utf8_to_uvuni	1	0	0	1.002798	208	1
benchmarks/spec2006/400.perlbench.bc	400.perlbench.bc	original	Perl_utf8_length	1	0	0	1.002605	184	1
benchmarks/spec2006/400.perlbench.bc	400.perlbench.bc	original	Perl_utf8_distance	1	0	0	1.001635	236	1
benchmarks/spec2006/400.perlbench.bc	400.perlbench.bc	original	Perl_utf8_hop	1	0	0	1.015151	236	1
benchmarks/spec2006/400.perlbench.bc	400.perlbench.bc	original	Perl_utf8_to_bytes	1	0	0	1.003523	236	1
benchmarks/spec2006/400.perlbench.bc	400.perlbench.bc	original	Perl_bytes_from_utf8	1	0	0	1.003052	200	1
benchmarks/spec2006/400.perlbench.bc	400.perlbench.bc	original	Perl_bytes_to_utf8	1	0	0	1.004051	208	1
benchmarks/spec2006/400.perlbench.bc	400.perlbench.bc	original	Perl_utf16_to_utf8	1	0	0	1.002028	164	1
benchmarks/spec2006/400.perlbench.bc	400.perlbench.bc	original	Perl_utf16_to_utf8_reversed	1	0	0	1.003009	200	1
benchmarks/spec2006/400.perlbench.bc	400.perlbench.bc	original	Perl_is_uni_alnum	1	0	0	1.003621	208	1
benchmarks/spec2006/400.perlbench.bc	400.perlbench.bc	original	Perl_is_utf8_alnum	1	0	0	1.004290	232	1
benchmarks/spec2006/400.perlbench.bc	400.perlbench.bc	original	Perl_swash_init	1	0	0	1.005754	192	1
benchmarks/spec2006/400.perlbench.bc	400.perlbench.bc	original	Perl_swash_fetch	1	0	0	1.003080	236	1
benchmarks/spec2006/400.perlbench.bc	400.perlbench.bc	original	Perl_is_uni_alnumc	1	0	0	1.003995	184	1
benchmarks/spec2006/400.perlbench.bc	400.perlbench.bc	original	Perl_is_utf8_alnumc	1	0	0	1.003195	204	1
benchmarks/spec2006/400.perlbench.bc	400.perlbench.bc	original	Perl_is_uni_idfirst	1	0	0	1.002559	208	1
benchmarks/spec2006/400.perlbench.bc	400.perlbench.bc	original	Perl_is_utf8_idfirst	1	0	0	1.003335	192	1
benchmarks/spec2006/400.perlbench.bc	400.perlbench.bc	original	Perl_is_uni_alpha	1	0	0	1.003424	236	1
benchmarks/spec2006/400.perlbench.bc	400.perlbench.bc	original	Perl_is_utf8_alpha	1	0	0	1.005629	204	1
benchmarks/spec2006/400.perlbench.bc	400.perlbench.bc	original	Perl_is_uni_ascii	1	0	0	1.003195	184	1
benchmarks/spec2006/400.perlbench.bc	400.perlbench.bc	original	Perl_is_utf8_ascii	1	0	0	1.003902	208	1
benchmarks/spec2006/400.perlbench.bc	400.perlbench.bc	original	Perl_is_uni_space	1	0	0	1.003847	180	1
benchmarks/spec2006/400.perlbench.bc	400.perlbench.bc	original	Perl_is_utf8_space	1	0	0	1.002981	204	1
benchmarks/spec2006/400.perlbench.bc	400.perlbench.bc	original	Perl_is_uni_digit	1	0	0	1.003185	180	1
benchmarks/spec2006/400.perlbench.bc	400.perlbench.bc	original	Perl_is_utf8_digit	1	0	0	1.002913	236	1
benchmarks/spec2006/400.perlbench.bc	400.perlbench.bc	original	Perl_is_uni_upper	1	0	0	1.003472	204	1
benchmarks/spec2006/400.perlbench.bc	400.perlbench.bc	original	Perl_is_utf8_upper	1	0	0	1.003607	200	1
benchmarks/spec2006/400.perlbench.bc	400.perlbench.bc	original	Perl_is_uni_lower	1	0	0	1.014779	14776	1
benchmarks/spec2006/400.perlbench.bc	400.perlbench.bc	original	Perl_is_utf8_lower	1	0	0	1.003685	200	1
benchmarks/spec2006/400.perlbench.bc	400.perlbench.bc	original	Perl_is_uni_cntrl	1	0	0	1.003883	180	1
benchmarks/spec2006/400.perlbench.bc	400.perlbench.bc	original	Perl_is_utf8_cntrl	1	0	0	1.003906	204	1
benchmarks/spec2006/400.perlbench.bc	400.perlbench.bc	original	Perl_is_uni_graph	1	0	0	1.003389	180	1
benchmarks/spec2006/400.perlbench.bc	400.perlbench.bc	original	Perl_is_utf8_graph	1	0	0	1.004650	192	1
benchmarks/spec2006/400.perlbench.bc	400.perlbench.bc	original	Perl_is_uni_print	1	0	0	1.014778	208	1
benchmarks/spec2006/400.perlbench.bc	400.perlbench.bc	original	Perl_is_utf8_print	1	0	0	1.002662	204	1
benchmarks/spec2006/400.perlbench.bc	400.perlbench.bc	original	Perl_is_uni_punct	1	0	0	1.003151	204	1
benchmarks/spec2006/400.perlbench.bc	400.perlbench.bc	original	Perl_is_utf8_punct	1	0	0	1.003253	236	1
benchmarks/spec2006/400.perlbench.bc	400.perlbench.bc	original	Perl_is_uni_xdigit	1	0	0	1.002803	232	1
benchmarks/spec2006/400.perlbench.bc	400.perlbench.bc	original	Perl_is_utf8_xdigit	1	0	0	1.003224	236	1
benchmarks/spec2006/400.perlbench.bc	400.perlbench.bc	original	Perl_to_uni_upper	1	0	0	1.002919	204	1
benchmarks/spec2006/400.perlbench.bc	400.perlbench.bc	original	Perl_to_utf8_upper	1	0	0	1.002594	208	1
benchmarks/spec2006/400.perlbench.bc	400.perlbench.bc	original	Perl_to_utf8_case	1	0	0	1.003357	204	1
benchmarks/spec2006/400.perlbench.bc	400.perlbench.bc	original	Perl_to_uni_title	1	0	0	1.015888	188	1
benchmarks/spec2006/400.perlbench.bc	400.perlbench.bc	original	Perl_to_utf8_title	1	0	0	1.014938	204	1
benchmarks/spec2006/400.perlbench.bc	400.perlbench.bc	original	Perl_to_uni_lower	1	0	0	1.005111	180	1
benchmarks/spec2006/400.perlbench.bc	400.perlbench.bc	original	Perl_to_utf8_lower	1	0	0	1.004300	192	1
benchmarks/spec2006/400.perlbench.bc	400.perlbench.bc	original	Perl_to_uni_fold	1	0	0	1.004192	204	1
benchmarks/spec2006/400.perlbench.bc	400.perlbench.bc	original	Perl_to_utf8_fold	1	0	0	1.002782	104	1
benchmarks/spec2006/400.perlbench.bc	400.perlbench.bc	original	Perl_is_uni_alnum_lc	1	0	0	1.004427	208	1
benchmarks/spec2006/400.perlbench.bc	400.perlbench.bc	original	Perl_is_uni_alnumc_lc	1	0	0	1.014931	176	1
benchmarks/spec2006/400.perlbench.bc	400.perlbench.bc	original	Perl_is_uni_idfirst_lc	1	0	0	1.002645	200	1
benchmarks/spec2006/400.perlbench.bc	400.perlbench.bc	original	Perl_is_uni_alpha_lc	1	0	0	1.003211	200	1
benchmarks/spec2006/400.perlbench.bc	400.perlbench.bc	original	Perl_is_uni_ascii_lc	1	0	0	1.004972	192	1
benchmarks/spec2006/400.perlbench.bc	400.perlbench.bc	original	Perl_is_uni_space_lc	1	0	0	1.004502	188	1
benchmarks/spec2006/400.perlbench.bc	400.perlbench.bc	original	Perl_is_uni_digit_lc	1	0	0	1.003852	200	1
benchmarks/spec2006/400.perlbench.bc	400.perlbench.bc	original	Perl_is_uni_upper_lc	1	0	0	1.003367	208	1
benchmarks/spec2006/400.perlbench.bc	400.perlbench.bc	original	Perl_is_uni_lower_lc	1	0	0	1.003288	208	1
benchmarks/spec2006/400.perlbench.bc	400.perlbench.bc	original	Perl_is_uni_cntrl_lc	1	0	0	1.003971	200	1
benchmarks/spec2006/400.perlbench.bc	400.perlbench.bc	original	Perl_is_uni_graph_lc	1	0	0	1.003162	208	1
benchmarks/spec2006/400.perlbench.bc	400.perlbench.bc	original	Perl_is_uni_print_lc	1	0	0	1.004367	204	1
benchmarks/spec2006/400.perlbench.bc	400.perlbench.bc	original	Perl_is_uni_punct_lc	1	0	0	1.002913	208	1
benchmarks/spec2006/400.perlbench.bc	400.perlbench.bc	original	Perl_is_uni_xdigit_lc	1	0	0	1.004273	208	1
benchmarks/spec2006/400.perlbench.bc	400.perlbench.bc	original	Perl_to_uni_upper_lc	1	0	0	1.004499	180	1
benchmarks/spec2006/400.perlbench.bc	400.perlbench.bc	original	Perl_to_uni_title_lc	1	0	0	1.005574	184	1
benchmarks/spec2006/400.perlbench.bc	400.perlbench.bc	original	Perl_to_uni_lower_lc	1	0	0	1.004853	192	1
benchmarks/spec2006/400.perlbench.bc	400.perlbench.bc	original	Perl_is_utf8_idcont	1	0	0	1.004203	204	1
benchmarks/spec2006/400.perlbench.bc	400.perlbench.bc	original	Perl_is_utf8_mark	1	0	0	1.003218	184	1
benchmarks/spec2006/400.perlbench.bc	400.perlbench.bc	original	Perl_uvchr_to_utf8	1	0	0	1.003318	232	1
benchmarks/spec2006/400.perlbench.bc	400.perlbench.bc	original	Perl_uvchr_to_utf8_flags	1	0	0	1.005206	20	1
benchmarks/spec2006/400.perlbench.bc	400.perlbench.bc	original	Perl_utf8n_to_uvchr	1	0	0	1.004063	184	1
benchmarks/spec2006/400.perlbench.bc	400.perlbench.bc	original	Perl_pv_uni_display	1	0	0	4.006864	118428	1
benchmarks/spec2006/400.perlbench.bc	400.perlbench.bc	original	Perl_sv_uni_display	1	0	0	1.002978	180	1
benchmarks/spec2006/400.perlbench.bc	400.perlbench.bc	original	Perl_ibcmp_utf8	1	-9	1	185.306855	139812	0
benchmarks/spec2006/400.perlbench.bc	400.perlbench.bc	original	Perl_safesysmalloc	1	0	0	1.002203	192	1
benchmarks/spec2006/400.perlbench.bc	400.perlbench.bc	original	Perl_safesysrealloc	1	0	0	1.002417	208	1
benchmarks/spec2006/400.perlbench.bc	400.perlbench.bc	original	Perl_safesysfree	1	0	0	1.002161	196	1
benchmarks/spec2006/400.perlbench.bc	400.perlbench.bc	original	Perl_safesyscalloc	1	0	0	1.003618	184	1
benchmarks/spec2006/400.perlbench.bc	400.perlbench.bc	original	Perl_malloc	1	0	0	1.002185	204	1
benchmarks/spec2006/400.perlbench.bc	400.perlbench.bc	original	Perl_calloc	1	0	0	1.002736	200	1
benchmarks/spec2006/400.perlbench.bc	400.perlbench.bc	original	Perl_realloc	1	0	0	1.003453	208	1
benchmarks/spec2006/400.perlbench.bc	400.perlbench.bc	original	Perl_mfree	1	0	0	1.003771	208	1
benchmarks/spec2006/400.perlbench.bc	400.perlbench.bc	original	Perl_delimcpy	1	0	0	1.003751	208	1
benchmarks/spec2006/400.perlbench.bc	400.perlbench.bc	original	Perl_instr	1	0	0	1.004110	204	1
benchmarks/spec2006/400.perlbench.bc	400.perlbench.bc	original	Perl_ninstr	1	0	0	1.003989	208	1
benchmarks/spec2006/400.perlbench.bc	400.perlbench.bc	original	Perl_rninstr	1	0	0	1.004506	200	1
benchmarks/spec2006/400.perlbench.bc	400.perlbench.bc	original	Perl_fbm_compile	1	0	0	1.004682	204	1
benchmarks/spec2006/400.perlbench.bc	400.perlbench.bc	original	Perl_fbm_instr	1	0	0	4.008906	125492	1
benchmarks/spec2006/400.perlbench.bc	400.perlbench.bc	original	Perl_screaminstr	1	0	0	6.011567	123012	1
benchmarks/spec2006/400.perlbench.bc	400.perlbench.bc	original	Perl_ibcmp	1	0	0	1.005609	236	1
benchmarks/spec2006/400.perlbench.bc	400.perlbench.bc	original	Perl_ibcmp_locale	1	0	0	1.005759	204	1
benchmarks/spec2006/400.perlbench.bc	400.perlbench.bc	original	Perl_savepv	1	0	0	1.006162	180	1
benchmarks/spec2006/400.perlbench.bc	400.perlbench.bc	original	Perl_savepvn	1	0	0	1.005077	236	1
benchmarks/spec2006/400.perlbench.bc	400.perlbench.bc	original	Perl_savesharedpv	1	0	0	1.004182	196	1
benchmarks/spec2006/400.perlbench.bc	400.perlbench.bc	original	Perl_savesvpv	1	0	0	1.003467	204	1
benchmarks/spec2006/400.perlbench.bc	400.perlbench.bc	original	Perl_form	1	0	0	1.002778	188	1
benchmarks/spec2006/400.perlbench.bc	400.perlbench.bc	original	Perl_vform	1	0	0	1.002769	200	1
benchmarks/spec2006/400.perlbench.bc	400.perlbench.bc	original	S_mess_alloc	1	0	0	1.003633	232	1
benchmarks/spec2006/400.perlbench.bc	400.perlbench.bc	original	Perl_mess	1	0	0	1.004026	236	1
benchmarks/spec2006/400.perlbench.bc	400.perlbench.bc	original	Perl_vmess	1	0	0	1.003566	208	1
benchmarks/spec2006/400.perlbench.bc	400.perlbench.bc	original	S_closest_cop	1	0	0	1.003115	232	1
benchmarks/spec2006/400.perlbench.bc	400.perlbench.bc	original	Perl_write_to_stderr	1	0	0	1.002851	176	1
benchmarks/spec2006/400.perlbench.bc	400.perlbench.bc	original	S_vdie_croak_common	1	0	0	1.004033	596	1
benchmarks/spec2006/400.perlbench.bc	400.perlbench.bc	original	S_vdie_common	1	0	0	1.003815	196	1
benchmarks/spec2006/400.perlbench.bc	400.perlbench.bc	original	Perl_vdie	1	0	0	1.002636	208	1
benchmarks/spec2006/400.perlbench.bc	400.perlbench.bc	original	Perl_die	1	0	0	1.002654	172	1
benchmarks/spec2006/400.perlbench.bc	400.perlbench.bc	original	Perl_vcroak	1	0	0	1.002905	208	1
benchmarks/spec2006/400.perlbench.bc	400.perlbench.bc	original	Perl_croak	1	0	0	1.002925	176	1
benchmarks/spec2006/400.perlbench.bc	400.perlbench.bc	original	Perl_vwarn	1	0	0	1.003297	184	1
benchmarks/spec2006/400.perlbench.bc	400.perlbench.bc	original	Perl_warn	1	0	0	1.004208	192	1
benchmarks/spec2006/400.perlbench.bc	400.perlbench.bc	original	Perl_warner	1	0	0	1.004781	196	1
benchmarks/spec2006/400.perlbench.bc	400.perlbench.bc	original	Perl_vwarner	1	0	0	1.003463	204	1
benchmarks/spec2006/400.perlbench.bc	400.perlbench.bc	original	Perl_my_setenv	1	0	0	1.003837	204	1
benchmarks/spec2006/400.perlbench.bc	400.perlbench.bc	original	Perl_setenv_getix	1	0	0	1.003087	236	1
benchmarks/spec2006/400.perlbench.bc	400.perlbench.bc	original	Perl_my_swap	1	0	0	1.002707	204	1
benchmarks/spec2006/400.perlbench.bc	400.perlbench.bc	original	Perl_my_htonl	1	0	0	1.005505	180	1
benchmarks/spec2006/400.perlbench.bc	400.perlbench.bc	original	Perl_my_ntohl	1	0	0	1.004219	208	1
benchmarks/spec2006/400.perlbench.bc	400.perlbench.bc	original	htovs	1	0	0	1.004539	184	1
benchmarks/spec2006/400.perlbench.bc	400.perlbench.bc	original	htovl	1	0	0	1.004141	204	1
benchmarks/spec2006/400.perlbench.bc	400.perlbench.bc	original	vtohs	1	0	0	1.004676	204	1
benchmarks/spec2006/400.perlbench.bc	400.perlbench.bc	original	vtohl	1	0	0	1.005082	200	1
benchmarks/spec2006/400.perlbench.bc	400.perlbench.bc	original	Perl_my_swabn	1	0	0	1.003130	140	1
benchmarks/spec2006/400.perlbench.bc	400.perlbench.bc	original	Perl_my_popen_list	1	0	0	2.003681	118432	1
benchmarks/spec2006/400.perlbench.bc	400.perlbench.bc	original	Perl_my_fork	1	0	0	1.003337	204	1
benchmarks/spec2006/400.perlbench.bc	400.perlbench.bc	original	dup2	1	0	0	1.004598	184	1
benchmarks/spec2006/400.perlbench.bc	400.perlbench.bc	original	Perl_wait4pid	1	0	0	1.004041	188	1
benchmarks/spec2006/400.perlbench.bc	400.perlbench.bc	original	Perl_my_popen	1	0	0	4.007461	119708	1
benchmarks/spec2006/400.perlbench.bc	400.perlbench.bc	original	Perl_atfork_lock	1	0	0	1.002656	180	1
benchmarks/spec2006/400.perlbench.bc	400.perlbench.bc	original	Perl_atfork_unlock	1	0	0	1.004248	100	1
benchmarks/spec2006/400.perlbench.bc	400.perlbench.bc	original	Perl_rsignal	1	0	0	1.003638	208	1
benchmarks/spec2006/400.perlbench.bc	400.perlbench.bc	original	Perl_rsignal_state	1	0	0	1.004320	188	1
benchmarks/spec2006/400.perlbench.bc	400.perlbench.bc	original	sig_trap	1	0	0	1.004892	204	1
benchmarks/spec2006/400.perlbench.bc	400.perlbench.bc	original	Perl_rsignal_save	1	0	0	1.004093	208	1
benchmarks/spec2006/400.perlbench.bc	400.perlbench.bc	original	Perl_rsignal_restore	1	0	0	1.003935	236	1
benchmarks/spec2006/400.perlbench.bc	400.perlbench.bc	original	Perl_my_pclose	1	0	0	1.003930	204	1
benchmarks/spec2006/400.perlbench.bc	400.perlbench.bc	original	Perl_pidgone	1	0	0	1.003244	204	1
benchmarks/spec2006/400.perlbench.bc	400.perlbench.bc	original	Perl_repeatcpy	1	0	0	1.003790	208	1
benchmarks/spec2006/400.perlbench.bc	400.perlbench.bc	original	Perl_same_dirent	1	0	0	1.003544	184	1
benchmarks/spec2006/400.perlbench.bc	400.perlbench.bc	original	Perl_find_script	1	-9	1	185.282642	119288	0
benchmarks/spec2006/400.perlbench.bc	400.perlbench.bc	original	Perl_get_context	1	0	0	1.002784	204	1
benchmarks/spec2006/400.perlbench.bc	400.perlbench.bc	original	Perl_set_context	1	0	0	1.003150	180	1
benchmarks/spec2006/400.perlbench.bc	400.perlbench.bc	original	Perl_get_op_names	1	0	0	1.002893	196	1
benchmarks/spec2006/400.perlbench.bc	400.perlbench.bc	original	Perl_get_op_descs	1	0	0	1.003948	204	1
benchmarks/spec2006/400.perlbench.bc	400.perlbench.bc	original	Perl_get_no_modify	1	0	0	1.003139	196	1
benchmarks/spec2006/400.perlbench.bc	400.perlbench.bc	original	Perl_get_opargs	1	0	0	1.002864	232	1
benchmarks/spec2006/400.perlbench.bc	400.perlbench.bc	original	Perl_get_ppaddr	1	0	0	1.004414	8	1
benchmarks/spec2006/400.perlbench.bc	400.perlbench.bc	original	Perl_getenv_len	1	0	0	1.004216	204	1
benchmarks/spec2006/400.perlbench.bc	400.perlbench.bc	original	Perl_get_vtbl	1	0	0	1.004365	204	1
benchmarks/spec2006/400.perlbench.bc	400.perlbench.bc	original	Perl_my_fflush_all	1	0	0	1.003677	208	1
benchmarks/spec2006/400.perlbench.bc	400.perlbench.bc	original	Perl_report_evil_fh	1	0	0	1.004419	232	1
benchmarks/spec2006/400.perlbench.bc	400.perlbench.bc	original	Perl_init_tm	1	0	0	1.004312	204	1
benchmarks/spec2006/400.perlbench.bc	400.perlbench.bc	original	Perl_mini_mktime	1	0	0	1.003778	192	1
benchmarks/spec2006/400.perlbench.bc	400.perlbench.bc	original	Perl_my_strftime	1	0	0	1.002818	188	1
benchmarks/spec2006/400.perlbench.bc	400.perlbench.bc	original	Perl_getcwd_sv	1	0	0	50.073444	127288	1
benchmarks/spec2006/400.perlbench.bc	400.perlbench.bc	original	Perl_my_socketpair	1	0	0	1.002339	180	1
benchmarks/spec2006/400.perlbench.bc	400.perlbench.bc	original	Perl_sv_nosharing	1	0	0	1.002948	184	1
benchmarks/spec2006/400.perlbench.bc	400.perlbench.bc	original	Perl_sv_nolocking	1	0	0	1.003291	188	1
benchmarks/spec2006/400.perlbench.bc	400.perlbench.bc	original	Perl_sv_nounlocking	1	0	0	1.002801	196	1
benchmarks/spec2006/400.perlbench.bc	400.perlbench.bc	original	Perl_parse_unicode_opts	1	0	0	1.003085	204	1
benchmarks/spec2006/400.perlbench.bc	400.perlbench.bc	original	Perl_seed	1	0	0	1.003941	180	1
benchmarks/spec2006/400.perlbench.bc	400.perlbench.bc	original	Perl_get_hash_seed	1	0	0	1.004078	88	1
benchmarks/spec2006/400.perlbench.bc	400.perlbench.bc	original	Perl_boot_core_xsutils	1	0	0	1.003624	192	1
benchmarks/spec2006/400.perlbench.bc	400.perlbench.bc	original	XS_attributes_bootstrap	1	0	0	1.003167	208	1
benchmarks/spec2006/400.perlbench.bc	400.perlbench.bc	original	XS_attributes__warn_reserved	1	0	0	1.002313	164	1
benchmarks/spec2006/400.perlbench.bc	400.perlbench.bc	original	XS_attributes__modify_attrs	1	0	0	1.003239	192	1
benchmarks/spec2006/400.perlbench.bc	400.perlbench.bc	original	XS_attributes__guess_stash	1	0	0	1.003791	208	1
benchmarks/spec2006/400.perlbench.bc	400.perlbench.bc	original	XS_attributes__fetch_attrs	1	0	0	1.003634	208	1
benchmarks/spec2006/400.perlbench.bc	400.perlbench.bc	original	XS_attributes_reftype	1	0	0	1.003790	208	1
benchmarks/spec2006/400.perlbench.bc	400.perlbench.bc	original	modify_SV_attributes	1	0	0	1.003725	176	1
benchmarks/spec2006/400.perlbench.bc	400.perlbench.bc	original	XS_MIME__Base64_encode_base64	1	0	0	1.003391	160	1
benchmarks/spec2006/400.perlbench.bc	400.perlbench.bc	original	XS_MIME__Base64_decode_base64	1	0	0	4.009808	124608	1
benchmarks/spec2006/400.perlbench.bc	400.perlbench.bc	original	XS_MIME__QuotedPrint_encode_qp	1	0	0	1.002540	188	1
benchmarks/spec2006/400.perlbench.bc	400.perlbench.bc	original	XS_MIME__QuotedPrint_decode_qp	1	0	0	1.004540	92	1
benchmarks/spec2006/400.perlbench.bc	400.perlbench.bc	original	boot_MIME__Base64	1	0	0	1.004909	196	1
benchmarks/spec2006/400.perlbench.bc	400.perlbench.bc	original	XS_Cwd_fastcwd	1	0	0	1.003870	204	1
benchmarks/spec2006/400.perlbench.bc	400.perlbench.bc	original	XS_Cwd_abs_path	1	0	0	1.004321	176	1
benchmarks/spec2006/400.perlbench.bc	400.perlbench.bc	original	bsd_realpath	1	0	0	1.004151	236	1
benchmarks/spec2006/400.perlbench.bc	400.perlbench.bc	original	boot_Cwd	1	0	0	1.004808	204	1
benchmarks/spec2006/400.perlbench.bc	400.perlbench.bc	original	XS_Data__Dumper_Dumpxs	1	0	0	1.003308	204	1
benchmarks/spec2006/400.perlbench.bc	400.perlbench.bc	original	sv_x	1	0	0	1.005350	204	1
benchmarks/spec2006/400.perlbench.bc	400.perlbench.bc	original	DD_dump	1	-9	1	185.293032	456388	0
benchmarks/spec2006/400.perlbench.bc	400.perlbench.bc	original	needs_quote	1	0	0	4.007035	118336	1
benchmarks/spec2006/400.perlbench.bc	400.perlbench.bc	original	esc_q_utf8	1	0	0	1.003414	196	1
benchmarks/spec2006/400.perlbench.bc	400.perlbench.bc	original	num_q	1	0	0	1.003440	188	1
benchmarks/spec2006/400.perlbench.bc	400.perlbench.bc	original	esc_q	1	0	0	1.003331	188	1
benchmarks/spec2006/400.perlbench.bc	400.perlbench.bc	original	boot_Data__Dumper	1	0	0	1.002985	204	1
benchmarks/spec2006/400.perlbench.bc	400.perlbench.bc	original	hrt_usleep	1	0	0	1.003335	208	1
benchmarks/spec2006/400.perlbench.bc	400.perlbench.bc	original	XS_Time__HiRes_constant	1	0	0	1.003037	200	1
benchmarks/spec2006/400.perlbench.bc	400.perlbench.bc	original	constant	1	0	0	1.003147	188	1
benchmarks/spec2006/400.perlbench.bc	400.perlbench.bc	original	constant_11	1	0	0	1.004402	204	1
benchmarks/spec2006/400.perlbench.bc	400.perlbench.bc	original	XS_Time__HiRes_usleep	1	0	0	1.003902	196	1
benchmarks/spec2006/400.perlbench.bc	400.perlbench.bc	original	XS_Time__HiRes_sleep	1	0	0	1.003353	204	1
benchmarks/spec2006/400.perlbench.bc	400.perlbench.bc	original	XS_Time__HiRes_gettimeofday	1	0	0	1.004114	208	1
benchmarks/spec2006/400.perlbench.bc	400.perlbench.bc	original	XS_Time__HiRes_time	1	0	0	1.004657	164	1
benchmarks/spec2006/400.perlbench.bc	400.perlbench.bc	original	boot_Time__HiRes	1	0	0	1.003920	188	1
benchmarks/spec2006/400.perlbench.bc	400.perlbench.bc	original	XS_IO__Seekable_getpos	1	0	0	1.002888	208	1
benchmarks/spec2006/400.perlbench.bc	400.perlbench.bc	original	XS_IO__Seekable_setpos	1	0	0	1.004225	180	1
benchmarks/spec2006/400.perlbench.bc	400.perlbench.bc	original	XS_IO__File_new_tmpfile	1	0	0	1.004793	12	1
benchmarks/spec2006/400.perlbench.bc	400.perlbench.bc	original	XS_IO__Poll__poll	1	0	0	1.003744	180	1
benchmarks/spec2006/400.perlbench.bc	400.perlbench.bc	original	XS_IO__Handle_blocking	1	0	0	1.005036	188	1
benchmarks/spec2006/400.perlbench.bc	400.perlbench.bc	original	io_blocking	1	0	0	1.004367	204	1
benchmarks/spec2006/400.perlbench.bc	400.perlbench.bc	original	XS_IO__Handle_ungetc	1	0	0	1.003491	232	1
benchmarks/spec2006/400.perlbench.bc	400.perlbench.bc	original	XS_IO__Handle_error	1	0	0	1.003975	204	1
benchmarks/spec2006/400.perlbench.bc	400.perlbench.bc	original	XS_IO__Handle_clearerr	1	0	0	1.003987	204	1
benchmarks/spec2006/400.perlbench.bc	400.perlbench.bc	original	XS_IO__Handle_untaint	1	0	0	1.003659	204	1
benchmarks/spec2006/400.perlbench.bc	400.perlbench.bc	original	XS_IO__Handle_flush	1	0	0	1.002425	204	1
benchmarks/spec2006/400.perlbench.bc	400.perlbench.bc	original	XS_IO__Handle_setbuf	1	0	0	1.002458	208	1
benchmarks/spec2006/400.perlbench.bc	400.perlbench.bc	original	not_here	1	0	0	1.003108	124	1
benchmarks/spec2006/400.perlbench.bc	400.perlbench.bc	original	XS_IO__Handle_setvbuf	1	0	0	1.005172	180	1
benchmarks/spec2006/400.perlbench.bc	400.perlbench.bc	original	XS_IO__Handle_sync	1	0	0	1.004469	208	1
benchmarks/spec2006/400.perlbench.bc	400.perlbench.bc	original	XS_IO__Socket_sockatmark	1	0	0	1.003791	208	1
benchmarks/spec2006/400.perlbench.bc	400.perlbench.bc	original	boot_IO	1	0	0	1.004326	184	1
benchmarks/spec2006/400.perlbench.bc	400.perlbench.bc	original	_runops_debug	1	0	0	1.005198	232	1
benchmarks/spec2006/400.perlbench.bc	400.perlbench.bc	original	DeadCode	1	0	0	1.003755	240	1
benchmarks/spec2006/400.perlbench.bc	400.perlbench.bc	original	fill_mstats	1	0	0	1.003756	204	1
benchmarks/spec2006/400.perlbench.bc	400.perlbench.bc	original	mstats_fillhash	1	0	0	1.004003	232	1
benchmarks/spec2006/400.perlbench.bc	400.perlbench.bc	original	mstats2hash	1	0	0	1.003269	148	1
benchmarks/spec2006/400.perlbench.bc	400.perlbench.bc	original	XS_Devel__Peek_mstat	1	0	0	1.003667	204	1
benchmarks/spec2006/400.perlbench.bc	400.perlbench.bc	original	XS_Devel__Peek_fill_mstats	1	0	0	1.001861	196	1
benchmarks/spec2006/400.perlbench.bc	400.perlbench.bc	original	XS_Devel__Peek_mstats_fillhash	1	0	0	1.003125	204	1
benchmarks/spec2006/400.perlbench.bc	400.perlbench.bc	original	XS_Devel__Peek_mstats2hash	1	0	0	1.003655	180	1
benchmarks/spec2006/400.perlbench.bc	400.perlbench.bc	original	XS_Devel__Peek_Dump	1	0	0	1.003213	188	1
benchmarks/spec2006/400.perlbench.bc	400.perlbench.bc	original	XS_Devel__Peek_DumpArray	1	0	0	1.002938	204	1
benchmarks/spec2006/400.perlbench.bc	400.perlbench.bc	original	XS_Devel__Peek_DumpProg	1	0	0	1.003302	236	1
benchmarks/spec2006/400.perlbench.bc	400.perlbench.bc	original	XS_Devel__Peek_SvREFCNT	1	0	0	1.003363	204	1
benchmarks/spec2006/400.perlbench.bc	400.perlbench.bc	original	XS_Devel__Peek_SvREFCNT_inc	1	0	0	1.002511	196	1
benchmarks/spec2006/400.perlbench.bc	400.perlbench.bc	original	XS_Devel__Peek_SvREFCNT_dec	1	0	0	1.003454	240	1
benchmarks/spec2006/400.perlbench.bc	400.perlbench.bc	original	XS_Devel__Peek_DeadCode	1	0	0	1.003253	196	1
benchmarks/spec2006/400.perlbench.bc	400.perlbench.bc	original	XS_Devel__Peek_CvGV	1	0	0	1.004149	204	1
benchmarks/spec2006/400.perlbench.bc	400.perlbench.bc	original	XS_Devel__Peek_runops_debug	1	0	0	1.003808	204	1
benchmarks/spec2006/400.perlbench.bc	400.perlbench.bc	original	boot_Devel__Peek	1	0	0	1.003820	188	1
benchmarks/spec2006/400.perlbench.bc	400.perlbench.bc	original	XS_attrs_import	1	0	0	1.004343	184	1
benchmarks/spec2006/400.perlbench.bc	400.perlbench.bc	original	get_flag	1	0	0	1.003168	232	1
benchmarks/spec2006/400.perlbench.bc	400.perlbench.bc	original	XS_attrs_get	1	0	0	1.003560	184	1
benchmarks/spec2006/400.perlbench.bc	400.perlbench.bc	original	boot_attrs	1	0	0	1.003757	192	1
benchmarks/spec2006/400.perlbench.bc	400.perlbench.bc	original	Perl_my_poll	1	0	0	1.002910	180	1
benchmarks/spec2006/400.perlbench.bc	400.perlbench.bc	original	xsfopen	1	0	0	1.002141	140	1
benchmarks/spec2006/400.perlbench.bc	400.perlbench.bc	original	xsfclose	1	0	0	1.002256	208	1
benchmarks/spec2006/400.perlbench.bc	400.perlbench.bc	original	xsfprintf	1	0	0	1.003557	188	1
benchmarks/spec2006/400.perlbench.bc	400.perlbench.bc	original	XS_DynaLoader_dl_error	1	0	0	1.003959	200	1
benchmarks/spec2006/400.perlbench.bc	400.perlbench.bc	original	boot_DynaLoader	1	0	0	1.002717	192	1
benchmarks/spec2006/400.perlbench.bc	400.perlbench.bc	original	XS_Digest__MD5_new	1	0	0	1.003686	164	1
benchmarks/spec2006/400.perlbench.bc	400.perlbench.bc	original	get_md5_ctx	1	0	0	1.004066	96	1
benchmarks/spec2006/400.perlbench.bc	400.perlbench.bc	original	MD5Init	1	0	0	1.004313	184	1
benchmarks/spec2006/400.perlbench.bc	400.perlbench.bc	original	XS_Digest__MD5_clone	1	0	0	1.015202	192	1
benchmarks/spec2006/400.perlbench.bc	400.perlbench.bc	original	XS_Digest__MD5_DESTROY	1	0	0	1.003552	204	1
benchmarks/spec2006/400.perlbench.bc	400.perlbench.bc	original	XS_Digest__MD5_add	1	0	0	1.003195	100	1
benchmarks/spec2006/400.perlbench.bc	400.perlbench.bc	original	MD5Update	1	0	0	1.003228	200	1
benchmarks/spec2006/400.perlbench.bc	400.perlbench.bc	original	MD5Transform	1	0	0	7.011668	119388	1
benchmarks/spec2006/400.perlbench.bc	400.perlbench.bc	original	XS_Digest__MD5_addfile	1	0	0	1.002109	184	1
benchmarks/spec2006/400.perlbench.bc	400.perlbench.bc	original	XS_Digest__MD5_digest	1	0	0	1.004065	200	1
benchmarks/spec2006/400.perlbench.bc	400.perlbench.bc	original	MD5Final	1	0	0	1.004107	196	1
benchmarks/spec2006/400.perlbench.bc	400.perlbench.bc	original	make_mortal_sv	1	0	0	1.003044	184	1
benchmarks/spec2006/400.perlbench.bc	400.perlbench.bc	original	hex_16	1	0	0	1.003159	204	1
benchmarks/spec2006/400.perlbench.bc	400.perlbench.bc	original	base64_16	1	0	0	1.003664	204	1
benchmarks/spec2006/400.perlbench.bc	400.perlbench.bc	original	u2s	1	0	0	1.004081	204	1
benchmarks/spec2006/400.perlbench.bc	400.perlbench.bc	original	XS_Digest__MD5_md5	1	0	0	1.003837	204	1
benchmarks/spec2006/400.perlbench.bc	400.perlbench.bc	original	boot_Digest__MD5	1	0	0	1.003647	196	1
benchmarks/spec2006/400.perlbench.bc	400.perlbench.bc	original	is_storing	1	0	0	1.004526	204	1
benchmarks/spec2006/400.perlbench.bc	400.perlbench.bc	original	is_retrieving	1	0	0	1.003078	192	1
benchmarks/spec2006/400.perlbench.bc	400.perlbench.bc	original	last_op_in_netorder	1	0	0	1.003479	188	1
benchmarks/spec2006/400.perlbench.bc	400.perlbench.bc	original	pstore	1	0	0	1.003485	192	1
benchmarks/spec2006/400.perlbench.bc	400.perlbench.bc	original	do_store	1	0	0	1.003008	204	1
benchmarks/spec2006/400.perlbench.bc	400.perlbench.bc	original	clean_context	1	0	0	1.014763	204	1
benchmarks/spec2006/400.perlbench.bc	400.perlbench.bc	original	allocate_context	1	0	0	1.002801	208	1
benchmarks/spec2006/400.perlbench.bc	400.perlbench.bc	original	init_store_context	1	0	0	1.003196	204	1
benchmarks/spec2006/400.perlbench.bc	400.perlbench.bc	original	magic_write	1	0	0	1.003450	8	1
benchmarks/spec2006/400.perlbench.bc	400.perlbench.bc	original	store	1	0	0	1.003748	204	1
benchmarks/spec2006/400.perlbench.bc	400.perlbench.bc	original	mbuf2sv	1	0	0	1.004538	188	1
benchmarks/spec2006/400.perlbench.bc	400.perlbench.bc	original	clean_store_context	1	0	0	1.003376	232	1
benchmarks/spec2006/400.perlbench.bc	400.perlbench.bc	original	free_context	1	0	0	1.003204	184	1
benchmarks/spec2006/400.perlbench.bc	400.perlbench.bc	original	reset_context	1	0	0	1.004051	192	1
benchmarks/spec2006/400.perlbench.bc	400.perlbench.bc	original	sv_type	1	0	0	1.004347	236	1
benchmarks/spec2006/400.perlbench.bc	400.perlbench.bc	original	store_blessed	1	0	0	1.004834	204	1
benchmarks/spec2006/400.perlbench.bc	400.perlbench.bc	original	store_ref	1	0	0	1.003118	176	1
benchmarks/spec2006/400.perlbench.bc	400.perlbench.bc	original	store_scalar	1	0	0	1.002843	200	1
benchmarks/spec2006/400.perlbench.bc	400.perlbench.bc	original	store_array	1	0	0	2.003998	135084	1
benchmarks/spec2006/400.perlbench.bc	400.perlbench.bc	original	store_hash	1	-9	1	185.296580	650160	0
benchmarks/spec2006/400.perlbench.bc	400.perlbench.bc	original	store_tied	1	0	0	1.002755	192	1
benchmarks/spec2006/400.perlbench.bc	400.perlbench.bc	original	store_tied_item	1	0	0	1.003521	236	1
benchmarks/spec2006/400.perlbench.bc	400.perlbench.bc	original	store_code	1	0	0	1.003497	232	1
benchmarks/spec2006/400.perlbench.bc	400.perlbench.bc	original	store_other	1	0	0	1.004103	80	1
benchmarks/spec2006/400.perlbench.bc	400.perlbench.bc	original	pkg_can	1	0	0	1.002858	164	1
benchmarks/spec2006/400.perlbench.bc	400.perlbench.bc	original	store_hook	1	-9	1	185.320097	822044	0
benchmarks/spec2006/400.perlbench.bc	400.perlbench.bc	original	known_class	1	0	0	1.003058	180	1
benchmarks/spec2006/400.perlbench.bc	400.perlbench.bc	original	array_call	1	0	0	1.003867	204	1
benchmarks/spec2006/400.perlbench.bc	400.perlbench.bc	original	pkg_hide	1	0	0	1.002627	208	1
benchmarks/spec2006/400.perlbench.bc	400.perlbench.bc	original	pkg_fetchmeth	1	0	0	1.003537	204	1
benchmarks/spec2006/400.perlbench.bc	400.perlbench.bc	original	clean_retrieve_context	1	0	0	1.004007	224	1
benchmarks/spec2006/400.perlbench.bc	400.perlbench.bc	original	net_pstore	1	0	0	1.003994	236	1
benchmarks/spec2006/400.perlbench.bc	400.perlbench.bc	original	mstore	1	0	0	1.003609	204	1
benchmarks/spec2006/400.perlbench.bc	400.perlbench.bc	original	net_mstore	1	0	0	1.003412	204	1
benchmarks/spec2006/400.perlbench.bc	400.perlbench.bc	original	pretrieve	1	0	0	1.002144	204	1
benchmarks/spec2006/400.perlbench.bc	400.perlbench.bc	original	do_retrieve	1	0	0	1.003171	200	1
benchmarks/spec2006/400.perlbench.bc	400.perlbench.bc	original	magic_check	1	0	0	1.003531	204	1
benchmarks/spec2006/400.perlbench.bc	400.perlbench.bc	original	init_retrieve_context	1	0	0	1.004092	144	1
benchmarks/spec2006/400.perlbench.bc	400.perlbench.bc	original	retrieve	1	0	0	49.074416	170164	1
benchmarks/spec2006/400.perlbench.bc	400.perlbench.bc	original	retrieve_lscalar	1	0	0	1.003573	204	1
benchmarks/spec2006/400.perlbench.bc	400.perlbench.bc	original	old_retrieve_array	1	0	0	1.003582	168	1
benchmarks/spec2006/400.perlbench.bc	400.perlbench.bc	original	old_retrieve_hash	1	0	0	163.239768	147552	1
benchmarks/spec2006/400.perlbench.bc	400.perlbench.bc	original	retrieve_ref	1	0	0	1.003081	208	1
benchmarks/spec2006/400.perlbench.bc	400.perlbench.bc	original	retrieve_undef	1	0	0	1.003533	204	1
benchmarks/spec2006/400.perlbench.bc	400.perlbench.bc	original	retrieve_integer	1	0	0	1.003490	188	1
benchmarks/spec2006/400.perlbench.bc	400.perlbench.bc	original	retrieve_double	1	0	0	1.004074	208	1
benchmarks/spec2006/400.perlbench.bc	400.perlbench.bc	original	retrieve_byte	1	0	0	1.004067	208	1
benchmarks/spec2006/400.perlbench.bc	400.perlbench.bc	original	retrieve_netint	1	0	0	1.004644	196	1
benchmarks/spec2006/400.perlbench.bc	400.perlbench.bc	original	retrieve_scalar	1	0	0	1.003420	176	1
benchmarks/spec2006/400.perlbench.bc	400.perlbench.bc	original	retrieve_tied_array	1	0	0	1.004911	200	1
benchmarks/spec2006/400.perlbench.bc	400.perlbench.bc	original	retrieve_tied_hash	1	0	0	1.002792	136	1
benchmarks/spec2006/400.perlbench.bc	400.perlbench.bc	original	retrieve_tied_scalar	1	0	0	1.004264	184	1
benchmarks/spec2006/400.perlbench.bc	400.perlbench.bc	original	retrieve_other	1	0	0	1.003827	196	1
benchmarks/spec2006/400.perlbench.bc	400.perlbench.bc	original	retrieve_array	1	0	0	1.004695	184	1
benchmarks/spec2006/400.perlbench.bc	400.perlbench.bc	original	retrieve_hash	1	0	0	5.010531	130216	1
benchmarks/spec2006/400.perlbench.bc	400.perlbench.bc	original	retrieve_sv_undef	1	0	0	1.004779	208	1
benchmarks/spec2006/400.perlbench.bc	400.perlbench.bc	original	retrieve_sv_yes	1	0	0	1.004582	200	1
benchmarks/spec2006/400.perlbench.bc	400.perlbench.bc	original	retrieve_sv_no	1	0	0	1.005459	204	1
benchmarks/spec2006/400.perlbench.bc	400.perlbench.bc	original	retrieve_blessed	1	0	0	1.005107	180	1
benchmarks/spec2006/400.perlbench.bc	400.perlbench.bc	original	retrieve_idx_blessed	1	0	0	1.003235	196	1
benchmarks/spec2006/400.perlbench.bc	400.perlbench.bc	original	retrieve_hook	1	-9	1	185.282997	247376	0
benchmarks/spec2006/400.perlbench.bc	400.perlbench.bc	original	retrieve_overloaded	1	0	0	1.003332	208	1
benchmarks/spec2006/400.perlbench.bc	400.perlbench.bc	original	retrieve_tied_key	1	0	0	1.004469	204	1
benchmarks/spec2006/400.perlbench.bc	400.perlbench.bc	original	retrieve_tied_idx	1	0	0	1.004677	196	1
benchmarks/spec2006/400.perlbench.bc	400.perlbench.bc	original	retrieve_utf8str	1	0	0	1.003923	200	1
benchmarks/spec2006/400.perlbench.bc	400.perlbench.bc	original	retrieve_lutf8str	1	0	0	1.003503	208	1
benchmarks/spec2006/400.perlbench.bc	400.perlbench.bc	original	retrieve_flag_hash	1	-9	1	185.282025	151580	0
benchmarks/spec2006/400.perlbench.bc	400.perlbench.bc	original	retrieve_code	1	0	0	1.002631	192	1
benchmarks/spec2006/400.perlbench.bc	400.perlbench.bc	original	pkg_uncache	1	0	0	1.003611	184	1
benchmarks/spec2006/400.perlbench.bc	400.perlbench.bc	original	scalar_call	1	0	0	1.003723	200	1
benchmarks/spec2006/400.perlbench.bc	400.perlbench.bc	original	mretrieve	1	0	0	1.003620	236	1
benchmarks/spec2006/400.perlbench.bc	400.perlbench.bc	original	dclone	1	0	0	1.003942	204	1
benchmarks/spec2006/400.perlbench.bc	400.perlbench.bc	original	XS_Storable__Cxt_DESTROY	1	0	0	1.003492	164	1
benchmarks/spec2006/400.perlbench.bc	400.perlbench.bc	original	XS_Storable_init_perinterp	1	0	0	1.005811	324	1
benchmarks/spec2006/400.perlbench.bc	400.perlbench.bc	original	init_perinterp	1	0	0	1.004022	184	1
benchmarks/spec2006/400.perlbench.bc	400.perlbench.bc	original	XS_Storable_pstore	1	0	0	1.014299	196	1
benchmarks/spec2006/400.perlbench.bc	400.perlbench.bc	original	XS_Storable_net_pstore	1	0	0	1.003589	240	1
benchmarks/spec2006/400.perlbench.bc	400.perlbench.bc	original	XS_Storable_mstore	1	0	0	1.003505	204	1
benchmarks/spec2006/400.perlbench.bc	400.perlbench.bc	original	XS_Storable_net_mstore	1	0	0	1.003407	204	1
benchmarks/spec2006/400.perlbench.bc	400.perlbench.bc	original	XS_Storable_pretrieve	1	0	0	1.003989	208	1
benchmarks/spec2006/400.perlbench.bc	400.perlbench.bc	original	XS_Storable_mretrieve	1	0	0	1.005406	196	1
benchmarks/spec2006/400.perlbench.bc	400.perlbench.bc	original	XS_Storable_dclone	1	0	0	1.005933	204	1
benchmarks/spec2006/400.perlbench.bc	400.perlbench.bc	original	XS_Storable_last_op_in_netorder	1	0	0	1.005247	240	1
benchmarks/spec2006/400.perlbench.bc	400.perlbench.bc	original	XS_Storable_is_storing	1	0	0	1.005066	204	1
benchmarks/spec2006/400.perlbench.bc	400.perlbench.bc	original	XS_Storable_is_retrieving	1	0	0	1.003542	204	1
benchmarks/spec2006/400.perlbench.bc	400.perlbench.bc	original	boot_Storable	1	0	0	1.004294	204	1
benchmarks/spec2006/400.perlbench.bc	400.perlbench.bc	original	magic_free_pstate	1	0	0	1.003773	208	1
benchmarks/spec2006/400.perlbench.bc	400.perlbench.bc	original	get_pstate_iv	1	0	0	1.004108	200	1
benchmarks/spec2006/400.perlbench.bc	400.perlbench.bc	original	free_pstate	1	0	0	1.004662	192	1
benchmarks/spec2006/400.perlbench.bc	400.perlbench.bc	original	XS_HTML__Parser__alloc_pstate	1	0	0	1.004459	204	1
benchmarks/spec2006/400.perlbench.bc	400.perlbench.bc	original	XS_HTML__Parser_parse	1	0	0	1.003832	200	1
benchmarks/spec2006/400.perlbench.bc	400.perlbench.bc	original	get_pstate_hv	1	0	0	1.004811	232	1
benchmarks/spec2006/400.perlbench.bc	400.perlbench.bc	original	parse	1	0	0	99.146172	123816	1
benchmarks/spec2006/400.perlbench.bc	400.perlbench.bc	original	parse_buf	1	-9	1	185.289788	239224	0
benchmarks/spec2006/400.perlbench.bc	400.perlbench.bc	original	report_event	1	0	0	1.013204	232	1
benchmarks/spec2006/400.perlbench.bc	400.perlbench.bc	original	flush_pending_text	1	0	0	1.003615	204	1
benchmarks/spec2006/400.perlbench.bc	400.perlbench.bc	original	probably_utf8_chunk	1	0	0	1.003603	208	1
benchmarks/spec2006/400.perlbench.bc	400.perlbench.bc	original	has_hibit	1	0	0	1.003093	176	1
benchmarks/spec2006/400.perlbench.bc	400.perlbench.bc	original	sv_lower	1	0	0	1.003505	180	1
benchmarks/spec2006/400.perlbench.bc	400.perlbench.bc	original	decode_entities	1	-9	1	185.291731	228268	0
benchmarks/spec2006/400.perlbench.bc	400.perlbench.bc	original	grow_gap	1	0	0	1.003385	204	1
benchmarks/spec2006/400.perlbench.bc	400.perlbench.bc	original	marked_section_update	1	0	0	1.003542	240	1
benchmarks/spec2006/400.perlbench.bc	400.perlbench.bc	original	parse_start	1	-9	1	185.286225	191608	0
benchmarks/spec2006/400.perlbench.bc	400.perlbench.bc	original	parse_end	1	0	0	1.003391	208	1
benchmarks/spec2006/400.perlbench.bc	400.perlbench.bc	original	parse_decl	1	-9	1	185.276870	152456	0
benchmarks/spec2006/400.perlbench.bc	400.perlbench.bc	original	parse_process	1	0	0	1.002863	184	1
benchmarks/spec2006/400.perlbench.bc	400.perlbench.bc	original	parse_comment	1	0	0	3.005802	119200	1
benchmarks/spec2006/400.perlbench.bc	400.perlbench.bc	original	parse_marked_section	1	0	0	111.165387	125856	1
benchmarks/spec2006/400.perlbench.bc	400.perlbench.bc	original	strnEQx	1	0	0	1.002835	208	1
benchmarks/spec2006/400.perlbench.bc	400.perlbench.bc	original	tokens_grow	1	0	0	1.003727	208	1
benchmarks/spec2006/400.perlbench.bc	400.perlbench.bc	original	skip_until_gt	1	0	0	1.003902	204	1
benchmarks/spec2006/400.perlbench.bc	400.perlbench.bc	original	XS_HTML__Parser_eof	1	0	0	1.003418	176	1
benchmarks/spec2006/400.perlbench.bc	400.perlbench.bc	original	XS_HTML__Parser_strict_comment	1	0	0	1.003669	208	1
benchmarks/spec2006/400.perlbench.bc	400.perlbench.bc	original	XS_HTML__Parser_boolean_attribute_value	1	0	0	1.003770	204	1
benchmarks/spec2006/400.perlbench.bc	400.perlbench.bc	original	XS_HTML__Parser_ignore_tags	1	0	0	1.003641	208	1
benchmarks/spec2006/400.perlbench.bc	400.perlbench.bc	original	XS_HTML__Parser_handler	1	0	0	1.002921	184	1
benchmarks/spec2006/400.perlbench.bc	400.perlbench.bc	original	argspec_compile	1	-9	1	277.167466	154800	0
benchmarks/spec2006/400.perlbench.bc	400.perlbench.bc	original	check_handler	1	0	0	1.005298	348	1
benchmarks/spec2006/400.perlbench.bc	400.perlbench.bc	original	XS_HTML__Entities_decode_entities	1	0	0	1.002685	204	1
benchmarks/spec2006/400.perlbench.bc	400.perlbench.bc	original	XS_HTML__Entities__decode_entities	1	0	0	1.002758	192	1
benchmarks/spec2006/400.perlbench.bc	400.perlbench.bc	original	XS_HTML__Entities__probably_utf8_chunk	1	0	0	1.002627	224	1
benchmarks/spec2006/400.perlbench.bc	400.perlbench.bc	original	XS_HTML__Entities_UNICODE_SUPPORT	1	0	0	1.002132	192	1
benchmarks/spec2006/400.perlbench.bc	400.perlbench.bc	original	boot_HTML__Parser	1	0	0	1.002404	204	1
benchmarks/spec2006/400.perlbench.bc	400.perlbench.bc	original	spec_srand	1	0	0	1.002548	88	1
benchmarks/spec2006/400.perlbench.bc	400.perlbench.bc	original	spec_rand	1	0	0	1.002909	208	1
benchmarks/spec2006/400.perlbench.bc	400.perlbench.bc	original	XS_Sys__Hostname_ghname	1	0	0	1.002129	224	1
benchmarks/spec2006/400.perlbench.bc	400.perlbench.bc	original	boot_Sys__Hostname	1	0	0	1.002084	204	1
benchmarks/spec2006/400.perlbench.bc	400.perlbench.bc	original	XS_Opcode__safe_pkg_prep	1	0	0	1.003135	200	1
benchmarks/spec2006/400.perlbench.bc	400.perlbench.bc	original	XS_Opcode__safe_call_sv	1	0	0	1.003643	196	1
benchmarks/spec2006/400.perlbench.bc	400.perlbench.bc	original	opmask_addlocal	1	0	0	1.002610	204	1
benchmarks/spec2006/400.perlbench.bc	400.perlbench.bc	original	opmask_add	1	0	0	1.003038	208	1
benchmarks/spec2006/400.perlbench.bc	400.perlbench.bc	original	verify_opset	1	0	0	1.003391	196	1
benchmarks/spec2006/400.perlbench.bc	400.perlbench.bc	original	XS_Opcode_verify_opset	1	0	0	1.004285	192	1
benchmarks/spec2006/400.perlbench.bc	400.perlbench.bc	original	XS_Opcode_invert_opset	1	0	0	1.004821	200	1
benchmarks/spec2006/400.perlbench.bc	400.perlbench.bc	original	new_opset	1	0	0	1.004315	204	1
benchmarks/spec2006/400.perlbench.bc	400.perlbench.bc	original	XS_Opcode_opset_to_ops	1	0	0	1.004882	12	1
benchmarks/spec2006/400.perlbench.bc	400.perlbench.bc	original	XS_Opcode_opset	1	0	0	1.003616	208	1
benchmarks/spec2006/400.perlbench.bc	400.perlbench.bc	original	get_op_bitspec	1	0	0	1.003609	184	1
benchmarks/spec2006/400.perlbench.bc	400.perlbench.bc	original	set_opset_bits	1	0	0	1.003921	208	1
benchmarks/spec2006/400.perlbench.bc	400.perlbench.bc	original	XS_Opcode_permit_only	1	0	0	1.003844	204	1
benchmarks/spec2006/400.perlbench.bc	400.perlbench.bc	original	XS_Opcode_opdesc	1	0	0	1.003370	184	1
benchmarks/spec2006/400.perlbench.bc	400.perlbench.bc	original	XS_Opcode_define_optag	1	0	0	1.002757	192	1
benchmarks/spec2006/400.perlbench.bc	400.perlbench.bc	original	put_op_bitspec	1	0	0	1.002514	204	1
benchmarks/spec2006/400.perlbench.bc	400.perlbench.bc	original	XS_Opcode_empty_opset	1	0	0	1.002499	204	1
benchmarks/spec2006/400.perlbench.bc	400.perlbench.bc	original	XS_Opcode_full_opset	1	0	0	1.002262	196	1
benchmarks/spec2006/400.perlbench.bc	400.perlbench.bc	original	XS_Opcode_opmask_add	1	0	0	1.002269	152	1
benchmarks/spec2006/400.perlbench.bc	400.perlbench.bc	original	XS_Opcode_opcodes	1	0	0	1.002352	196	1
benchmarks/spec2006/400.perlbench.bc	400.perlbench.bc	original	XS_Opcode_opmask	1	0	0	1.003125	196	1
benchmarks/spec2006/400.perlbench.bc	400.perlbench.bc	original	boot_Opcode	1	0	0	1.003173	200	1
benchmarks/spec2006/400.perlbench.bc	400.perlbench.bc	original	op_names_init	1	0	0	1.002714	204	1
benchmarks/spec2006/400.perlbench.bc	400.perlbench.bc	min-pred-succ	Perl_av_reify	1	0	0	1.002673	232	1
benchmarks/spec2006/400.perlbench.bc	400.perlbench.bc	min-pred-succ	Perl_av_extend	1	0	0	1.002175	196	1
benchmarks/spec2006/400.perlbench.bc	400.perlbench.bc	min-pred-succ	Perl_av_fetch	1	0	0	1.002457	208	1
benchmarks/spec2006/400.perlbench.bc	400.perlbench.bc	min-pred-succ	Perl_av_store	1	0	0	1.002692	204	1
benchmarks/spec2006/400.perlbench.bc	400.perlbench.bc	min-pred-succ	Perl_newAV	1	0	0	1.002234	196	1
benchmarks/spec2006/400.perlbench.bc	400.perlbench.bc	min-pred-succ	Perl_av_make	1	0	0	1.002245	204	1
benchmarks/spec2006/400.perlbench.bc	400.perlbench.bc	min-pred-succ	Perl_av_fake	1	0	0	1.002719	164	1
benchmarks/spec2006/400.perlbench.bc	400.perlbench.bc	min-pred-succ	Perl_av_clear	1	0	0	1.002952	76	1
benchmarks/spec2006/400.perlbench.bc	400.perlbench.bc	min-pred-succ	Perl_av_undef	1	0	0	1.002445	188	1
benchmarks/spec2006/400.perlbench.bc	400.perlbench.bc	min-pred-succ	Perl_av_fill	1	0	0	1.002140	208	1
benchmarks/spec2006/400.perlbench.bc	400.perlbench.bc	min-pred-succ	Perl_av_push	1	0	0	1.003686	208	1
benchmarks/spec2006/400.perlbench.bc	400.perlbench.bc	min-pred-succ	Perl_av_pop	1	0	0	1.002953	204	1
benchmarks/spec2006/400.perlbench.bc	400.perlbench.bc	min-pred-succ	Perl_av_unshift	1	0	0	1.002845	208	1
benchmarks/spec2006/400.perlbench.bc	400.perlbench.bc	min-pred-succ	Perl_av_shift	1	0	0	1.003472	4	1
benchmarks/spec2006/400.perlbench.bc	400.perlbench.bc	min-pred-succ	Perl_av_len	1	0	0	1.002460	204	1
benchmarks/spec2006/400.perlbench.bc	400.perlbench.bc	min-pred-succ	Perl_av_delete	1	0	0	1.003351	240	1
benchmarks/spec2006/400.perlbench.bc	400.perlbench.bc	min-pred-succ	Perl_av_exists	1	0	0	1.002754	236	1
benchmarks/spec2006/400.perlbench.bc	400.perlbench.bc	min-pred-succ	Perl_avhv_keys	1	0	0	1.003184	176	1
benchmarks/spec2006/400.perlbench.bc	400.perlbench.bc	min-pred-succ	Perl_avhv_store_ent	1	0	0	1.002522	108	1
benchmarks/spec2006/400.perlbench.bc	400.perlbench.bc	min-pred-succ	S_avhv_index	1	0	0	1.003517	204	1
benchmarks/spec2006/400.perlbench.bc	400.perlbench.bc	min-pred-succ	S_avhv_index_sv	1	0	0	1.002413	8	1
benchmarks/spec2006/400.perlbench.bc	400.perlbench.bc	min-pred-succ	Perl_avhv_fetch_ent	1	0	0	1.003370	184	1
benchmarks/spec2006/400.perlbench.bc	400.perlbench.bc	min-pred-succ	Perl_avhv_delete_ent	1	0	0	1.003113	204	1
benchmarks/spec2006/400.perlbench.bc	400.perlbench.bc	min-pred-succ	Perl_avhv_exists_ent	1	0	0	1.002764	192	1
benchmarks/spec2006/400.perlbench.bc	400.perlbench.bc	min-pred-succ	Perl_avhv_iternext	1	0	0	1.003348	208	1
benchmarks/spec2006/400.perlbench.bc	400.perlbench.bc	min-pred-succ	Perl_avhv_iterval	1	0	0	1.003177	204	1
benchmarks/spec2006/400.perlbench.bc	400.perlbench.bc	min-pred-succ	Perl_deb	1	0	0	1.005111	204	1
benchmarks/spec2006/400.perlbench.bc	400.perlbench.bc	min-pred-succ	Perl_vdeb	1	0	0	1.003138	208	1
benchmarks/spec2006/400.perlbench.bc	400.perlbench.bc	min-pred-succ	Perl_debstackptrs	1	0	0	1.003167	184	1
benchmarks/spec2006/400.perlbench.bc	400.perlbench.bc	min-pred-succ	Perl_debstack	1	0	0	1.002920	204	1
benchmarks/spec2006/400.perlbench.bc	400.perlbench.bc	min-pred-succ	S_deb_stack_n	1	0	0	1.003411	176	1
benchmarks/spec2006/400.perlbench.bc	400.perlbench.bc	min-pred-succ	Perl_deb_stack_all	1	0	0	1.002264	204	1
benchmarks/spec2006/400.perlbench.bc	400.perlbench.bc	min-pred-succ	Perl_do_open	1	0	0	1.002364	180	1
benchmarks/spec2006/400.perlbench.bc	400.perlbench.bc	min-pred-succ	Perl_do_openn	1	0	0	1.002418	240	1
benchmarks/spec2006/400.perlbench.bc	400.perlbench.bc	min-pred-succ	Perl_do_open9	1	0	0	1.002383	184	1
benchmarks/spec2006/400.perlbench.bc	400.perlbench.bc	min-pred-succ	Perl_nextargv	1	0	0	129.186613	334056	1
benchmarks/spec2006/400.perlbench.bc	400.perlbench.bc	min-pred-succ	Perl_do_close	1	0	0	1.003018	200	1
benchmarks/spec2006/400.perlbench.bc	400.perlbench.bc	min-pred-succ	Perl_io_close	1	0	0	1.003030	240	1
benchmarks/spec2006/400.perlbench.bc	400.perlbench.bc	min-pred-succ	Perl_do_eof	1	0	0	1.003750	200	1
benchmarks/spec2006/400.perlbench.bc	400.perlbench.bc	min-pred-succ	Perl_do_tell	1	0	0	1.002130	144	1
benchmarks/spec2006/400.perlbench.bc	400.perlbench.bc	min-pred-succ	Perl_do_seek	1	0	0	1.003518	204	1
benchmarks/spec2006/400.perlbench.bc	400.perlbench.bc	min-pred-succ	Perl_do_sysseek	1	0	0	1.002442	204	1
benchmarks/spec2006/400.perlbench.bc	400.perlbench.bc	min-pred-succ	Perl_mode_from_discipline	1	0	0	1.002221	184	1
benchmarks/spec2006/400.perlbench.bc	400.perlbench.bc	min-pred-succ	Perl_do_binmode	1	0	0	1.002469	204	1
benchmarks/spec2006/400.perlbench.bc	400.perlbench.bc	min-pred-succ	Perl_do_print	1	0	0	1.002175	204	1
benchmarks/spec2006/400.perlbench.bc	400.perlbench.bc	min-pred-succ	Perl_my_stat	1	0	0	1.002558	208	1
benchmarks/spec2006/400.perlbench.bc	400.perlbench.bc	min-pred-succ	Perl_my_lstat	1	0	0	1.002120	208	1
benchmarks/spec2006/400.perlbench.bc	400.perlbench.bc	min-pred-succ	Perl_do_aexec	1	0	0	1.002440	180	1
benchmarks/spec2006/400.perlbench.bc	400.perlbench.bc	min-pred-succ	Perl_do_aexec5	1	0	0	1.002817	208	1
benchmarks/spec2006/400.perlbench.bc	400.perlbench.bc	min-pred-succ	Perl_do_execfree	1	0	0	1.002600	180	1
benchmarks/spec2006/400.perlbench.bc	400.perlbench.bc	min-pred-succ	Perl_do_exec	1	0	0	1.002129	204	1
benchmarks/spec2006/400.perlbench.bc	400.perlbench.bc	min-pred-succ	Perl_do_exec3	1	-9	1	185.275627	181964	0
benchmarks/spec2006/400.perlbench.bc	400.perlbench.bc	min-pred-succ	Perl_apply	1	0	0	2.003828	121700	1
benchmarks/spec2006/400.perlbench.bc	400.perlbench.bc	min-pred-succ	Perl_cando	1	0	0	1.002224	188	1
benchmarks/spec2006/400.perlbench.bc	400.perlbench.bc	min-pred-succ	Perl_ingroup	1	0	0	1.002419	236	1
benchmarks/spec2006/400.perlbench.bc	400.perlbench.bc	min-pred-succ	Perl_start_glob	1	0	0	1.002469	188	1
benchmarks/spec2006/400.perlbench.bc	400.perlbench.bc	min-pred-succ	Perl_do_trans	1	0	0	1.002256	232	1
benchmarks/spec2006/400.perlbench.bc	400.perlbench.bc	min-pred-succ	S_do_trans_simple_utf8	1	0	0	2.003660	136300	1
benchmarks/spec2006/400.perlbench.bc	400.perlbench.bc	min-pred-succ	S_do_trans_simple	1	0	0	1.002300	8	1
benchmarks/spec2006/400.perlbench.bc	400.perlbench.bc	min-pred-succ	S_do_trans_count_utf8	1	0	0	1.002463	232	1
benchmarks/spec2006/400.perlbench.bc	400.perlbench.bc	min-pred-succ	S_do_trans_count	1	0	0	1.002373	184	1
benchmarks/spec2006/400.perlbench.bc	400.perlbench.bc	min-pred-succ	S_do_trans_complex_utf8	1	0	0	9.013809	200344	1
benchmarks/spec2006/400.perlbench.bc	400.perlbench.bc	min-pred-succ	S_do_trans_complex	1	0	0	1.002574	236	1
benchmarks/spec2006/400.perlbench.bc	400.perlbench.bc	min-pred-succ	Perl_do_join	1	0	0	1.002266	208	1
benchmarks/spec2006/400.perlbench.bc	400.perlbench.bc	min-pred-succ	Perl_do_sprintf	1	0	0	1.002295	200	1
benchmarks/spec2006/400.perlbench.bc	400.perlbench.bc	min-pred-succ	Perl_do_vecget	1	0	0	1.002279	208	1
benchmarks/spec2006/400.perlbench.bc	400.perlbench.bc	min-pred-succ	Perl_do_vecset	1	0	0	1.002369	164	1
benchmarks/spec2006/400.perlbench.bc	400.perlbench.bc	min-pred-succ	Perl_do_chop	1	0	0	1.002517	116	1
benchmarks/spec2006/400.perlbench.bc	400.perlbench.bc	min-pred-succ	Perl_do_chomp	1	0	0	1.003334	208	1
benchmarks/spec2006/400.perlbench.bc	400.perlbench.bc	min-pred-succ	Perl_do_vop	1	0	0	1.002412	236	1
benchmarks/spec2006/400.perlbench.bc	400.perlbench.bc	min-pred-succ	Perl_do_kv	1	0	0	1.002332	208	1
benchmarks/spec2006/400.perlbench.bc	400.perlbench.bc	min-pred-succ	Perl_dump_indent	1	0	0	1.002861	204	1
benchmarks/spec2006/400.perlbench.bc	400.perlbench.bc	min-pred-succ	Perl_dump_vindent	1	0	0	1.002571	188	1
benchmarks/spec2006/400.perlbench.bc	400.perlbench.bc	min-pred-succ	Perl_dump_all	1	0	0	1.002278	200	1
benchmarks/spec2006/400.perlbench.bc	400.perlbench.bc	min-pred-succ	Perl_op_dump	1	0	0	1.002212	204	1
benchmarks/spec2006/400.perlbench.bc	400.perlbench.bc	min-pred-succ	Perl_dump_packsubs	1	0	0	1.002408	16	1
benchmarks/spec2006/400.perlbench.bc	400.perlbench.bc	min-pred-succ	Perl_dump_sub	1	0	0	1.002360	236	1
benchmarks/spec2006/400.perlbench.bc	400.perlbench.bc	min-pred-succ	Perl_dump_form	1	0	0	1.002770	204	1
benchmarks/spec2006/400.perlbench.bc	400.perlbench.bc	min-pred-succ	Perl_do_op_dump	1	0	0	1.014384	184	1
benchmarks/spec2006/400.perlbench.bc	400.perlbench.bc	min-pred-succ	Perl_sv_peek	1	0	0	5.008650	197204	1
benchmarks/spec2006/400.perlbench.bc	400.perlbench.bc	min-pred-succ	Perl_do_pmop_dump	1	0	0	1.002232	208	1
benchmarks/spec2006/400.perlbench.bc	400.perlbench.bc	min-pred-succ	Perl_pv_display	1	0	0	1.002558	204	1
benchmarks/spec2006/400.perlbench.bc	400.perlbench.bc	min-pred-succ	Perl_dump_eval	1	0	0	1.003138	204	1
benchmarks/spec2006/400.perlbench.bc	400.perlbench.bc	min-pred-succ	Perl_pmop_dump	1	0	0	1.002196	192	1
benchmarks/spec2006/400.perlbench.bc	400.perlbench.bc	min-pred-succ	Perl_gv_dump	1	0	0	1.002484	204	1
benchmarks/spec2006/400.perlbench.bc	400.perlbench.bc	min-pred-succ	Perl_do_magic_dump	1	0	0	45.065791	288456	1
benchmarks/spec2006/400.perlbench.bc	400.perlbench.bc	min-pred-succ	Perl_do_sv_dump	1	0	0	1.002334	204	1
benchmarks/spec2006/400.perlbench.bc	400.perlbench.bc	min-pred-succ	Perl_do_hv_dump	1	0	0	1.002213	196	1
benchmarks/spec2006/400.perlbench.bc	400.perlbench.bc	min-pred-succ	Perl_do_gvgv_dump	1	0	0	1.002435	200	1
benchmarks/spec2006/400.perlbench.bc	400.perlbench.bc	min-pred-succ	Perl_do_gv_dump	1	0	0	1.002301	164	1
benchmarks/spec2006/400.perlbench.bc	400.perlbench.bc	min-pred-succ	Perl_magic_dump	1	0	0	1.002137	88	1
benchmarks/spec2006/400.perlbench.bc	400.perlbench.bc	min-pred-succ	Perl_sv_dump	1	0	0	1.003123	236	1
benchmarks/spec2006/400.perlbench.bc	400.perlbench.bc	min-pred-succ	Perl_runops_debug	1	0	0	1.002557	188	1
benchmarks/spec2006/400.perlbench.bc	400.perlbench.bc	min-pred-succ	Perl_debop	1	0	0	1.002456	88	1
benchmarks/spec2006/400.perlbench.bc	400.perlbench.bc	min-pred-succ	S_debprof	1	0	0	1.002402	204	1
benchmarks/spec2006/400.perlbench.bc	400.perlbench.bc	min-pred-succ	S_deb_curcv	1	0	0	1.002394	180	1
benchmarks/spec2006/400.perlbench.bc	400.perlbench.bc	min-pred-succ	Perl_watch	1	0	0	1.014458	236	1
benchmarks/spec2006/400.perlbench.bc	400.perlbench.bc	min-pred-succ	Perl_debprofdump	1	0	0	1.002376	184	1
benchmarks/spec2006/400.perlbench.bc	400.perlbench.bc	min-pred-succ	Perl_fprintf_nocontext	1	0	0	1.002679	180	1
benchmarks/spec2006/400.perlbench.bc	400.perlbench.bc	min-pred-succ	Perl_printf_nocontext	1	0	0	1.002280	196	1
benchmarks/spec2006/400.perlbench.bc	400.perlbench.bc	min-pred-succ	Perl_gv_AVadd	1	0	0	1.003087	184	1
benchmarks/spec2006/400.perlbench.bc	400.perlbench.bc	min-pred-succ	Perl_gv_HVadd	1	0	0	1.002170	156	1
benchmarks/spec2006/400.perlbench.bc	400.perlbench.bc	min-pred-succ	Perl_gv_IOadd	1	0	0	1.002590	208	1
benchmarks/spec2006/400.perlbench.bc	400.perlbench.bc	min-pred-succ	Perl_newIO	1	0	0	1.002437	204	1
benchmarks/spec2006/400.perlbench.bc	400.perlbench.bc	min-pred-succ	Perl_gv_fetchpv	1	-9	1	185.279088	297876	0
benchmarks/spec2006/400.perlbench.bc	400.perlbench.bc	min-pred-succ	Perl_gv_init	1	0	0	1.003508	232	1
benchmarks/spec2006/400.perlbench.bc	400.perlbench.bc	min-pred-succ	S_gv_init_sv	1	0	0	1.001731	204	1
benchmarks/spec2006/400.perlbench.bc	400.perlbench.bc	min-pred-succ	S_require_errno	1	0	0	1.002273	204	1
benchmarks/spec2006/400.perlbench.bc	400.perlbench.bc	min-pred-succ	Perl_gv_stashpvn	1	0	0	1.002243	84	1
benchmarks/spec2006/400.perlbench.bc	400.perlbench.bc	min-pred-succ	Perl_gv_fetchmethod	1	0	0	1.002720	204	1
benchmarks/spec2006/400.perlbench.bc	400.perlbench.bc	min-pred-succ	Perl_gv_fetchmethod_autoload	1	0	0	1.002160	84	1
benchmarks/spec2006/400.perlbench.bc	400.perlbench.bc	min-pred-succ	Perl_gv_fetchmeth	1	0	0	45.063370	170260	1
benchmarks/spec2006/400.perlbench.bc	400.perlbench.bc	min-pred-succ	Perl_gv_autoload4	1	0	0	1.002210	192	1
benchmarks/spec2006/400.perlbench.bc	400.perlbench.bc	min-pred-succ	Perl_gv_stashsv	1	0	0	1.002487	204	1
benchmarks/spec2006/400.perlbench.bc	400.perlbench.bc	min-pred-succ	Perl_gp_ref	1	0	0	1.002294	184	1
benchmarks/spec2006/400.perlbench.bc	400.perlbench.bc	min-pred-succ	Perl_gv_fetchfile	1	0	0	1.002579	184	1
benchmarks/spec2006/400.perlbench.bc	400.perlbench.bc	min-pred-succ	Perl_gv_fetchmeth_autoload	1	0	0	1.002544	204	1
benchmarks/spec2006/400.perlbench.bc	400.perlbench.bc	min-pred-succ	Perl_gv_stashpv	1	0	0	1.002388	188	1
benchmarks/spec2006/400.perlbench.bc	400.perlbench.bc	min-pred-succ	Perl_gv_fullname4	1	0	0	1.002272	204	1
benchmarks/spec2006/400.perlbench.bc	400.perlbench.bc	min-pred-succ	Perl_gv_fullname3	1	0	0	1.002263	236	1
benchmarks/spec2006/400.perlbench.bc	400.perlbench.bc	min-pred-succ	Perl_gv_efullname4	1	0	0	1.002636	240	1
benchmarks/spec2006/400.perlbench.bc	400.perlbench.bc	min-pred-succ	Perl_gv_efullname3	1	0	0	1.002204	236	1
benchmarks/spec2006/400.perlbench.bc	400.perlbench.bc	min-pred-succ	Perl_gv_fullname	1	0	0	1.002866	536	1
benchmarks/spec2006/400.perlbench.bc	400.perlbench.bc	min-pred-succ	Perl_gv_efullname	1	0	0	1.002183	240	1
benchmarks/spec2006/400.perlbench.bc	400.perlbench.bc	min-pred-succ	Perl_gv_check	1	0	0	1.002254	208	1
benchmarks/spec2006/400.perlbench.bc	400.perlbench.bc	min-pred-succ	Perl_newGVgen	1	0	0	1.002656	208	1
benchmarks/spec2006/400.perlbench.bc	400.perlbench.bc	min-pred-succ	Perl_gp_free	1	0	0	1.002322	164	1
benchmarks/spec2006/400.perlbench.bc	400.perlbench.bc	min-pred-succ	Perl_magic_freeovrld	1	0	0	1.002241	196	1
benchmarks/spec2006/400.perlbench.bc	400.perlbench.bc	min-pred-succ	Perl_Gv_AMupdate	1	0	0	1.002211	204	1
benchmarks/spec2006/400.perlbench.bc	400.perlbench.bc	min-pred-succ	Perl_gv_handler	1	0	0	1.002539	204	1
benchmarks/spec2006/400.perlbench.bc	400.perlbench.bc	min-pred-succ	Perl_amagic_call	1	0	0	1.002526	196	1
benchmarks/spec2006/400.perlbench.bc	400.perlbench.bc	min-pred-succ	Perl_is_gv_magical	1	0	0	1.002343	204	1
benchmarks/spec2006/400.perlbench.bc	400.perlbench.bc	min-pred-succ	Perl_free_tied_hv_pool	1	0	0	1.002366	200	1
benchmarks/spec2006/400.perlbench.bc	400.perlbench.bc	min-pred-succ	S_del_he	1	0	0	1.002624	184	1
benchmarks/spec2006/400.perlbench.bc	400.perlbench.bc	min-pred-succ	Perl_hv_store	1	0	0	1.002316	204	1
benchmarks/spec2006/400.perlbench.bc	400.perlbench.bc	min-pred-succ	S_hv_fetch_common	1	-9	1	185.280978	241812	0
benchmarks/spec2006/400.perlbench.bc	400.perlbench.bc	min-pred-succ	S_new_he	1	0	0	1.002500	176	1
benchmarks/spec2006/400.perlbench.bc	400.perlbench.bc	min-pred-succ	S_hv_magic_check	1	0	0	1.002350	204	1
benchmarks/spec2006/400.perlbench.bc	400.perlbench.bc	min-pred-succ	S_share_hek_flags	1	0	0	1.001888	192	1
benchmarks/spec2006/400.perlbench.bc	400.perlbench.bc	min-pred-succ	Perl_unshare_hek	1	0	0	1.013505	204	1
benchmarks/spec2006/400.perlbench.bc	400.perlbench.bc	min-pred-succ	S_hv_notallowed	1	0	0	1.002328	192	1
benchmarks/spec2006/400.perlbench.bc	400.perlbench.bc	min-pred-succ	S_save_hek_flags	1	0	0	1.003003	192	1
benchmarks/spec2006/400.perlbench.bc	400.perlbench.bc	min-pred-succ	S_hsplit	1	0	0	1.004059	4	1
benchmarks/spec2006/400.perlbench.bc	400.perlbench.bc	min-pred-succ	Perl_hv_clear_placeholders	1	0	0	1.002302	64	1
benchmarks/spec2006/400.perlbench.bc	400.perlbench.bc	min-pred-succ	Perl_hv_free_ent	1	0	0	1.002413	204	1
benchmarks/spec2006/400.perlbench.bc	400.perlbench.bc	min-pred-succ	S_unshare_hek_or_pvn	1	0	0	2.003991	133232	1
benchmarks/spec2006/400.perlbench.bc	400.perlbench.bc	min-pred-succ	S_more_he	1	0	0	1.012990	192	1
benchmarks/spec2006/400.perlbench.bc	400.perlbench.bc	min-pred-succ	Perl_hv_store_flags	1	0	0	1.002570	208	1
benchmarks/spec2006/400.perlbench.bc	400.perlbench.bc	min-pred-succ	Perl_hv_store_ent	1	0	0	1.002422	196	1
benchmarks/spec2006/400.perlbench.bc	400.perlbench.bc	min-pred-succ	Perl_hv_exists	1	0	0	1.002739	200	1
benchmarks/spec2006/400.perlbench.bc	400.perlbench.bc	min-pred-succ	Perl_hv_fetch	1	0	0	1.002181	184	1
benchmarks/spec2006/400.perlbench.bc	400.perlbench.bc	min-pred-succ	Perl_hv_exists_ent	1	0	0	1.002297	100	1
benchmarks/spec2006/400.perlbench.bc	400.perlbench.bc	min-pred-succ	Perl_hv_fetch_ent	1	0	0	1.002349	204	1
benchmarks/spec2006/400.perlbench.bc	400.perlbench.bc	min-pred-succ	Perl_hv_scalar	1	0	0	1.004060	208	1
benchmarks/spec2006/400.perlbench.bc	400.perlbench.bc	min-pred-succ	Perl_hv_delete	1	0	0	1.002271	184	1
benchmarks/spec2006/400.perlbench.bc	400.perlbench.bc	min-pred-succ	S_hv_delete_common	1	0	0	10.015603	145796	1
benchmarks/spec2006/400.perlbench.bc	400.perlbench.bc	min-pred-succ	Perl_hv_delete_ent	1	0	0	1.002616	184	1
benchmarks/spec2006/400.perlbench.bc	400.perlbench.bc	min-pred-succ	Perl_hv_ksplit	1	0	0	1.002148	196	1
benchmarks/spec2006/400.perlbench.bc	400.perlbench.bc	min-pred-succ	Perl_newHV	1	0	0	1.002957	772	1
benchmarks/spec2006/400.perlbench.bc	400.perlbench.bc	min-pred-succ	Perl_hv_iterinit	1	0	0	1.002146	84	1
benchmarks/spec2006/400.perlbench.bc	400.perlbench.bc	min-pred-succ	Perl_newHVhv	1	0	0	1.002346	208	1
benchmarks/spec2006/400.perlbench.bc	400.perlbench.bc	min-pred-succ	Perl_hv_iternext_flags	1	0	0	2.003684	122048	1
benchmarks/spec2006/400.perlbench.bc	400.perlbench.bc	min-pred-succ	Perl_hv_delayfree_ent	1	0	0	1.002346	184	1
benchmarks/spec2006/400.perlbench.bc	400.perlbench.bc	min-pred-succ	Perl_hv_clear	1	0	0	1.002308	184	1
benchmarks/spec2006/400.perlbench.bc	400.perlbench.bc	min-pred-succ	Perl_hv_iterkeysv	1	0	0	1.002332	176	1
benchmarks/spec2006/400.perlbench.bc	400.perlbench.bc	min-pred-succ	S_hfreeentries	1	0	0	1.002281	236	1
benchmarks/spec2006/400.perlbench.bc	400.perlbench.bc	min-pred-succ	Perl_hv_undef	1	0	0	1.002549	204	1
benchmarks/spec2006/400.perlbench.bc	400.perlbench.bc	min-pred-succ	Perl_hv_iternext	1	0	0	1.004189	88	1
benchmarks/spec2006/400.perlbench.bc	400.perlbench.bc	min-pred-succ	Perl_hv_iterkey	1	0	0	1.002299	208	1
benchmarks/spec2006/400.perlbench.bc	400.perlbench.bc	min-pred-succ	Perl_hv_iterval	1	0	0	1.002376	12	1
benchmarks/spec2006/400.perlbench.bc	400.perlbench.bc	min-pred-succ	Perl_hv_iternextsv	1	0	0	1.002440	204	1
benchmarks/spec2006/400.perlbench.bc	400.perlbench.bc	min-pred-succ	Perl_hv_magic	1	0	0	1.002570	204	1
benchmarks/spec2006/400.perlbench.bc	400.perlbench.bc	min-pred-succ	Perl_unsharepvn	1	0	0	1.002743	208	1
benchmarks/spec2006/400.perlbench.bc	400.perlbench.bc	min-pred-succ	Perl_share_hek	1	0	0	1.002524	192	1
benchmarks/spec2006/400.perlbench.bc	400.perlbench.bc	min-pred-succ	Perl_set_numeric_radix	1	0	0	1.002435	188	1
benchmarks/spec2006/400.perlbench.bc	400.perlbench.bc	min-pred-succ	Perl_new_numeric	1	0	0	1.002829	200	1
benchmarks/spec2006/400.perlbench.bc	400.perlbench.bc	min-pred-succ	Perl_set_numeric_standard	1	0	0	1.002321	232	1
benchmarks/spec2006/400.perlbench.bc	400.perlbench.bc	min-pred-succ	Perl_set_numeric_local	1	0	0	1.002433	208	1
benchmarks/spec2006/400.perlbench.bc	400.perlbench.bc	min-pred-succ	Perl_new_ctype	1	0	0	1.002565	240	1
benchmarks/spec2006/400.perlbench.bc	400.perlbench.bc	min-pred-succ	Perl_new_collate	1	0	0	1.002372	188	1
benchmarks/spec2006/400.perlbench.bc	400.perlbench.bc	min-pred-succ	Perl_init_i18nl10n	1	0	0	1.002527	204	1
benchmarks/spec2006/400.perlbench.bc	400.perlbench.bc	min-pred-succ	Perl_init_i18nl14n	1	0	0	1.002576	208	1
benchmarks/spec2006/400.perlbench.bc	400.perlbench.bc	min-pred-succ	Perl_mg_magical	1	0	0	1.003031	748	1
benchmarks/spec2006/400.perlbench.bc	400.perlbench.bc	min-pred-succ	Perl_mg_get	1	0	0	1.002586	236	1
benchmarks/spec2006/400.perlbench.bc	400.perlbench.bc	min-pred-succ	S_save_magic	1	0	0	1.002635	208	1
benchmarks/spec2006/400.perlbench.bc	400.perlbench.bc	min-pred-succ	restore_magic	1	0	0	1.002481	188	1
benchmarks/spec2006/400.perlbench.bc	400.perlbench.bc	min-pred-succ	Perl_mg_set	1	0	0	1.001705	204	1
benchmarks/spec2006/400.perlbench.bc	400.perlbench.bc	min-pred-succ	Perl_mg_length	1	0	0	1.002495	208	1
benchmarks/spec2006/400.perlbench.bc	400.perlbench.bc	min-pred-succ	Perl_mg_size	1	0	0	1.002408	208	1
benchmarks/spec2006/400.perlbench.bc	400.perlbench.bc	min-pred-succ	Perl_mg_clear	1	0	0	1.002274	204	1
benchmarks/spec2006/400.perlbench.bc	400.perlbench.bc	min-pred-succ	Perl_mg_find	1	0	0	1.002651	180	1
benchmarks/spec2006/400.perlbench.bc	400.perlbench.bc	min-pred-succ	Perl_mg_copy	1	0	0	1.002275	184	1
benchmarks/spec2006/400.perlbench.bc	400.perlbench.bc	min-pred-succ	Perl_mg_free	1	0	0	1.003005	176	1
benchmarks/spec2006/400.perlbench.bc	400.perlbench.bc	min-pred-succ	Perl_magic_regdata_cnt	1	0	0	1.002526	208	1
benchmarks/spec2006/400.perlbench.bc	400.perlbench.bc	min-pred-succ	Perl_magic_regdatum_get	1	0	0	1.002400	200	1
benchmarks/spec2006/400.perlbench.bc	400.perlbench.bc	min-pred-succ	Perl_magic_regdatum_set	1	0	0	1.002222	240	1
benchmarks/spec2006/400.perlbench.bc	400.perlbench.bc	min-pred-succ	Perl_magic_len	1	0	0	1.002390	184	1
benchmarks/spec2006/400.perlbench.bc	400.perlbench.bc	min-pred-succ	Perl_magic_get	1	0	0	1.002525	208	1
benchmarks/spec2006/400.perlbench.bc	400.perlbench.bc	min-pred-succ	Perl_magic_getuvar	1	0	0	1.002628	236	1
benchmarks/spec2006/400.perlbench.bc	400.perlbench.bc	min-pred-succ	Perl_magic_setenv	1	0	0	1.002946	192	1
benchmarks/spec2006/400.perlbench.bc	400.perlbench.bc	min-pred-succ	Perl_magic_clearenv	1	0	0	1.002664	240	1
benchmarks/spec2006/400.perlbench.bc	400.perlbench.bc	min-pred-succ	Perl_magic_set_all_env	1	0	0	1.002247	204	1
benchmarks/spec2006/400.perlbench.bc	400.perlbench.bc	min-pred-succ	Perl_magic_clear_all_env	1	0	0	1.002244	208	1
benchmarks/spec2006/400.perlbench.bc	400.perlbench.bc	min-pred-succ	Perl_magic_getsig	1	0	0	1.002443	12	1
benchmarks/spec2006/400.perlbench.bc	400.perlbench.bc	min-pred-succ	Perl_whichsig	1	0	0	1.002425	236	1
benchmarks/spec2006/400.perlbench.bc	400.perlbench.bc	min-pred-succ	Perl_magic_clearsig	1	0	0	1.002165	180	1
benchmarks/spec2006/400.perlbench.bc	400.perlbench.bc	min-pred-succ	Perl_despatch_signals	1	0	0	1.002658	204	1
benchmarks/spec2006/400.perlbench.bc	400.perlbench.bc	min-pred-succ	Perl_raise_signal	1	0	0	1.002607	196	1
benchmarks/spec2006/400.perlbench.bc	400.perlbench.bc	min-pred-succ	Perl_csighandler	1	0	0	1.002726	84	1
benchmarks/spec2006/400.perlbench.bc	400.perlbench.bc	min-pred-succ	Perl_magic_setsig	1	0	0	1.002381	196	1
benchmarks/spec2006/400.perlbench.bc	400.perlbench.bc	min-pred-succ	Perl_magic_setisa	1	0	0	1.002384	184	1
benchmarks/spec2006/400.perlbench.bc	400.perlbench.bc	min-pred-succ	Perl_magic_setamagic	1	0	0	1.002385	204	1
benchmarks/spec2006/400.perlbench.bc	400.perlbench.bc	min-pred-succ	Perl_magic_getnkeys	1	0	0	1.002251	208	1
benchmarks/spec2006/400.perlbench.bc	400.perlbench.bc	min-pred-succ	Perl_magic_setnkeys	1	0	0	1.002414	184	1
benchmarks/spec2006/400.perlbench.bc	400.perlbench.bc	min-pred-succ	Perl_magic_getpack	1	0	0	1.002719	204	1
benchmarks/spec2006/400.perlbench.bc	400.perlbench.bc	min-pred-succ	S_magic_methpack	1	0	0	1.002268	196	1
benchmarks/spec2006/400.perlbench.bc	400.perlbench.bc	min-pred-succ	S_magic_methcall	1	0	0	1.002275	208	1
benchmarks/spec2006/400.perlbench.bc	400.perlbench.bc	min-pred-succ	Perl_magic_setpack	1	0	0	1.002379	148	1
benchmarks/spec2006/400.perlbench.bc	400.perlbench.bc	min-pred-succ	Perl_magic_clearpack	1	0	0	1.002559	204	1
benchmarks/spec2006/400.perlbench.bc	400.perlbench.bc	min-pred-succ	Perl_magic_sizepack	1	0	0	1.002277	200	1
benchmarks/spec2006/400.perlbench.bc	400.perlbench.bc	min-pred-succ	Perl_magic_wipepack	1	0	0	1.003234	184	1
benchmarks/spec2006/400.perlbench.bc	400.perlbench.bc	min-pred-succ	Perl_magic_nextpack	1	0	0	1.002218	200	1
benchmarks/spec2006/400.perlbench.bc	400.perlbench.bc	min-pred-succ	Perl_magic_existspack	1	0	0	1.003500	232	1
benchmarks/spec2006/400.perlbench.bc	400.perlbench.bc	min-pred-succ	Perl_magic_scalarpack	1	0	0	1.002335	188	1
benchmarks/spec2006/400.perlbench.bc	400.perlbench.bc	min-pred-succ	Perl_magic_setdbline	1	0	0	1.004550	192	1
benchmarks/spec2006/400.perlbench.bc	400.perlbench.bc	min-pred-succ	Perl_magic_getarylen	1	0	0	1.002590	196	1
benchmarks/spec2006/400.perlbench.bc	400.perlbench.bc	min-pred-succ	Perl_magic_setarylen	1	0	0	1.002317	208	1
benchmarks/spec2006/400.perlbench.bc	400.perlbench.bc	min-pred-succ	Perl_magic_getpos	1	0	0	1.002433	200	1
benchmarks/spec2006/400.perlbench.bc	400.perlbench.bc	min-pred-succ	Perl_magic_setpos	1	0	0	1.002589	204	1
benchmarks/spec2006/400.perlbench.bc	400.perlbench.bc	min-pred-succ	Perl_magic_getglob	1	0	0	1.002461	208	1
benchmarks/spec2006/400.perlbench.bc	400.perlbench.bc	min-pred-succ	Perl_magic_setglob	1	0	0	1.002352	208	1
benchmarks/spec2006/400.perlbench.bc	400.perlbench.bc	min-pred-succ	Perl_magic_getsubstr	1	0	0	1.002290	104	1
benchmarks/spec2006/400.perlbench.bc	400.perlbench.bc	min-pred-succ	Perl_magic_setsubstr	1	0	0	1.002298	204	1
benchmarks/spec2006/400.perlbench.bc	400.perlbench.bc	min-pred-succ	Perl_magic_gettaint	1	0	0	1.002405	180	1
benchmarks/spec2006/400.perlbench.bc	400.perlbench.bc	min-pred-succ	Perl_magic_settaint	1	0	0	1.002678	208	1
benchmarks/spec2006/400.perlbench.bc	400.perlbench.bc	min-pred-succ	Perl_magic_getvec	1	0	0	1.002255	196	1
benchmarks/spec2006/400.perlbench.bc	400.perlbench.bc	min-pred-succ	Perl_magic_setvec	1	0	0	1.003278	4	1
benchmarks/spec2006/400.perlbench.bc	400.perlbench.bc	min-pred-succ	Perl_magic_getdefelem	1	0	0	1.002487	204	1
benchmarks/spec2006/400.perlbench.bc	400.perlbench.bc	min-pred-succ	Perl_magic_setdefelem	1	0	0	1.002722	204	1
benchmarks/spec2006/400.perlbench.bc	400.perlbench.bc	min-pred-succ	Perl_vivify_defelem	1	0	0	1.002464	176	1
benchmarks/spec2006/400.perlbench.bc	400.perlbench.bc	min-pred-succ	Perl_magic_killbackrefs	1	0	0	1.002898	192	1
benchmarks/spec2006/400.perlbench.bc	400.perlbench.bc	min-pred-succ	Perl_magic_setmglob	1	0	0	1.004447	144	1
benchmarks/spec2006/400.perlbench.bc	400.perlbench.bc	min-pred-succ	Perl_magic_setbm	1	0	0	1.002217	192	1
benchmarks/spec2006/400.perlbench.bc	400.perlbench.bc	min-pred-succ	Perl_magic_setfm	1	0	0	1.002434	228	1
benchmarks/spec2006/400.perlbench.bc	400.perlbench.bc	min-pred-succ	Perl_magic_setuvar	1	0	0	1.002243	204	1
benchmarks/spec2006/400.perlbench.bc	400.perlbench.bc	min-pred-succ	Perl_magic_setregexp	1	0	0	1.004699	188	1
benchmarks/spec2006/400.perlbench.bc	400.perlbench.bc	min-pred-succ	Perl_magic_freeregexp	1	0	0	1.003246	204	1
benchmarks/spec2006/400.perlbench.bc	400.perlbench.bc	min-pred-succ	Perl_magic_setutf8	1	0	0	1.002558	184	1
benchmarks/spec2006/400.perlbench.bc	400.perlbench.bc	min-pred-succ	Perl_magic_set	1	0	0	1.002199	204	1
benchmarks/spec2006/400.perlbench.bc	400.perlbench.bc	min-pred-succ	Perl_sighandler	1	0	0	1.002469	180	1
benchmarks/spec2006/400.perlbench.bc	400.perlbench.bc	min-pred-succ	unwind_handler_stack	1	0	0	1.002376	204	1
benchmarks/spec2006/400.perlbench.bc	400.perlbench.bc	min-pred-succ	Perl_cast_ulong	1	0	0	1.002456	188	1
benchmarks/spec2006/400.perlbench.bc	400.perlbench.bc	min-pred-succ	Perl_cast_i32	1	0	0	1.002505	208	1
benchmarks/spec2006/400.perlbench.bc	400.perlbench.bc	min-pred-succ	Perl_cast_iv	1	0	0	1.002415	204	1
benchmarks/spec2006/400.perlbench.bc	400.perlbench.bc	min-pred-succ	Perl_cast_uv	1	0	0	1.002339	164	1
benchmarks/spec2006/400.perlbench.bc	400.perlbench.bc	min-pred-succ	Perl_huge	1	0	0	1.002587	192	1
benchmarks/spec2006/400.perlbench.bc	400.perlbench.bc	min-pred-succ	Perl_grok_bin	1	0	0	11.017123	133724	1
benchmarks/spec2006/400.perlbench.bc	400.perlbench.bc	min-pred-succ	Perl_grok_hex	1	0	0	11.017875	134180	1
benchmarks/spec2006/400.perlbench.bc	400.perlbench.bc	min-pred-succ	Perl_grok_oct	1	0	0	17.027244	126372	1
benchmarks/spec2006/400.perlbench.bc	400.perlbench.bc	min-pred-succ	Perl_scan_bin	1	0	0	1.002309	208	1
benchmarks/spec2006/400.perlbench.bc	400.perlbench.bc	min-pred-succ	Perl_scan_oct	1	0	0	1.002493	232	1
benchmarks/spec2006/400.perlbench.bc	400.perlbench.bc	min-pred-succ	Perl_scan_hex	1	0	0	1.002602	208	1
benchmarks/spec2006/400.perlbench.bc	400.perlbench.bc	min-pred-succ	Perl_grok_numeric_radix	1	0	0	1.002476	200	1
benchmarks/spec2006/400.perlbench.bc	400.perlbench.bc	min-pred-succ	Perl_grok_number	1	0	0	85.120023	241048	1
benchmarks/spec2006/400.perlbench.bc	400.perlbench.bc	min-pred-succ	Perl_my_atof	1	0	0	1.002611	208	1
benchmarks/spec2006/400.perlbench.bc	400.perlbench.bc	min-pred-succ	Perl_my_atof2	1	0	0	4.017524	168968	1
benchmarks/spec2006/400.perlbench.bc	400.perlbench.bc	min-pred-succ	S_mulexp10	1	0	0	1.002312	204	1
benchmarks/spec2006/400.perlbench.bc	400.perlbench.bc	min-pred-succ	Perl_allocmy	1	0	0	1.002486	184	1
benchmarks/spec2006/400.perlbench.bc	400.perlbench.bc	min-pred-succ	Perl_op_free	1	0	0	1.002608	192	1
benchmarks/spec2006/400.perlbench.bc	400.perlbench.bc	min-pred-succ	S_cop_free	1	0	0	1.003630	204	1
benchmarks/spec2006/400.perlbench.bc	400.perlbench.bc	min-pred-succ	Perl_op_clear	1	0	0	1.002596	240	1
benchmarks/spec2006/400.perlbench.bc	400.perlbench.bc	min-pred-succ	Perl_ck_ftst	1	0	0	1.002454	188	1
benchmarks/spec2006/400.perlbench.bc	400.perlbench.bc	min-pred-succ	Perl_newGVOP	1	0	0	1.002290	192	1
benchmarks/spec2006/400.perlbench.bc	400.perlbench.bc	min-pred-succ	S_newDEFSVOP	1	0	0	1.002618	204	1
benchmarks/spec2006/400.perlbench.bc	400.perlbench.bc	min-pred-succ	Perl_newUNOP	1	0	0	1.002280	192	1
benchmarks/spec2006/400.perlbench.bc	400.perlbench.bc	min-pred-succ	Perl_newOP	1	0	0	1.002597	204	1
benchmarks/spec2006/400.perlbench.bc	400.perlbench.bc	min-pred-succ	Perl_force_list	1	0	0	1.002277	204	1
benchmarks/spec2006/400.perlbench.bc	400.perlbench.bc	min-pred-succ	Perl_fold_constants	1	0	0	2.003868	119448	1
benchmarks/spec2006/400.perlbench.bc	400.perlbench.bc	min-pred-succ	Perl_scalar	1	0	0	1.002625	204	1
benchmarks/spec2006/400.perlbench.bc	400.perlbench.bc	min-pred-succ	Perl_linklist	1	0	0	1.003090	204	1
benchmarks/spec2006/400.perlbench.bc	400.perlbench.bc	min-pred-succ	Perl_newSVOP	1	0	0	1.002365	204	1
benchmarks/spec2006/400.perlbench.bc	400.perlbench.bc	min-pred-succ	Perl_scalarvoid	1	0	0	1.002829	204	1
benchmarks/spec2006/400.perlbench.bc	400.perlbench.bc	min-pred-succ	Perl_custom_op_desc	1	0	0	1.002626	204	1
benchmarks/spec2006/400.perlbench.bc	400.perlbench.bc	min-pred-succ	S_no_bareword_allowed	1	0	0	1.002465	204	1
benchmarks/spec2006/400.perlbench.bc	400.perlbench.bc	min-pred-succ	Perl_op_null	1	0	0	1.002714	232	1
benchmarks/spec2006/400.perlbench.bc	400.perlbench.bc	min-pred-succ	Perl_scalarkids	1	0	0	1.002355	184	1
benchmarks/spec2006/400.perlbench.bc	400.perlbench.bc	min-pred-succ	Perl_newLISTOP	1	0	0	1.004190	204	1
benchmarks/spec2006/400.perlbench.bc	400.perlbench.bc	min-pred-succ	Perl_newSVREF	1	0	0	1.002322	196	1
benchmarks/spec2006/400.perlbench.bc	400.perlbench.bc	min-pred-succ	Perl_op_refcnt_lock	1	0	0	1.002380	208	1
benchmarks/spec2006/400.perlbench.bc	400.perlbench.bc	min-pred-succ	Perl_op_refcnt_unlock	1	0	0	1.002349	204	1
benchmarks/spec2006/400.perlbench.bc	400.perlbench.bc	min-pred-succ	Perl_listkids	1	0	0	1.002326	236	1
benchmarks/spec2006/400.perlbench.bc	400.perlbench.bc	min-pred-succ	Perl_list	1	0	0	1.002243	136	1
benchmarks/spec2006/400.perlbench.bc	400.perlbench.bc	min-pred-succ	Perl_gen_constant_list	1	0	0	1.002251	188	1
benchmarks/spec2006/400.perlbench.bc	400.perlbench.bc	min-pred-succ	Perl_scalarseq	1	0	0	1.002569	208	1
benchmarks/spec2006/400.perlbench.bc	400.perlbench.bc	min-pred-succ	Perl_mod	1	0	0	1.002205	164	1
benchmarks/spec2006/400.perlbench.bc	400.perlbench.bc	min-pred-succ	S_scalar_mod_type	1	0	0	1.002682	232	1
benchmarks/spec2006/400.perlbench.bc	400.perlbench.bc	min-pred-succ	Perl_ref	1	0	0	1.002595	180	1
benchmarks/spec2006/400.perlbench.bc	400.perlbench.bc	min-pred-succ	Perl_refkids	1	0	0	1.002509	204	1
benchmarks/spec2006/400.perlbench.bc	400.perlbench.bc	min-pred-succ	Perl_apply_attrs_string	1	0	0	1.001790	204	1
benchmarks/spec2006/400.perlbench.bc	400.perlbench.bc	min-pred-succ	Perl_append_elem	1	0	0	1.002264	208	1
benchmarks/spec2006/400.perlbench.bc	400.perlbench.bc	min-pred-succ	Perl_prepend_elem	1	0	0	1.002783	204	1
benchmarks/spec2006/400.perlbench.bc	400.perlbench.bc	min-pred-succ	Perl_load_module	1	0	0	1.001948	204	1
benchmarks/spec2006/400.perlbench.bc	400.perlbench.bc	min-pred-succ	Perl_vload_module	1	0	0	1.002228	232	1
benchmarks/spec2006/400.perlbench.bc	400.perlbench.bc	min-pred-succ	Perl_newNULLLIST	1	0	0	1.002945	176	1
benchmarks/spec2006/400.perlbench.bc	400.perlbench.bc	min-pred-succ	Perl_sawparens	1	0	0	1.002787	208	1
benchmarks/spec2006/400.perlbench.bc	400.perlbench.bc	min-pred-succ	Perl_utilize	1	0	0	1.003409	240	1
benchmarks/spec2006/400.perlbench.bc	400.perlbench.bc	min-pred-succ	Perl_convert	1	0	0	1.002493	208	1
benchmarks/spec2006/400.perlbench.bc	400.perlbench.bc	min-pred-succ	Perl_newSTATEOP	1	0	0	1.002372	8	1
benchmarks/spec2006/400.perlbench.bc	400.perlbench.bc	min-pred-succ	Perl_newATTRSUB	1	0	0	9.014077	118556	1
benchmarks/spec2006/400.perlbench.bc	400.perlbench.bc	min-pred-succ	Perl_cv_ckproto	1	0	0	1.002315	200	1
benchmarks/spec2006/400.perlbench.bc	400.perlbench.bc	min-pred-succ	Perl_op_const_sv	1	0	0	1.002259	176	1
benchmarks/spec2006/400.perlbench.bc	400.perlbench.bc	min-pred-succ	Perl_cv_const_sv	1	0	0	1.002530	180	1
benchmarks/spec2006/400.perlbench.bc	400.perlbench.bc	min-pred-succ	const_sv_xsub	1	0	0	1.002511	208	1
benchmarks/spec2006/400.perlbench.bc	400.perlbench.bc	min-pred-succ	Perl_newCONSTSUB	1	0	0	1.002688	192	1
benchmarks/spec2006/400.perlbench.bc	400.perlbench.bc	min-pred-succ	S_apply_attrs	1	0	0	1.002455	208	1
benchmarks/spec2006/400.perlbench.bc	400.perlbench.bc	min-pred-succ	Perl_cv_undef	1	0	0	1.002469	200	1
benchmarks/spec2006/400.perlbench.bc	400.perlbench.bc	min-pred-succ	S_dup_attrlist	1	0	0	1.002782	208	1
benchmarks/spec2006/400.perlbench.bc	400.perlbench.bc	min-pred-succ	Perl_newXS	1	0	0	1.003150	204	1
benchmarks/spec2006/400.perlbench.bc	400.perlbench.bc	min-pred-succ	Perl_my_attrs	1	0	0	1.004207	88	1
benchmarks/spec2006/400.perlbench.bc	400.perlbench.bc	min-pred-succ	S_my_kid	1	0	0	1.003041	164	1
benchmarks/spec2006/400.perlbench.bc	400.perlbench.bc	min-pred-succ	Perl_append_list	1	0	0	1.002543	176	1
benchmarks/spec2006/400.perlbench.bc	400.perlbench.bc	min-pred-succ	S_apply_attrs_my	1	0	0	1.002327	200	1
benchmarks/spec2006/400.perlbench.bc	400.perlbench.bc	min-pred-succ	Perl_my	1	0	0	1.002247	196	1
benchmarks/spec2006/400.perlbench.bc	400.perlbench.bc	min-pred-succ	Perl_bind_match	1	0	0	1.002206	204	1
benchmarks/spec2006/400.perlbench.bc	400.perlbench.bc	min-pred-succ	Perl_newBINOP	1	0	0	1.002365	204	1
benchmarks/spec2006/400.perlbench.bc	400.perlbench.bc	min-pred-succ	Perl_newPMOP	1	0	0	1.002390	184	1
benchmarks/spec2006/400.perlbench.bc	400.perlbench.bc	min-pred-succ	Perl_pmruntime	1	0	0	64.090643	272108	1
benchmarks/spec2006/400.perlbench.bc	400.perlbench.bc	min-pred-succ	Perl_pmtrans	1	0	0	1.002315	168	1
benchmarks/spec2006/400.perlbench.bc	400.perlbench.bc	min-pred-succ	uvcompare	1	0	0	1.002478	204	1
benchmarks/spec2006/400.perlbench.bc	400.perlbench.bc	min-pred-succ	Perl_invert	1	0	0	1.002490	196	1
benchmarks/spec2006/400.perlbench.bc	400.perlbench.bc	min-pred-succ	Perl_scope	1	0	0	1.002277	204	1
benchmarks/spec2006/400.perlbench.bc	400.perlbench.bc	min-pred-succ	Perl_save_hints	1	0	0	1.002239	200	1
benchmarks/spec2006/400.perlbench.bc	400.perlbench.bc	min-pred-succ	Perl_block_start	1	0	0	1.002244	204	1
benchmarks/spec2006/400.perlbench.bc	400.perlbench.bc	min-pred-succ	Perl_block_end	1	0	0	1.013636	200	1
benchmarks/spec2006/400.perlbench.bc	400.perlbench.bc	min-pred-succ	Perl_newPROG	1	0	0	1.002524	176	1
benchmarks/spec2006/400.perlbench.bc	400.perlbench.bc	min-pred-succ	Perl_localize	1	0	0	2.003963	129364	1
benchmarks/spec2006/400.perlbench.bc	400.perlbench.bc	min-pred-succ	Perl_jmaybe	1	0	0	1.002349	184	1
benchmarks/spec2006/400.perlbench.bc	400.perlbench.bc	min-pred-succ	Perl_newPADOP	1	0	0	1.002550	204	1
benchmarks/spec2006/400.perlbench.bc	400.perlbench.bc	min-pred-succ	Perl_newPVOP	1	0	0	1.002527	204	1
benchmarks/spec2006/400.perlbench.bc	400.perlbench.bc	min-pred-succ	Perl_package	1	0	0	1.002426	236	1
benchmarks/spec2006/400.perlbench.bc	400.perlbench.bc	min-pred-succ	Perl_dofile	1	0	0	1.002321	236	1
benchmarks/spec2006/400.perlbench.bc	400.perlbench.bc	min-pred-succ	Perl_ck_subr	1	0	0	28.040122	263880	1
benchmarks/spec2006/400.perlbench.bc	400.perlbench.bc	min-pred-succ	S_gv_ename	1	0	0	1.002326	140	1
benchmarks/spec2006/400.perlbench.bc	400.perlbench.bc	min-pred-succ	S_too_many_arguments	1	0	0	1.002539	176	1
benchmarks/spec2006/400.perlbench.bc	400.perlbench.bc	min-pred-succ	S_bad_type	1	0	0	1.002331	204	1
benchmarks/spec2006/400.perlbench.bc	400.perlbench.bc	min-pred-succ	S_too_few_arguments	1	0	0	1.002344	184	1
benchmarks/spec2006/400.perlbench.bc	400.perlbench.bc	min-pred-succ	Perl_newSLICEOP	1	0	0	1.002402	12	1
benchmarks/spec2006/400.perlbench.bc	400.perlbench.bc	min-pred-succ	Perl_newASSIGNOP	1	0	0	17.024234	231164	1
benchmarks/spec2006/400.perlbench.bc	400.perlbench.bc	min-pred-succ	Perl_newLOGOP	1	0	0	1.002704	184	1
benchmarks/spec2006/400.perlbench.bc	400.perlbench.bc	min-pred-succ	S_list_assignment	1	0	0	1.002528	236	1
benchmarks/spec2006/400.perlbench.bc	400.perlbench.bc	min-pred-succ	S_new_logop	1	0	0	1.003001	204	1
benchmarks/spec2006/400.perlbench.bc	400.perlbench.bc	min-pred-succ	S_scalarboolean	1	0	0	1.002658	208	1
benchmarks/spec2006/400.perlbench.bc	400.perlbench.bc	min-pred-succ	Perl_newCONDOP	1	0	0	1.014320	208	1
benchmarks/spec2006/400.perlbench.bc	400.perlbench.bc	min-pred-succ	Perl_newRANGE	1	0	0	1.002425	188	1
benchmarks/spec2006/400.perlbench.bc	400.perlbench.bc	min-pred-succ	Perl_newLOOPOP	1	0	0	1.002396	232	1
benchmarks/spec2006/400.perlbench.bc	400.perlbench.bc	min-pred-succ	Perl_newWHILEOP	1	0	0	1.002553	200	1
benchmarks/spec2006/400.perlbench.bc	400.perlbench.bc	min-pred-succ	Perl_newFOROP	1	0	0	1.002247	192	1
benchmarks/spec2006/400.perlbench.bc	400.perlbench.bc	min-pred-succ	Perl_newLOOPEX	1	0	0	1.002541	208	1
benchmarks/spec2006/400.perlbench.bc	400.perlbench.bc	min-pred-succ	Perl_newMYSUB	1	0	0	1.002266	200	1
benchmarks/spec2006/400.perlbench.bc	400.perlbench.bc	min-pred-succ	Perl_newSUB	1	0	0	1.002451	204	1
benchmarks/spec2006/400.perlbench.bc	400.perlbench.bc	min-pred-succ	Perl_newFORM	1	0	0	1.002632	188	1
benchmarks/spec2006/400.perlbench.bc	400.perlbench.bc	min-pred-succ	Perl_newANONLIST	1	0	0	1.002488	236	1
benchmarks/spec2006/400.perlbench.bc	400.perlbench.bc	min-pred-succ	Perl_newANONHASH	1	0	0	1.002282	204	1
benchmarks/spec2006/400.perlbench.bc	400.perlbench.bc	min-pred-succ	Perl_newANONSUB	1	0	0	1.002508	204	1
benchmarks/spec2006/400.perlbench.bc	400.perlbench.bc	min-pred-succ	Perl_newANONATTRSUB	1	0	0	1.003507	204	1
benchmarks/spec2006/400.perlbench.bc	400.perlbench.bc	min-pred-succ	Perl_oopsAV	1	0	0	1.002453	200	1
benchmarks/spec2006/400.perlbench.bc	400.perlbench.bc	min-pred-succ	Perl_oopsHV	1	0	0	1.002650	204	1
benchmarks/spec2006/400.perlbench.bc	400.perlbench.bc	min-pred-succ	Perl_newAVREF	1	0	0	1.002596	204	1
benchmarks/spec2006/400.perlbench.bc	400.perlbench.bc	min-pred-succ	Perl_newGVREF	1	0	0	1.002297	176	1
benchmarks/spec2006/400.perlbench.bc	400.perlbench.bc	min-pred-succ	Perl_newHVREF	1	0	0	1.003102	184	1
benchmarks/spec2006/400.perlbench.bc	400.perlbench.bc	min-pred-succ	Perl_oopsCV	1	0	0	1.002267	204	1
benchmarks/spec2006/400.perlbench.bc	400.perlbench.bc	min-pred-succ	Perl_newCVREF	1	0	0	1.002351	152	1
benchmarks/spec2006/400.perlbench.bc	400.perlbench.bc	min-pred-succ	Perl_ck_anoncode	1	0	0	1.002420	192	1
benchmarks/spec2006/400.perlbench.bc	400.perlbench.bc	min-pred-succ	Perl_ck_bitop	1	0	0	2.004305	118384	1
benchmarks/spec2006/400.perlbench.bc	400.perlbench.bc	min-pred-succ	Perl_ck_concat	1	0	0	1.002332	208	1
benchmarks/spec2006/400.perlbench.bc	400.perlbench.bc	min-pred-succ	Perl_ck_spair	1	0	0	1.002431	208	1
benchmarks/spec2006/400.perlbench.bc	400.perlbench.bc	min-pred-succ	Perl_ck_fun	1	-9	1	185.323264	1544280	0
benchmarks/spec2006/400.perlbench.bc	400.perlbench.bc	min-pred-succ	S_modkids	1	0	0	1.002514	204	1
benchmarks/spec2006/400.perlbench.bc	400.perlbench.bc	min-pred-succ	S_no_fh_allowed	1	0	0	1.002712	184	1
benchmarks/spec2006/400.perlbench.bc	400.perlbench.bc	min-pred-succ	S_is_handle_constructor	1	0	0	1.002560	200	1
benchmarks/spec2006/400.perlbench.bc	400.perlbench.bc	min-pred-succ	Perl_ck_delete	1	0	0	1.002326	100	1
benchmarks/spec2006/400.perlbench.bc	400.perlbench.bc	min-pred-succ	Perl_ck_die	1	0	0	1.002636	176	1
benchmarks/spec2006/400.perlbench.bc	400.perlbench.bc	min-pred-succ	Perl_ck_eof	1	0	0	1.002454	240	1
benchmarks/spec2006/400.perlbench.bc	400.perlbench.bc	min-pred-succ	Perl_ck_eval	1	0	0	1.002531	208	1
benchmarks/spec2006/400.perlbench.bc	400.perlbench.bc	min-pred-succ	Perl_ck_exit	1	0	0	1.002674	236	1
benchmarks/spec2006/400.perlbench.bc	400.perlbench.bc	min-pred-succ	Perl_ck_exec	1	0	0	1.002274	140	1
benchmarks/spec2006/400.perlbench.bc	400.perlbench.bc	min-pred-succ	Perl_ck_exists	1	0	0	1.002379	160	1
benchmarks/spec2006/400.perlbench.bc	400.perlbench.bc	min-pred-succ	Perl_ck_rvconst	1	0	0	1.002015	208	1
benchmarks/spec2006/400.perlbench.bc	400.perlbench.bc	min-pred-succ	Perl_ck_glob	1	0	0	1.002679	204	1
benchmarks/spec2006/400.perlbench.bc	400.perlbench.bc	min-pred-succ	Perl_ck_grep	1	0	0	1.001719	240	1
benchmarks/spec2006/400.perlbench.bc	400.perlbench.bc	min-pred-succ	Perl_ck_sort	1	0	0	1.004336	200	1
benchmarks/spec2006/400.perlbench.bc	400.perlbench.bc	min-pred-succ	S_simplify_sort	1	0	0	1.002536	192	1
benchmarks/spec2006/400.perlbench.bc	400.perlbench.bc	min-pred-succ	Perl_ck_index	1	0	0	1.002306	188	1
benchmarks/spec2006/400.perlbench.bc	400.perlbench.bc	min-pred-succ	Perl_ck_lengthconst	1	0	0	1.002545	204	1
benchmarks/spec2006/400.perlbench.bc	400.perlbench.bc	min-pred-succ	Perl_ck_lfun	1	0	0	1.002331	204	1
benchmarks/spec2006/400.perlbench.bc	400.perlbench.bc	min-pred-succ	Perl_ck_defined	1	0	0	1.002454	192	1
benchmarks/spec2006/400.perlbench.bc	400.perlbench.bc	min-pred-succ	Perl_ck_rfun	1	0	0	1.002379	236	1
benchmarks/spec2006/400.perlbench.bc	400.perlbench.bc	min-pred-succ	Perl_ck_listiob	1	0	0	1.002608	184	1
benchmarks/spec2006/400.perlbench.bc	400.perlbench.bc	min-pred-succ	Perl_ck_sassign	1	0	0	1.002499	240	1
benchmarks/spec2006/400.perlbench.bc	400.perlbench.bc	min-pred-succ	Perl_ck_match	1	0	0	1.002298	92	1
benchmarks/spec2006/400.perlbench.bc	400.perlbench.bc	min-pred-succ	Perl_ck_method	1	0	0	1.002521	204	1
benchmarks/spec2006/400.perlbench.bc	400.perlbench.bc	min-pred-succ	Perl_ck_null	1	0	0	1.002353	192	1
benchmarks/spec2006/400.perlbench.bc	400.perlbench.bc	min-pred-succ	Perl_ck_open	1	0	0	1.002524	200	1
benchmarks/spec2006/400.perlbench.bc	400.perlbench.bc	min-pred-succ	Perl_ck_repeat	1	0	0	1.002656	240	1
benchmarks/spec2006/400.perlbench.bc	400.perlbench.bc	min-pred-succ	Perl_ck_require	1	0	0	1.002360	192	1
benchmarks/spec2006/400.perlbench.bc	400.perlbench.bc	min-pred-succ	Perl_ck_return	1	0	0	1.002282	196	1
benchmarks/spec2006/400.perlbench.bc	400.perlbench.bc	min-pred-succ	Perl_ck_select	1	0	0	1.002411	208	1
benchmarks/spec2006/400.perlbench.bc	400.perlbench.bc	min-pred-succ	Perl_ck_shift	1	0	0	1.002553	204	1
benchmarks/spec2006/400.perlbench.bc	400.perlbench.bc	min-pred-succ	Perl_ck_split	1	0	0	1.002477	200	1
benchmarks/spec2006/400.perlbench.bc	400.perlbench.bc	min-pred-succ	Perl_ck_join	1	0	0	1.002501	164	1
benchmarks/spec2006/400.perlbench.bc	400.perlbench.bc	min-pred-succ	Perl_ck_svconst	1	0	0	1.003272	180	1
benchmarks/spec2006/400.perlbench.bc	400.perlbench.bc	min-pred-succ	Perl_ck_trunc	1	0	0	1.002633	208	1
benchmarks/spec2006/400.perlbench.bc	400.perlbench.bc	min-pred-succ	Perl_ck_substr	1	0	0	1.002521	204	1
benchmarks/spec2006/400.perlbench.bc	400.perlbench.bc	min-pred-succ	Perl_peep	1	-9	1	185.295321	804008	0
benchmarks/spec2006/400.perlbench.bc	400.perlbench.bc	min-pred-succ	Perl_custom_op_name	1	0	0	1.002434	200	1
benchmarks/spec2006/400.perlbench.bc	400.perlbench.bc	min-pred-succ	Perl_pad_new	1	0	0	1.002606	204	1
benchmarks/spec2006/400.perlbench.bc	400.perlbench.bc	min-pred-succ	Perl_pad_undef	1	0	0	1.002839	208	1
benchmarks/spec2006/400.perlbench.bc	400.perlbench.bc	min-pred-succ	Perl_pad_add_name	1	0	0	1.002864	204	1
benchmarks/spec2006/400.perlbench.bc	400.perlbench.bc	min-pred-succ	Perl_pad_alloc	1	0	0	1.002934	204	1
benchmarks/spec2006/400.perlbench.bc	400.perlbench.bc	min-pred-succ	Perl_pad_reset	1	0	0	1.002382	204	1
benchmarks/spec2006/400.perlbench.bc	400.perlbench.bc	min-pred-succ	Perl_pad_add_anon	1	0	0	1.002666	148	1
benchmarks/spec2006/400.perlbench.bc	400.perlbench.bc	min-pred-succ	Perl_pad_check_dup	1	0	0	2.003716	119448	1
benchmarks/spec2006/400.perlbench.bc	400.perlbench.bc	min-pred-succ	Perl_pad_findmy	1	0	0	1.002368	200	1
benchmarks/spec2006/400.perlbench.bc	400.perlbench.bc	min-pred-succ	S_pad_findlex	1	0	0	5.008054	170384	1
benchmarks/spec2006/400.perlbench.bc	400.perlbench.bc	min-pred-succ	Perl_pad_sv	1	0	0	1.002514	204	1
benchmarks/spec2006/400.perlbench.bc	400.perlbench.bc	min-pred-succ	Perl_pad_block_start	1	0	0	1.002906	204	1
benchmarks/spec2006/400.perlbench.bc	400.perlbench.bc	min-pred-succ	Perl_intro_my	1	0	0	1.012687	204	1
benchmarks/spec2006/400.perlbench.bc	400.perlbench.bc	min-pred-succ	Perl_pad_leavemy	1	0	0	1.002676	208	1
benchmarks/spec2006/400.perlbench.bc	400.perlbench.bc	min-pred-succ	Perl_pad_swipe	1	0	0	1.003896	320	1
benchmarks/spec2006/400.perlbench.bc	400.perlbench.bc	min-pred-succ	Perl_pad_tidy	1	0	0	1.003198	204	1
benchmarks/spec2006/400.perlbench.bc	400.perlbench.bc	min-pred-succ	Perl_pad_free	1	0	0	1.002451	192	1
benchmarks/spec2006/400.perlbench.bc	400.perlbench.bc	min-pred-succ	Perl_do_dump_pad	1	0	0	1.002330	188	1
benchmarks/spec2006/400.perlbench.bc	400.perlbench.bc	min-pred-succ	Perl_cv_clone	1	0	0	1.002433	180	1
benchmarks/spec2006/400.perlbench.bc	400.perlbench.bc	min-pred-succ	S_cv_clone2	1	0	0	1.002614	188	1
benchmarks/spec2006/400.perlbench.bc	400.perlbench.bc	min-pred-succ	Perl_pad_fixup_inner_anons	1	0	0	1.002387	152	1
benchmarks/spec2006/400.perlbench.bc	400.perlbench.bc	min-pred-succ	Perl_pad_push	1	0	0	1.002479	236	1
benchmarks/spec2006/400.perlbench.bc	400.perlbench.bc	min-pred-succ	perl_alloc	1	0	0	1.002408	204	1
benchmarks/spec2006/400.perlbench.bc	400.perlbench.bc	min-pred-succ	perl_construct	1	0	0	1.002415	196	1
benchmarks/spec2006/400.perlbench.bc	400.perlbench.bc	min-pred-succ	S_init_interp	1	0	0	1.002797	204	1
benchmarks/spec2006/400.perlbench.bc	400.perlbench.bc	min-pred-succ	Perl_init_stacks	1	0	0	1.002482	200	1
benchmarks/spec2006/400.perlbench.bc	400.perlbench.bc	min-pred-succ	S_init_ids	1	0	0	1.001636	208	1
benchmarks/spec2006/400.perlbench.bc	400.perlbench.bc	min-pred-succ	Perl_nothreadhook	1	0	0	1.002336	208	1
benchmarks/spec2006/400.perlbench.bc	400.perlbench.bc	min-pred-succ	perl_destruct	1	0	0	1.002322	204	1
benchmarks/spec2006/400.perlbench.bc	400.perlbench.bc	min-pred-succ	Perl_call_list	1	0	0	1.002327	236	1
benchmarks/spec2006/400.perlbench.bc	400.perlbench.bc	min-pred-succ	S_nuke_stacks	1	0	0	1.002711	208	1
benchmarks/spec2006/400.perlbench.bc	400.perlbench.bc	min-pred-succ	S_call_list_body	1	0	0	1.002351	204	1
benchmarks/spec2006/400.perlbench.bc	400.perlbench.bc	min-pred-succ	S_my_exit_jump	1	0	0	1.002478	200	1
benchmarks/spec2006/400.perlbench.bc	400.perlbench.bc	min-pred-succ	Perl_my_exit	1	0	0	1.002354	232	1
benchmarks/spec2006/400.perlbench.bc	400.perlbench.bc	min-pred-succ	Perl_call_sv	1	0	0	1.003262	204	1
benchmarks/spec2006/400.perlbench.bc	400.perlbench.bc	min-pred-succ	S_call_body	1	0	0	1.002667	204	1
benchmarks/spec2006/400.perlbench.bc	400.perlbench.bc	min-pred-succ	perl_free	1	0	0	1.002271	76	1
benchmarks/spec2006/400.perlbench.bc	400.perlbench.bc	min-pred-succ	Perl_call_atexit	1	0	0	1.002835	180	1
benchmarks/spec2006/400.perlbench.bc	400.perlbench.bc	min-pred-succ	perl_parse	1	0	0	2.003776	139748	1
benchmarks/spec2006/400.perlbench.bc	400.perlbench.bc	min-pred-succ	S_init_postdump_symbols	1	0	0	1.002690	128	1
benchmarks/spec2006/400.perlbench.bc	400.perlbench.bc	min-pred-succ	S_parse_body	1	-9	1	185.276528	221224	0
benchmarks/spec2006/400.perlbench.bc	400.perlbench.bc	min-pred-succ	S_init_main_stash	1	0	0	1.002418	188	1
benchmarks/spec2006/400.perlbench.bc	400.perlbench.bc	min-pred-succ	Perl_moreswitches	1	0	0	1.002451	204	1
benchmarks/spec2006/400.perlbench.bc	400.perlbench.bc	min-pred-succ	S_forbid_setid	1	0	0	1.002371	208	1
benchmarks/spec2006/400.perlbench.bc	400.perlbench.bc	min-pred-succ	read_e_script	1	0	0	1.002364	208	1
benchmarks/spec2006/400.perlbench.bc	400.perlbench.bc	min-pred-succ	S_incpush	1	0	0	1.002469	180	1
benchmarks/spec2006/400.perlbench.bc	400.perlbench.bc	min-pred-succ	S_init_perllib	1	0	0	1.002602	204	1
benchmarks/spec2006/400.perlbench.bc	400.perlbench.bc	min-pred-succ	S_open_script	1	0	0	1.002738	204	1
benchmarks/spec2006/400.perlbench.bc	400.perlbench.bc	min-pred-succ	S_validate_suid	1	0	0	1.003003	180	1
benchmarks/spec2006/400.perlbench.bc	400.perlbench.bc	min-pred-succ	S_find_beginning	1	0	0	1.002338	200	1
benchmarks/spec2006/400.perlbench.bc	400.perlbench.bc	min-pred-succ	S_init_predump_symbols	1	0	0	1.002316	176	1
benchmarks/spec2006/400.perlbench.bc	400.perlbench.bc	min-pred-succ	S_init_lexer	1	0	0	1.002497	188	1
benchmarks/spec2006/400.perlbench.bc	400.perlbench.bc	min-pred-succ	Perl_my_unexec	1	0	0	1.003142	184	1
benchmarks/spec2006/400.perlbench.bc	400.perlbench.bc	min-pred-succ	Perl_get_sv	1	0	0	1.003402	204	1
benchmarks/spec2006/400.perlbench.bc	400.perlbench.bc	min-pred-succ	S_incpush_if_exists	1	0	0	1.002666	208	1
benchmarks/spec2006/400.perlbench.bc	400.perlbench.bc	min-pred-succ	Perl_init_debugger	1	0	0	1.002305	208	1
benchmarks/spec2006/400.perlbench.bc	400.perlbench.bc	min-pred-succ	S_usage	1	0	0	1.002331	188	1
benchmarks/spec2006/400.perlbench.bc	400.perlbench.bc	min-pred-succ	Perl_init_argv_symbols	1	0	0	1.002383	184	1
benchmarks/spec2006/400.perlbench.bc	400.perlbench.bc	min-pred-succ	Perl_magicname	1	0	0	1.002431	184	1
benchmarks/spec2006/400.perlbench.bc	400.perlbench.bc	min-pred-succ	S_set_caret_X	1	0	0	1.002627	184	1
benchmarks/spec2006/400.perlbench.bc	400.perlbench.bc	min-pred-succ	Perl_get_av	1	0	0	1.002400	204	1
benchmarks/spec2006/400.perlbench.bc	400.perlbench.bc	min-pred-succ	perl_run	1	0	0	1.002497	240	1
benchmarks/spec2006/400.perlbench.bc	400.perlbench.bc	min-pred-succ	S_run_body	1	0	0	1.002805	176	1
benchmarks/spec2006/400.perlbench.bc	400.perlbench.bc	min-pred-succ	Perl_get_hv	1	0	0	1.002485	204	1
benchmarks/spec2006/400.perlbench.bc	400.perlbench.bc	min-pred-succ	Perl_get_cv	1	0	0	1.002240	200	1
benchmarks/spec2006/400.perlbench.bc	400.perlbench.bc	min-pred-succ	Perl_call_argv	1	0	0	1.002390	228	1
benchmarks/spec2006/400.perlbench.bc	400.perlbench.bc	min-pred-succ	Perl_call_pv	1	0	0	1.003735	192	1
benchmarks/spec2006/400.perlbench.bc	400.perlbench.bc	min-pred-succ	Perl_call_method	1	0	0	1.003616	208	1
benchmarks/spec2006/400.perlbench.bc	400.perlbench.bc	min-pred-succ	Perl_eval_sv	1	0	0	1.002573	236	1
benchmarks/spec2006/400.perlbench.bc	400.perlbench.bc	min-pred-succ	Perl_eval_pv	1	0	0	1.001984	236	1
benchmarks/spec2006/400.perlbench.bc	400.perlbench.bc	min-pred-succ	Perl_require_pv	1	0	0	1.003482	4	1
benchmarks/spec2006/400.perlbench.bc	400.perlbench.bc	min-pred-succ	Perl_doing_taint	1	0	0	1.001884	188	1
benchmarks/spec2006/400.perlbench.bc	400.perlbench.bc	min-pred-succ	Perl_my_failure_exit	1	0	0	1.002593	204	1
benchmarks/spec2006/400.perlbench.bc	400.perlbench.bc	min-pred-succ	PerlIOBuf_pushed	1	0	0	1.002355	208	1
benchmarks/spec2006/400.perlbench.bc	400.perlbench.bc	min-pred-succ	PerlIOBuf_popped	1	0	0	1.002392	204	1
benchmarks/spec2006/400.perlbench.bc	400.perlbench.bc	min-pred-succ	PerlIOBuf_open	1	0	0	1.002350	140	1
benchmarks/spec2006/400.perlbench.bc	400.perlbench.bc	min-pred-succ	PerlIOBase_binmode	1	0	0	1.002314	204	1
benchmarks/spec2006/400.perlbench.bc	400.perlbench.bc	min-pred-succ	PerlIOBase_fileno	1	0	0	1.002623	168	1
benchmarks/spec2006/400.perlbench.bc	400.perlbench.bc	min-pred-succ	PerlIOBuf_dup	1	0	0	1.002517	208	1
benchmarks/spec2006/400.perlbench.bc	400.perlbench.bc	min-pred-succ	PerlIOBuf_read	1	0	0	1.002448	180	1
benchmarks/spec2006/400.perlbench.bc	400.perlbench.bc	min-pred-succ	PerlIOBuf_unread	1	0	0	1.002378	236	1
benchmarks/spec2006/400.perlbench.bc	400.perlbench.bc	min-pred-succ	PerlIOBuf_write	1	0	0	1.002344	204	1
benchmarks/spec2006/400.perlbench.bc	400.perlbench.bc	min-pred-succ	PerlIOBuf_seek	1	0	0	1.002366	204	1
benchmarks/spec2006/400.perlbench.bc	400.perlbench.bc	min-pred-succ	PerlIOBuf_tell	1	0	0	1.002254	196	1
benchmarks/spec2006/400.perlbench.bc	400.perlbench.bc	min-pred-succ	PerlIOBuf_close	1	0	0	1.004053	208	1
benchmarks/spec2006/400.perlbench.bc	400.perlbench.bc	min-pred-succ	PerlIOBuf_flush	1	0	0	1.012611	14904	1
benchmarks/spec2006/400.perlbench.bc	400.perlbench.bc	min-pred-succ	PerlIOBuf_fill	1	0	0	1.002311	204	1
benchmarks/spec2006/400.perlbench.bc	400.perlbench.bc	min-pred-succ	PerlIOBase_eof	1	0	0	1.002331	204	1
benchmarks/spec2006/400.perlbench.bc	400.perlbench.bc	min-pred-succ	PerlIOBase_error	1	0	0	1.002468	204	1
benchmarks/spec2006/400.perlbench.bc	400.perlbench.bc	min-pred-succ	PerlIOBase_clearerr	1	0	0	1.003471	1660	1
benchmarks/spec2006/400.perlbench.bc	400.perlbench.bc	min-pred-succ	PerlIOBase_setlinebuf	1	0	0	1.002569	180	1
benchmarks/spec2006/400.perlbench.bc	400.perlbench.bc	min-pred-succ	PerlIOBuf_get_base	1	0	0	1.002390	176	1
benchmarks/spec2006/400.perlbench.bc	400.perlbench.bc	min-pred-succ	PerlIOBuf_bufsiz	1	0	0	1.002361	204	1
benchmarks/spec2006/400.perlbench.bc	400.perlbench.bc	min-pred-succ	PerlIOBuf_get_ptr	1	0	0	1.002628	204	1
benchmarks/spec2006/400.perlbench.bc	400.perlbench.bc	min-pred-succ	PerlIOBuf_get_cnt	1	0	0	1.002675	200	1
benchmarks/spec2006/400.perlbench.bc	400.perlbench.bc	min-pred-succ	PerlIOBuf_set_ptrcnt	1	0	0	1.002774	204	1
benchmarks/spec2006/400.perlbench.bc	400.perlbench.bc	min-pred-succ	Perl_PerlIO_get_base	1	0	0	1.002320	204	1
benchmarks/spec2006/400.perlbench.bc	400.perlbench.bc	min-pred-succ	Perl_PerlIO_get_cnt	1	0	0	1.002393	204	1
benchmarks/spec2006/400.perlbench.bc	400.perlbench.bc	min-pred-succ	Perl_PerlIO_clearerr	1	0	0	1.002484	204	1
benchmarks/spec2006/400.perlbench.bc	400.perlbench.bc	min-pred-succ	Perl_PerlIO_flush	1	0	0	1.002279	232	1
benchmarks/spec2006/400.perlbench.bc	400.perlbench.bc	min-pred-succ	PerlIOBase_flush_linebuf	1	0	0	1.001710	208	1
benchmarks/spec2006/400.perlbench.bc	400.perlbench.bc	min-pred-succ	PerlIO_fast_gets	1	0	0	1.001691	176	1
benchmarks/spec2006/400.perlbench.bc	400.perlbench.bc	min-pred-succ	Perl_PerlIO_fill	1	0	0	1.002363	180	1
benchmarks/spec2006/400.perlbench.bc	400.perlbench.bc	min-pred-succ	Perl_PerlIO_error	1	0	0	1.002309	204	1
benchmarks/spec2006/400.perlbench.bc	400.perlbench.bc	min-pred-succ	Perl_PerlIO_eof	1	0	0	1.002425	204	1
benchmarks/spec2006/400.perlbench.bc	400.perlbench.bc	min-pred-succ	Perl_PerlIO_get_ptr	1	0	0	1.002336	204	1
benchmarks/spec2006/400.perlbench.bc	400.perlbench.bc	min-pred-succ	Perl_PerlIO_set_ptrcnt	1	0	0	1.002584	208	1
benchmarks/spec2006/400.perlbench.bc	400.perlbench.bc	min-pred-succ	Perl_PerlIO_read	1	0	0	1.002608	196	1
benchmarks/spec2006/400.perlbench.bc	400.perlbench.bc	min-pred-succ	PerlIOBase_read	1	0	0	1.002704	208	1
benchmarks/spec2006/400.perlbench.bc	400.perlbench.bc	min-pred-succ	PerlIO_debug	1	0	0	1.002976	204	1
benchmarks/spec2006/400.perlbench.bc	400.perlbench.bc	min-pred-succ	Perl_PerlIO_write	1	0	0	1.002740	208	1
benchmarks/spec2006/400.perlbench.bc	400.perlbench.bc	min-pred-succ	Perl_PerlIO_seek	1	0	0	1.002478	204	1
benchmarks/spec2006/400.perlbench.bc	400.perlbench.bc	min-pred-succ	Perl_PerlIO_tell	1	0	0	1.002727	204	1
benchmarks/spec2006/400.perlbench.bc	400.perlbench.bc	min-pred-succ	PerlIOBase_close	1	0	0	1.002705	232	1
benchmarks/spec2006/400.perlbench.bc	400.perlbench.bc	min-pred-succ	PerlIOBase_unread	1	0	0	1.002364	164	1
benchmarks/spec2006/400.perlbench.bc	400.perlbench.bc	min-pred-succ	PerlIO_push	1	0	0	1.002927	232	1
benchmarks/spec2006/400.perlbench.bc	400.perlbench.bc	min-pred-succ	PerlIO_pop	1	0	0	1.002363	204	1
benchmarks/spec2006/400.perlbench.bc	400.perlbench.bc	min-pred-succ	PerlIOPending_pushed	1	0	0	1.002459	196	1
benchmarks/spec2006/400.perlbench.bc	400.perlbench.bc	min-pred-succ	PerlIOPending_read	1	0	0	1.002598	192	1
benchmarks/spec2006/400.perlbench.bc	400.perlbench.bc	min-pred-succ	PerlIOPending_seek	1	0	0	1.002388	184	1
benchmarks/spec2006/400.perlbench.bc	400.perlbench.bc	min-pred-succ	PerlIOPending_close	1	0	0	1.002412	204	1
benchmarks/spec2006/400.perlbench.bc	400.perlbench.bc	min-pred-succ	PerlIOPending_flush	1	0	0	1.002700	180	1
benchmarks/spec2006/400.perlbench.bc	400.perlbench.bc	min-pred-succ	PerlIOPending_fill	1	0	0	1.002656	232	1
benchmarks/spec2006/400.perlbench.bc	400.perlbench.bc	min-pred-succ	PerlIOPending_set_ptrcnt	1	0	0	1.002309	200	1
benchmarks/spec2006/400.perlbench.bc	400.perlbench.bc	min-pred-succ	Perl_PerlIO_close	1	0	0	1.002331	204	1
benchmarks/spec2006/400.perlbench.bc	400.perlbench.bc	min-pred-succ	PerlIO__close	1	0	0	1.002291	140	1
benchmarks/spec2006/400.perlbench.bc	400.perlbench.bc	min-pred-succ	PerlIOBase_pushed	1	0	0	1.002527	164	1
benchmarks/spec2006/400.perlbench.bc	400.perlbench.bc	min-pred-succ	PerlIOBase_dup	1	0	0	1.002504	208	1
benchmarks/spec2006/400.perlbench.bc	400.perlbench.bc	min-pred-succ	PerlIO_modestr	1	0	0	1.002313	192	1
benchmarks/spec2006/400.perlbench.bc	400.perlbench.bc	min-pred-succ	Perl_PerlIO_fileno	1	0	0	1.002619	204	1
benchmarks/spec2006/400.perlbench.bc	400.perlbench.bc	min-pred-succ	PerlIO_layer_fetch	1	0	0	1.002681	144	1
benchmarks/spec2006/400.perlbench.bc	400.perlbench.bc	min-pred-succ	PerlIO_arg_fetch	1	0	0	1.002571	236	1
benchmarks/spec2006/400.perlbench.bc	400.perlbench.bc	min-pred-succ	PerlIO_default_layer	1	0	0	1.002491	184	1
benchmarks/spec2006/400.perlbench.bc	400.perlbench.bc	min-pred-succ	PerlIO_default_layers	1	0	0	1.002551	184	1
benchmarks/spec2006/400.perlbench.bc	400.perlbench.bc	min-pred-succ	PerlIOStdio_pushed	1	0	0	1.002300	184	1
benchmarks/spec2006/400.perlbench.bc	400.perlbench.bc	min-pred-succ	PerlIOBase_popped	1	0	0	1.002650	204	1
benchmarks/spec2006/400.perlbench.bc	400.perlbench.bc	min-pred-succ	PerlIOStdio_open	1	0	0	1.002981	184	1
benchmarks/spec2006/400.perlbench.bc	400.perlbench.bc	min-pred-succ	PerlIOStdio_fileno	1	0	0	1.003377	180	1
benchmarks/spec2006/400.perlbench.bc	400.perlbench.bc	min-pred-succ	PerlIOStdio_dup	1	0	0	1.002467	188	1
benchmarks/spec2006/400.perlbench.bc	400.perlbench.bc	min-pred-succ	PerlIOStdio_read	1	0	0	1.003314	184	1
benchmarks/spec2006/400.perlbench.bc	400.perlbench.bc	min-pred-succ	PerlIOStdio_unread	1	0	0	1.002916	204	1
benchmarks/spec2006/400.perlbench.bc	400.perlbench.bc	min-pred-succ	PerlIOStdio_write	1	0	0	1.002347	204	1
benchmarks/spec2006/400.perlbench.bc	400.perlbench.bc	min-pred-succ	PerlIOStdio_seek	1	0	0	1.002843	204	1
benchmarks/spec2006/400.perlbench.bc	400.perlbench.bc	min-pred-succ	PerlIOStdio_tell	1	0	0	1.002578	192	1
benchmarks/spec2006/400.perlbench.bc	400.perlbench.bc	min-pred-succ	PerlIOStdio_close	1	0	0	1.002465	204	1
benchmarks/spec2006/400.perlbench.bc	400.perlbench.bc	min-pred-succ	PerlIOStdio_flush	1	0	0	1.002465	156	1
benchmarks/spec2006/400.perlbench.bc	400.perlbench.bc	min-pred-succ	PerlIOStdio_fill	1	0	0	1.002328	92	1
benchmarks/spec2006/400.perlbench.bc	400.perlbench.bc	min-pred-succ	PerlIOStdio_eof	1	0	0	1.002699	196	1
benchmarks/spec2006/400.perlbench.bc	400.perlbench.bc	min-pred-succ	PerlIOStdio_error	1	0	0	1.002793	236	1
benchmarks/spec2006/400.perlbench.bc	400.perlbench.bc	min-pred-succ	PerlIOStdio_clearerr	1	0	0	1.002459	236	1
benchmarks/spec2006/400.perlbench.bc	400.perlbench.bc	min-pred-succ	PerlIOStdio_setlinebuf	1	0	0	1.002339	196	1
benchmarks/spec2006/400.perlbench.bc	400.perlbench.bc	min-pred-succ	PerlIOStdio_get_base	1	0	0	1.002305	192	1
benchmarks/spec2006/400.perlbench.bc	400.perlbench.bc	min-pred-succ	PerlIOStdio_get_bufsiz	1	0	0	1.002371	208	1
benchmarks/spec2006/400.perlbench.bc	400.perlbench.bc	min-pred-succ	PerlIOStdio_get_ptr	1	0	0	1.002966	208	1
benchmarks/spec2006/400.perlbench.bc	400.perlbench.bc	min-pred-succ	PerlIOStdio_get_cnt	1	0	0	1.002695	192	1
benchmarks/spec2006/400.perlbench.bc	400.perlbench.bc	min-pred-succ	PerlIOUnix_refcnt_dec	1	0	0	1.003084	208	1
benchmarks/spec2006/400.perlbench.bc	400.perlbench.bc	min-pred-succ	PerlIOStdio_invalidate_fileno	1	0	0	1.002462	204	1
benchmarks/spec2006/400.perlbench.bc	400.perlbench.bc	min-pred-succ	PerlIO_has_cntptr	1	0	0	1.002781	188	1
benchmarks/spec2006/400.perlbench.bc	400.perlbench.bc	min-pred-succ	PerlIOUnix_refcnt_inc	1	0	0	1.002446	204	1
benchmarks/spec2006/400.perlbench.bc	400.perlbench.bc	min-pred-succ	PerlIOStdio_mode	1	0	0	1.002758	236	1
benchmarks/spec2006/400.perlbench.bc	400.perlbench.bc	min-pred-succ	PerlIO_allocate	1	0	0	1.002718	200	1
benchmarks/spec2006/400.perlbench.bc	400.perlbench.bc	min-pred-succ	PerlIO_list_alloc	1	0	0	1.002959	204	1
benchmarks/spec2006/400.perlbench.bc	400.perlbench.bc	min-pred-succ	PerlIO_define_layer	1	0	0	1.004205	188	1
benchmarks/spec2006/400.perlbench.bc	400.perlbench.bc	min-pred-succ	PerlIO_find_layer	1	0	0	1.003416	192	1
benchmarks/spec2006/400.perlbench.bc	400.perlbench.bc	min-pred-succ	PerlIO_list_push	1	0	0	1.002403	204	1
benchmarks/spec2006/400.perlbench.bc	400.perlbench.bc	min-pred-succ	PerlIO_parse_layers	1	0	0	50.071078	156848	1
benchmarks/spec2006/400.perlbench.bc	400.perlbench.bc	min-pred-succ	PerlIO_default_buffer	1	0	0	1.002442	152	1
benchmarks/spec2006/400.perlbench.bc	400.perlbench.bc	min-pred-succ	PerlIOUtf8_pushed	1	0	0	1.002695	192	1
benchmarks/spec2006/400.perlbench.bc	400.perlbench.bc	min-pred-succ	PerlIOPop_pushed	1	0	0	1.002272	200	1
benchmarks/spec2006/400.perlbench.bc	400.perlbench.bc	min-pred-succ	PerlIOCrlf_pushed	1	0	0	1.002503	208	1
benchmarks/spec2006/400.perlbench.bc	400.perlbench.bc	min-pred-succ	PerlIOCrlf_binmode	1	0	0	1.002870	200	1
benchmarks/spec2006/400.perlbench.bc	400.perlbench.bc	min-pred-succ	PerlIOCrlf_unread	1	0	0	1.002935	208	1
benchmarks/spec2006/400.perlbench.bc	400.perlbench.bc	min-pred-succ	PerlIOCrlf_write	1	0	0	1.002411	168	1
benchmarks/spec2006/400.perlbench.bc	400.perlbench.bc	min-pred-succ	PerlIOCrlf_flush	1	0	0	1.002522	176	1
benchmarks/spec2006/400.perlbench.bc	400.perlbench.bc	min-pred-succ	PerlIOCrlf_get_cnt	1	0	0	1.003052	184	1
benchmarks/spec2006/400.perlbench.bc	400.perlbench.bc	min-pred-succ	PerlIOCrlf_set_ptrcnt	1	0	0	1.002291	188	1
benchmarks/spec2006/400.perlbench.bc	400.perlbench.bc	min-pred-succ	PerlIORaw_pushed	1	0	0	1.002670	4	1
benchmarks/spec2006/400.perlbench.bc	400.perlbench.bc	min-pred-succ	PerlIORaw_open	1	0	0	1.002903	192	1
benchmarks/spec2006/400.perlbench.bc	400.perlbench.bc	min-pred-succ	PerlIOUnix_pushed	1	0	0	1.002716	196	1
benchmarks/spec2006/400.perlbench.bc	400.perlbench.bc	min-pred-succ	PerlIOUnix_open	1	0	0	1.002290	180	1
benchmarks/spec2006/400.perlbench.bc	400.perlbench.bc	min-pred-succ	PerlIOUnix_fileno	1	0	0	1.002627	236	1
benchmarks/spec2006/400.perlbench.bc	400.perlbench.bc	min-pred-succ	PerlIOUnix_dup	1	0	0	1.002701	204	1
benchmarks/spec2006/400.perlbench.bc	400.perlbench.bc	min-pred-succ	PerlIOUnix_read	1	0	0	1.002443	204	1
benchmarks/spec2006/400.perlbench.bc	400.perlbench.bc	min-pred-succ	PerlIOUnix_write	1	0	0	1.003229	176	1
benchmarks/spec2006/400.perlbench.bc	400.perlbench.bc	min-pred-succ	PerlIOUnix_seek	1	0	0	1.002697	204	1
benchmarks/spec2006/400.perlbench.bc	400.perlbench.bc	min-pred-succ	PerlIOUnix_tell	1	0	0	1.002291	192	1
benchmarks/spec2006/400.perlbench.bc	400.perlbench.bc	min-pred-succ	PerlIOUnix_close	1	0	0	1.002174	52	1
benchmarks/spec2006/400.perlbench.bc	400.perlbench.bc	min-pred-succ	PerlIOBase_noop_ok	1	0	0	1.002320	168	1
benchmarks/spec2006/400.perlbench.bc	400.perlbench.bc	min-pred-succ	PerlIOBase_noop_fail	1	0	0	1.002224	188	1
benchmarks/spec2006/400.perlbench.bc	400.perlbench.bc	min-pred-succ	PerlIOUnix_setfd	1	0	0	1.002343	236	1
benchmarks/spec2006/400.perlbench.bc	400.perlbench.bc	min-pred-succ	PerlIOUnix_oflags	1	0	0	1.003353	4	1
benchmarks/spec2006/400.perlbench.bc	400.perlbench.bc	min-pred-succ	perlsio_binmode	1	0	0	1.002303	204	1
benchmarks/spec2006/400.perlbench.bc	400.perlbench.bc	min-pred-succ	PerlIO_intmode2str	1	0	0	1.002360	168	1
benchmarks/spec2006/400.perlbench.bc	400.perlbench.bc	min-pred-succ	PerlIO_fdupopen	1	0	0	1.002364	208	1
benchmarks/spec2006/400.perlbench.bc	400.perlbench.bc	min-pred-succ	PerlIO_cleantable	1	0	0	1.003614	740	1
benchmarks/spec2006/400.perlbench.bc	400.perlbench.bc	min-pred-succ	PerlIO_list_free	1	0	0	1.002698	196	1
benchmarks/spec2006/400.perlbench.bc	400.perlbench.bc	min-pred-succ	PerlIO_clone_list	1	0	0	1.002434	204	1
benchmarks/spec2006/400.perlbench.bc	400.perlbench.bc	min-pred-succ	PerlIO_sv_dup	1	0	0	1.002668	204	1
benchmarks/spec2006/400.perlbench.bc	400.perlbench.bc	min-pred-succ	PerlIO_clone	1	0	0	1.002806	80	1
benchmarks/spec2006/400.perlbench.bc	400.perlbench.bc	min-pred-succ	PerlIO_destruct	1	0	0	1.003168	204	1
benchmarks/spec2006/400.perlbench.bc	400.perlbench.bc	min-pred-succ	PerlIO_get_layers	1	0	0	1.002436	204	1
benchmarks/spec2006/400.perlbench.bc	400.perlbench.bc	min-pred-succ	PerlIO_tab_sv	1	0	0	1.002444	156	1
benchmarks/spec2006/400.perlbench.bc	400.perlbench.bc	min-pred-succ	XS_PerlIO__Layer__NoWarnings	1	0	0	1.002458	208	1
benchmarks/spec2006/400.perlbench.bc	400.perlbench.bc	min-pred-succ	XS_PerlIO__Layer__find	1	0	0	1.002663	164	1
benchmarks/spec2006/400.perlbench.bc	400.perlbench.bc	min-pred-succ	Perl_boot_core_PerlIO	1	0	0	1.003179	344	1
benchmarks/spec2006/400.perlbench.bc	400.perlbench.bc	min-pred-succ	PerlIO_stdstreams	1	0	0	1.003112	184	1
benchmarks/spec2006/400.perlbench.bc	400.perlbench.bc	min-pred-succ	PerlIO_fdopen	1	0	0	1.002974	204	1
benchmarks/spec2006/400.perlbench.bc	400.perlbench.bc	min-pred-succ	PerlIO_openn	1	0	0	1.002686	208	1
benchmarks/spec2006/400.perlbench.bc	400.perlbench.bc	min-pred-succ	PerlIO_tmpfile	1	0	0	1.002674	204	1
benchmarks/spec2006/400.perlbench.bc	400.perlbench.bc	min-pred-succ	PerlIO_context_layers	1	0	0	1.003136	204	1
benchmarks/spec2006/400.perlbench.bc	400.perlbench.bc	min-pred-succ	PerlIO_apply_layers	1	0	0	1.002632	204	1
benchmarks/spec2006/400.perlbench.bc	400.perlbench.bc	min-pred-succ	PerlIO_resolve_layers	1	0	0	1.002508	168	1
benchmarks/spec2006/400.perlbench.bc	400.perlbench.bc	min-pred-succ	PerlIO_apply_layera	1	0	0	1.002298	188	1
benchmarks/spec2006/400.perlbench.bc	400.perlbench.bc	min-pred-succ	PerlIO_layer_from_ref	1	0	0	1.002364	204	1
benchmarks/spec2006/400.perlbench.bc	400.perlbench.bc	min-pred-succ	PerlIO_binmode	1	0	0	1.002917	232	1
benchmarks/spec2006/400.perlbench.bc	400.perlbench.bc	min-pred-succ	Perl_PerlIO_unread	1	0	0	1.002828	204	1
benchmarks/spec2006/400.perlbench.bc	400.perlbench.bc	min-pred-succ	PerlIO_isutf8	1	0	0	1.003121	204	1
benchmarks/spec2006/400.perlbench.bc	400.perlbench.bc	min-pred-succ	Perl_PerlIO_setlinebuf	1	0	0	1.003012	204	1
benchmarks/spec2006/400.perlbench.bc	400.perlbench.bc	min-pred-succ	PerlIO_has_base	1	0	0	1.004082	516	1
benchmarks/spec2006/400.perlbench.bc	400.perlbench.bc	min-pred-succ	PerlIO_canset_cnt	1	0	0	1.003062	188	1
benchmarks/spec2006/400.perlbench.bc	400.perlbench.bc	min-pred-succ	Perl_PerlIO_get_bufsiz	1	0	0	1.002368	208	1
benchmarks/spec2006/400.perlbench.bc	400.perlbench.bc	min-pred-succ	Perl_PerlIO_set_cnt	1	0	0	1.002320	204	1
benchmarks/spec2006/400.perlbench.bc	400.perlbench.bc	min-pred-succ	PerlIO_init	1	0	0	1.002796	176	1
benchmarks/spec2006/400.perlbench.bc	400.perlbench.bc	min-pred-succ	PerlIO_cleanup	1	0	0	1.002592	164	1
benchmarks/spec2006/400.perlbench.bc	400.perlbench.bc	min-pred-succ	PerlIO_importFILE	1	0	0	1.002666	192	1
benchmarks/spec2006/400.perlbench.bc	400.perlbench.bc	min-pred-succ	PerlIOStdio_set_ptrcnt	1	0	0	1.002425	204	1
benchmarks/spec2006/400.perlbench.bc	400.perlbench.bc	min-pred-succ	PerlIO_exportFILE	1	0	0	1.002390	120	1
benchmarks/spec2006/400.perlbench.bc	400.perlbench.bc	min-pred-succ	PerlIO_findFILE	1	0	0	1.002681	204	1
benchmarks/spec2006/400.perlbench.bc	400.perlbench.bc	min-pred-succ	PerlIO_releaseFILE	1	0	0	1.003011	184	1
benchmarks/spec2006/400.perlbench.bc	400.perlbench.bc	min-pred-succ	Perl_PerlIO_stdin	1	0	0	1.002822	180	1
benchmarks/spec2006/400.perlbench.bc	400.perlbench.bc	min-pred-succ	Perl_PerlIO_stdout	1	0	0	1.002371	188	1
benchmarks/spec2006/400.perlbench.bc	400.perlbench.bc	min-pred-succ	Perl_PerlIO_stderr	1	0	0	1.002395	188	1
benchmarks/spec2006/400.perlbench.bc	400.perlbench.bc	min-pred-succ	PerlIO_getname	1	0	0	1.002838	84	1
benchmarks/spec2006/400.perlbench.bc	400.perlbench.bc	min-pred-succ	PerlIO_open	1	0	0	1.003937	184	1
benchmarks/spec2006/400.perlbench.bc	400.perlbench.bc	min-pred-succ	PerlIO_reopen	1	0	0	1.002762	180	1
benchmarks/spec2006/400.perlbench.bc	400.perlbench.bc	min-pred-succ	PerlIO_getc	1	0	0	1.002609	204	1
benchmarks/spec2006/400.perlbench.bc	400.perlbench.bc	min-pred-succ	PerlIO_ungetc	1	0	0	1.003209	204	1
benchmarks/spec2006/400.perlbench.bc	400.perlbench.bc	min-pred-succ	PerlIO_putc	1	0	0	1.002525	208	1
benchmarks/spec2006/400.perlbench.bc	400.perlbench.bc	min-pred-succ	PerlIO_puts	1	0	0	1.002792	188	1
benchmarks/spec2006/400.perlbench.bc	400.perlbench.bc	min-pred-succ	PerlIO_rewind	1	0	0	1.002389	204	1
benchmarks/spec2006/400.perlbench.bc	400.perlbench.bc	min-pred-succ	PerlIO_vprintf	1	0	0	1.003041	208	1
benchmarks/spec2006/400.perlbench.bc	400.perlbench.bc	min-pred-succ	PerlIO_printf	1	0	0	1.002633	204	1
benchmarks/spec2006/400.perlbench.bc	400.perlbench.bc	min-pred-succ	PerlIO_stdoutf	1	0	0	1.002605	240	1
benchmarks/spec2006/400.perlbench.bc	400.perlbench.bc	min-pred-succ	PerlIO_setpos	1	0	0	1.002670	12	1
benchmarks/spec2006/400.perlbench.bc	400.perlbench.bc	min-pred-succ	PerlIO_getpos	1	0	0	1.002575	204	1
benchmarks/spec2006/400.perlbench.bc	400.perlbench.bc	min-pred-succ	PerlIO_vsprintf	1	0	0	1.002783	144	1
benchmarks/spec2006/400.perlbench.bc	400.perlbench.bc	min-pred-succ	PerlIO_sprintf	1	0	0	1.002487	240	1
benchmarks/spec2006/400.perlbench.bc	400.perlbench.bc	min-pred-succ	main	1	0	0	1.002532	204	1
benchmarks/spec2006/400.perlbench.bc	400.perlbench.bc	min-pred-succ	xs_init	1	0	0	1.003462	192	1
benchmarks/spec2006/400.perlbench.bc	400.perlbench.bc	min-pred-succ	Perl_yyparse	1	-9	1	185.342390	2143528	0
benchmarks/spec2006/400.perlbench.bc	400.perlbench.bc	min-pred-succ	yydestruct	1	0	0	1.002866	204	1
benchmarks/spec2006/400.perlbench.bc	400.perlbench.bc	min-pred-succ	Perl_pp_stub	1	0	0	1.002693	208	1
benchmarks/spec2006/400.perlbench.bc	400.perlbench.bc	min-pred-succ	Perl_pp_scalar	1	0	0	1.002355	108	1
benchmarks/spec2006/400.perlbench.bc	400.perlbench.bc	min-pred-succ	Perl_pp_padav	1	0	0	1.002651	240	1
benchmarks/spec2006/400.perlbench.bc	400.perlbench.bc	min-pred-succ	Perl_pp_padhv	1	0	0	1.002529	12	1
benchmarks/spec2006/400.perlbench.bc	400.perlbench.bc	min-pred-succ	Perl_pp_padany	1	0	0	1.002444	200	1
benchmarks/spec2006/400.perlbench.bc	400.perlbench.bc	min-pred-succ	Perl_pp_rv2gv	1	0	0	5.007605	155400	1
benchmarks/spec2006/400.perlbench.bc	400.perlbench.bc	min-pred-succ	Perl_pp_rv2sv	1	0	0	2.003951	127200	1
benchmarks/spec2006/400.perlbench.bc	400.perlbench.bc	min-pred-succ	Perl_pp_av2arylen	1	0	0	1.002615	184	1
benchmarks/spec2006/400.perlbench.bc	400.perlbench.bc	min-pred-succ	Perl_pp_pos	1	0	0	1.002417	232	1
benchmarks/spec2006/400.perlbench.bc	400.perlbench.bc	min-pred-succ	Perl_pp_rv2cv	1	0	0	1.002372	180	1
benchmarks/spec2006/400.perlbench.bc	400.perlbench.bc	min-pred-succ	Perl_pp_prototype	1	0	0	1.002459	204	1
benchmarks/spec2006/400.perlbench.bc	400.perlbench.bc	min-pred-succ	Perl_pp_anoncode	1	0	0	1.002484	176	1
benchmarks/spec2006/400.perlbench.bc	400.perlbench.bc	min-pred-succ	Perl_pp_srefgen	1	0	0	1.002572	208	1
benchmarks/spec2006/400.perlbench.bc	400.perlbench.bc	min-pred-succ	S_refto	1	0	0	1.002362	40	1
benchmarks/spec2006/400.perlbench.bc	400.perlbench.bc	min-pred-succ	Perl_pp_refgen	1	0	0	1.002667	204	1
benchmarks/spec2006/400.perlbench.bc	400.perlbench.bc	min-pred-succ	Perl_pp_ref	1	0	0	1.003581	204	1
benchmarks/spec2006/400.perlbench.bc	400.perlbench.bc	min-pred-succ	Perl_pp_bless	1	0	0	1.002905	204	1
benchmarks/spec2006/400.perlbench.bc	400.perlbench.bc	min-pred-succ	Perl_pp_gelem	1	0	0	1.002702	204	1
benchmarks/spec2006/400.perlbench.bc	400.perlbench.bc	min-pred-succ	Perl_pp_study	1	0	0	1.002512	204	1
benchmarks/spec2006/400.perlbench.bc	400.perlbench.bc	min-pred-succ	Perl_pp_trans	1	0	0	1.002309	192	1
benchmarks/spec2006/400.perlbench.bc	400.perlbench.bc	min-pred-succ	Perl_pp_schop	1	0	0	1.002727	204	1
benchmarks/spec2006/400.perlbench.bc	400.perlbench.bc	min-pred-succ	Perl_pp_chop	1	0	0	1.002599	188	1
benchmarks/spec2006/400.perlbench.bc	400.perlbench.bc	min-pred-succ	Perl_pp_schomp	1	0	0	1.002234	204	1
benchmarks/spec2006/400.perlbench.bc	400.perlbench.bc	min-pred-succ	Perl_pp_chomp	1	0	0	1.002433	196	1
benchmarks/spec2006/400.perlbench.bc	400.perlbench.bc	min-pred-succ	Perl_pp_defined	1	0	0	1.002378	204	1
benchmarks/spec2006/400.perlbench.bc	400.perlbench.bc	min-pred-succ	Perl_pp_undef	1	0	0	1.002256	100	1
benchmarks/spec2006/400.perlbench.bc	400.perlbench.bc	min-pred-succ	Perl_pp_predec	1	0	0	1.002624	204	1
benchmarks/spec2006/400.perlbench.bc	400.perlbench.bc	min-pred-succ	Perl_pp_postinc	1	0	0	1.002350	184	1
benchmarks/spec2006/400.perlbench.bc	400.perlbench.bc	min-pred-succ	Perl_pp_postdec	1	0	0	1.002446	204	1
benchmarks/spec2006/400.perlbench.bc	400.perlbench.bc	min-pred-succ	Perl_pp_pow	1	0	0	18.026893	177944	1
benchmarks/spec2006/400.perlbench.bc	400.perlbench.bc	min-pred-succ	Perl_pp_multiply	1	0	0	1.002736	208	1
benchmarks/spec2006/400.perlbench.bc	400.perlbench.bc	min-pred-succ	Perl_pp_divide	1	0	0	1.002425	164	1
benchmarks/spec2006/400.perlbench.bc	400.perlbench.bc	min-pred-succ	Perl_pp_modulo	1	0	0	1.002954	180	1
benchmarks/spec2006/400.perlbench.bc	400.perlbench.bc	min-pred-succ	Perl_pp_repeat	1	0	0	1.003011	204	1
benchmarks/spec2006/400.perlbench.bc	400.perlbench.bc	min-pred-succ	Perl_pp_subtract	1	0	0	1.002781	204	1
benchmarks/spec2006/400.perlbench.bc	400.perlbench.bc	min-pred-succ	Perl_pp_left_shift	1	0	0	1.002742	184	1
benchmarks/spec2006/400.perlbench.bc	400.perlbench.bc	min-pred-succ	Perl_pp_right_shift	1	0	0	1.002390	84	1
benchmarks/spec2006/400.perlbench.bc	400.perlbench.bc	min-pred-succ	Perl_pp_lt	1	0	0	1.002787	200	1
benchmarks/spec2006/400.perlbench.bc	400.perlbench.bc	min-pred-succ	Perl_pp_gt	1	0	0	1.002682	208	1
benchmarks/spec2006/400.perlbench.bc	400.perlbench.bc	min-pred-succ	Perl_pp_le	1	0	0	1.002826	188	1
benchmarks/spec2006/400.perlbench.bc	400.perlbench.bc	min-pred-succ	Perl_pp_ge	1	0	0	1.002655	232	1
benchmarks/spec2006/400.perlbench.bc	400.perlbench.bc	min-pred-succ	Perl_pp_ne	1	0	0	1.002609	236	1
benchmarks/spec2006/400.perlbench.bc	400.perlbench.bc	min-pred-succ	Perl_pp_ncmp	1	0	0	1.002561	208	1
benchmarks/spec2006/400.perlbench.bc	400.perlbench.bc	min-pred-succ	Perl_pp_slt	1	0	0	1.003065	208	1
benchmarks/spec2006/400.perlbench.bc	400.perlbench.bc	min-pred-succ	Perl_pp_sgt	1	0	0	1.002690	204	1
benchmarks/spec2006/400.perlbench.bc	400.perlbench.bc	min-pred-succ	Perl_pp_sle	1	0	0	1.002530	236	1
benchmarks/spec2006/400.perlbench.bc	400.perlbench.bc	min-pred-succ	Perl_pp_sge	1	0	0	1.002350	76	1
benchmarks/spec2006/400.perlbench.bc	400.perlbench.bc	min-pred-succ	Perl_pp_seq	1	0	0	1.002551	180	1
benchmarks/spec2006/400.perlbench.bc	400.perlbench.bc	min-pred-succ	Perl_pp_sne	1	0	0	1.002402	200	1
benchmarks/spec2006/400.perlbench.bc	400.perlbench.bc	min-pred-succ	Perl_pp_scmp	1	0	0	1.002496	236	1
benchmarks/spec2006/400.perlbench.bc	400.perlbench.bc	min-pred-succ	Perl_pp_bit_and	1	0	0	1.002681	204	1
benchmarks/spec2006/400.perlbench.bc	400.perlbench.bc	min-pred-succ	Perl_pp_bit_xor	1	0	0	1.002388	204	1
benchmarks/spec2006/400.perlbench.bc	400.perlbench.bc	min-pred-succ	Perl_pp_bit_or	1	0	0	1.002502	204	1
benchmarks/spec2006/400.perlbench.bc	400.perlbench.bc	min-pred-succ	Perl_pp_negate	1	0	0	4.006562	165696	1
benchmarks/spec2006/400.perlbench.bc	400.perlbench.bc	min-pred-succ	Perl_pp_not	1	0	0	1.002419	204	1
benchmarks/spec2006/400.perlbench.bc	400.perlbench.bc	min-pred-succ	Perl_pp_complement	1	0	0	1.002799	232	1
benchmarks/spec2006/400.perlbench.bc	400.perlbench.bc	min-pred-succ	Perl_pp_i_multiply	1	0	0	1.002387	176	1
benchmarks/spec2006/400.perlbench.bc	400.perlbench.bc	min-pred-succ	Perl_pp_i_divide	1	0	0	1.002632	204	1
benchmarks/spec2006/400.perlbench.bc	400.perlbench.bc	min-pred-succ	Perl_pp_i_modulo	1	0	0	1.002398	208	1
benchmarks/spec2006/400.perlbench.bc	400.perlbench.bc	min-pred-succ	Perl_pp_i_modulo_0	1	0	0	1.002392	236	1
benchmarks/spec2006/400.perlbench.bc	400.perlbench.bc	min-pred-succ	Perl_pp_i_modulo_1	1	0	0	1.002502	204	1
benchmarks/spec2006/400.perlbench.bc	400.perlbench.bc	min-pred-succ	Perl_pp_i_add	1	0	0	1.002317	192	1
benchmarks/spec2006/400.perlbench.bc	400.perlbench.bc	min-pred-succ	Perl_pp_i_subtract	1	0	0	1.001849	204	1
benchmarks/spec2006/400.perlbench.bc	400.perlbench.bc	min-pred-succ	Perl_pp_i_lt	1	0	0	1.002469	208	1
benchmarks/spec2006/400.perlbench.bc	400.perlbench.bc	min-pred-succ	Perl_pp_i_gt	1	0	0	1.002424	236	1
benchmarks/spec2006/400.perlbench.bc	400.perlbench.bc	min-pred-succ	Perl_pp_i_le	1	0	0	1.012972	208	1
benchmarks/spec2006/400.perlbench.bc	400.perlbench.bc	min-pred-succ	Perl_pp_i_ge	1	0	0	1.001871	208	1
benchmarks/spec2006/400.perlbench.bc	400.perlbench.bc	min-pred-succ	Perl_pp_i_eq	1	0	0	1.002635	188	1
benchmarks/spec2006/400.perlbench.bc	400.perlbench.bc	min-pred-succ	Perl_pp_i_ne	1	0	0	1.002692	200	1
benchmarks/spec2006/400.perlbench.bc	400.perlbench.bc	min-pred-succ	Perl_pp_i_ncmp	1	0	0	1.002840	180	1
benchmarks/spec2006/400.perlbench.bc	400.perlbench.bc	min-pred-succ	Perl_pp_i_negate	1	0	0	1.003226	236	1
benchmarks/spec2006/400.perlbench.bc	400.perlbench.bc	min-pred-succ	Perl_pp_atan2	1	0	0	1.002943	236	1
benchmarks/spec2006/400.perlbench.bc	400.perlbench.bc	min-pred-succ	Perl_pp_sin	1	0	0	1.002767	204	1
benchmarks/spec2006/400.perlbench.bc	400.perlbench.bc	min-pred-succ	Perl_pp_cos	1	0	0	1.002480	204	1
benchmarks/spec2006/400.perlbench.bc	400.perlbench.bc	min-pred-succ	Perl_pp_rand	1	0	0	1.002447	196	1
benchmarks/spec2006/400.perlbench.bc	400.perlbench.bc	min-pred-succ	Perl_pp_srand	1	0	0	1.003075	180	1
benchmarks/spec2006/400.perlbench.bc	400.perlbench.bc	min-pred-succ	Perl_pp_exp	1	0	0	1.002761	236	1
benchmarks/spec2006/400.perlbench.bc	400.perlbench.bc	min-pred-succ	Perl_pp_log	1	0	0	1.002467	208	1
benchmarks/spec2006/400.perlbench.bc	400.perlbench.bc	min-pred-succ	Perl_pp_sqrt	1	0	0	1.002337	180	1
benchmarks/spec2006/400.perlbench.bc	400.perlbench.bc	min-pred-succ	Perl_pp_int	1	0	0	1.002609	208	1
benchmarks/spec2006/400.perlbench.bc	400.perlbench.bc	min-pred-succ	Perl_pp_abs	1	0	0	1.002444	208	1
benchmarks/spec2006/400.perlbench.bc	400.perlbench.bc	min-pred-succ	Perl_pp_hex	1	0	0	1.002477	200	1
benchmarks/spec2006/400.perlbench.bc	400.perlbench.bc	min-pred-succ	Perl_pp_oct	1	0	0	1.002954	144	1
benchmarks/spec2006/400.perlbench.bc	400.perlbench.bc	min-pred-succ	Perl_pp_length	1	0	0	1.002337	112	1
benchmarks/spec2006/400.perlbench.bc	400.perlbench.bc	min-pred-succ	Perl_pp_substr	1	0	0	1.001957	188	1
benchmarks/spec2006/400.perlbench.bc	400.perlbench.bc	min-pred-succ	Perl_pp_vec	1	0	0	1.002523	204	1
benchmarks/spec2006/400.perlbench.bc	400.perlbench.bc	min-pred-succ	Perl_pp_index	1	0	0	1.002718	188	1
benchmarks/spec2006/400.perlbench.bc	400.perlbench.bc	min-pred-succ	Perl_pp_rindex	1	0	0	1.002556	72	1
benchmarks/spec2006/400.perlbench.bc	400.perlbench.bc	min-pred-succ	Perl_pp_sprintf	1	0	0	1.002892	180	1
benchmarks/spec2006/400.perlbench.bc	400.perlbench.bc	min-pred-succ	Perl_pp_ord	1	0	0	1.002697	208	1
benchmarks/spec2006/400.perlbench.bc	400.perlbench.bc	min-pred-succ	Perl_pp_chr	1	0	0	1.002336	208	1
benchmarks/spec2006/400.perlbench.bc	400.perlbench.bc	min-pred-succ	Perl_pp_crypt	1	0	0	1.002435	240	1
benchmarks/spec2006/400.perlbench.bc	400.perlbench.bc	min-pred-succ	Perl_pp_ucfirst	1	0	0	1.002409	236	1
benchmarks/spec2006/400.perlbench.bc	400.perlbench.bc	min-pred-succ	Perl_pp_lcfirst	1	0	0	1.002401	148	1
benchmarks/spec2006/400.perlbench.bc	400.perlbench.bc	min-pred-succ	Perl_pp_uc	1	0	0	1.002461	232	1
benchmarks/spec2006/400.perlbench.bc	400.perlbench.bc	min-pred-succ	Perl_pp_lc	1	0	0	1.002371	168	1
benchmarks/spec2006/400.perlbench.bc	400.perlbench.bc	min-pred-succ	Perl_pp_quotemeta	1	0	0	1.002394	180	1
benchmarks/spec2006/400.perlbench.bc	400.perlbench.bc	min-pred-succ	Perl_pp_aslice	1	0	0	1.002590	204	1
benchmarks/spec2006/400.perlbench.bc	400.perlbench.bc	min-pred-succ	Perl_pp_each	1	0	0	1.002629	232	1
benchmarks/spec2006/400.perlbench.bc	400.perlbench.bc	min-pred-succ	Perl_pp_values	1	0	0	1.002329	192	1
benchmarks/spec2006/400.perlbench.bc	400.perlbench.bc	min-pred-succ	Perl_pp_keys	1	0	0	1.002386	204	1
benchmarks/spec2006/400.perlbench.bc	400.perlbench.bc	min-pred-succ	Perl_pp_delete	1	0	0	1.002924	208	1
benchmarks/spec2006/400.perlbench.bc	400.perlbench.bc	min-pred-succ	Perl_pp_exists	1	0	0	1.002518	208	1
benchmarks/spec2006/400.perlbench.bc	400.perlbench.bc	min-pred-succ	Perl_pp_hslice	1	0	0	5.007330	138036	1
benchmarks/spec2006/400.perlbench.bc	400.perlbench.bc	min-pred-succ	Perl_pp_list	1	0	0	1.002932	96	1
benchmarks/spec2006/400.perlbench.bc	400.perlbench.bc	min-pred-succ	Perl_pp_lslice	1	0	0	1.002935	176	1
benchmarks/spec2006/400.perlbench.bc	400.perlbench.bc	min-pred-succ	Perl_pp_anonlist	1	0	0	1.002256	208	1
benchmarks/spec2006/400.perlbench.bc	400.perlbench.bc	min-pred-succ	Perl_pp_anonhash	1	0	0	1.002491	232	1
benchmarks/spec2006/400.perlbench.bc	400.perlbench.bc	min-pred-succ	Perl_pp_splice	1	0	0	1.002358	188	1
benchmarks/spec2006/400.perlbench.bc	400.perlbench.bc	min-pred-succ	Perl_pp_push	1	0	0	1.002276	200	1
benchmarks/spec2006/400.perlbench.bc	400.perlbench.bc	min-pred-succ	Perl_pp_pop	1	0	0	1.002314	124	1
benchmarks/spec2006/400.perlbench.bc	400.perlbench.bc	min-pred-succ	Perl_pp_shift	1	0	0	1.002919	164	1
benchmarks/spec2006/400.perlbench.bc	400.perlbench.bc	min-pred-succ	Perl_pp_unshift	1	0	0	1.002584	184	1
benchmarks/spec2006/400.perlbench.bc	400.perlbench.bc	min-pred-succ	Perl_pp_reverse	1	0	0	1.002548	204	1
benchmarks/spec2006/400.perlbench.bc	400.perlbench.bc	min-pred-succ	Perl_pp_split	1	-9	1	185.310130	1086256	0
benchmarks/spec2006/400.perlbench.bc	400.perlbench.bc	min-pred-succ	Perl_pp_lock	1	0	0	1.002865	236	1
benchmarks/spec2006/400.perlbench.bc	400.perlbench.bc	min-pred-succ	Perl_pp_threadsv	1	0	0	1.001727	204	1
benchmarks/spec2006/400.perlbench.bc	400.perlbench.bc	min-pred-succ	Perl_pp_wantarray	1	0	0	1.002981	208	1
benchmarks/spec2006/400.perlbench.bc	400.perlbench.bc	min-pred-succ	S_dopoptosub	1	0	0	1.002736	204	1
benchmarks/spec2006/400.perlbench.bc	400.perlbench.bc	min-pred-succ	S_dopoptosub_at	1	0	0	1.003869	204	1
benchmarks/spec2006/400.perlbench.bc	400.perlbench.bc	min-pred-succ	Perl_pp_regcmaybe	1	0	0	1.002516	168	1
benchmarks/spec2006/400.perlbench.bc	400.perlbench.bc	min-pred-succ	Perl_pp_regcreset	1	0	0	1.003238	40	1
benchmarks/spec2006/400.perlbench.bc	400.perlbench.bc	min-pred-succ	Perl_pp_regcomp	1	0	0	1.003073	208	1
benchmarks/spec2006/400.perlbench.bc	400.perlbench.bc	min-pred-succ	Perl_pp_substcont	1	0	0	1.002708	192	1
benchmarks/spec2006/400.perlbench.bc	400.perlbench.bc	min-pred-succ	Perl_rxres_restore	1	0	0	1.002482	204	1
benchmarks/spec2006/400.perlbench.bc	400.perlbench.bc	min-pred-succ	Perl_rxres_free	1	0	0	1.002439	204	1
benchmarks/spec2006/400.perlbench.bc	400.perlbench.bc	min-pred-succ	Perl_rxres_save	1	0	0	1.003001	196	1
benchmarks/spec2006/400.perlbench.bc	400.perlbench.bc	min-pred-succ	Perl_pp_formline	1	-9	1	185.372200	3889436	0
benchmarks/spec2006/400.perlbench.bc	400.perlbench.bc	min-pred-succ	S_doparseform	1	0	0	2.003571	118512	1
benchmarks/spec2006/400.perlbench.bc	400.perlbench.bc	min-pred-succ	S_num_overflow	1	0	0	1.002397	204	1
benchmarks/spec2006/400.perlbench.bc	400.perlbench.bc	min-pred-succ	Perl_pp_grepstart	1	0	0	1.002709	208	1
benchmarks/spec2006/400.perlbench.bc	400.perlbench.bc	min-pred-succ	Perl_block_gimme	1	0	0	1.002831	204	1
benchmarks/spec2006/400.perlbench.bc	400.perlbench.bc	min-pred-succ	Perl_pp_mapstart	1	0	0	1.002869	192	1
benchmarks/spec2006/400.perlbench.bc	400.perlbench.bc	min-pred-succ	Perl_pp_mapwhile	1	0	0	1.002719	204	1
benchmarks/spec2006/400.perlbench.bc	400.perlbench.bc	min-pred-succ	Perl_pp_range	1	0	0	1.002924	204	1
benchmarks/spec2006/400.perlbench.bc	400.perlbench.bc	min-pred-succ	Perl_dowantarray	1	0	0	1.002475	184	1
benchmarks/spec2006/400.perlbench.bc	400.perlbench.bc	min-pred-succ	Perl_pp_flip	1	0	0	1.002893	196	1
benchmarks/spec2006/400.perlbench.bc	400.perlbench.bc	min-pred-succ	Perl_pp_flop	1	0	0	76.110301	138216	1
benchmarks/spec2006/400.perlbench.bc	400.perlbench.bc	min-pred-succ	Perl_is_lvalue_sub	1	0	0	1.002866	192	1
benchmarks/spec2006/400.perlbench.bc	400.perlbench.bc	min-pred-succ	Perl_dounwind	1	0	0	1.002738	184	1
benchmarks/spec2006/400.perlbench.bc	400.perlbench.bc	min-pred-succ	Perl_qerror	1	0	0	1.002710	188	1
benchmarks/spec2006/400.perlbench.bc	400.perlbench.bc	min-pred-succ	Perl_die_where	1	0	0	1.002857	232	1
benchmarks/spec2006/400.perlbench.bc	400.perlbench.bc	min-pred-succ	S_dopoptoeval	1	0	0	1.003042	188	1
benchmarks/spec2006/400.perlbench.bc	400.perlbench.bc	min-pred-succ	Perl_pp_xor	1	0	0	1.002475	180	1
benchmarks/spec2006/400.perlbench.bc	400.perlbench.bc	min-pred-succ	Perl_pp_andassign	1	0	0	1.002765	180	1
benchmarks/spec2006/400.perlbench.bc	400.perlbench.bc	min-pred-succ	Perl_pp_orassign	1	0	0	1.002369	204	1
benchmarks/spec2006/400.perlbench.bc	400.perlbench.bc	min-pred-succ	Perl_pp_caller	1	-9	1	185.274962	177260	0
benchmarks/spec2006/400.perlbench.bc	400.perlbench.bc	min-pred-succ	Perl_pp_reset	1	0	0	1.002703	188	1
benchmarks/spec2006/400.perlbench.bc	400.perlbench.bc	min-pred-succ	Perl_pp_lineseq	1	0	0	1.002770	204	1
benchmarks/spec2006/400.perlbench.bc	400.perlbench.bc	min-pred-succ	Perl_pp_dbstate	1	0	0	1.002322	208	1
benchmarks/spec2006/400.perlbench.bc	400.perlbench.bc	min-pred-succ	Perl_pp_scope	1	0	0	1.002475	196	1
benchmarks/spec2006/400.perlbench.bc	400.perlbench.bc	min-pred-succ	Perl_pp_enteriter	1	0	0	1.002366	204	1
benchmarks/spec2006/400.perlbench.bc	400.perlbench.bc	min-pred-succ	Perl_pp_enterloop	1	0	0	1.002426	204	1
benchmarks/spec2006/400.perlbench.bc	400.perlbench.bc	min-pred-succ	Perl_pp_leaveloop	1	0	0	1.002516	208	1
benchmarks/spec2006/400.perlbench.bc	400.perlbench.bc	min-pred-succ	Perl_pp_return	1	0	0	1.002681	240	1
benchmarks/spec2006/400.perlbench.bc	400.perlbench.bc	min-pred-succ	Perl_pp_last	1	0	0	1.003813	196	1
benchmarks/spec2006/400.perlbench.bc	400.perlbench.bc	min-pred-succ	S_dopoptoloop	1	0	0	1.002648	184	1
benchmarks/spec2006/400.perlbench.bc	400.perlbench.bc	min-pred-succ	S_dopoptolabel	1	0	0	1.004338	200	1
benchmarks/spec2006/400.perlbench.bc	400.perlbench.bc	min-pred-succ	Perl_pp_next	1	0	0	1.003116	204	1
benchmarks/spec2006/400.perlbench.bc	400.perlbench.bc	min-pred-succ	Perl_pp_redo	1	0	0	1.003519	208	1
benchmarks/spec2006/400.perlbench.bc	400.perlbench.bc	min-pred-succ	Perl_pp_dump	1	0	0	1.002907	208	1
benchmarks/spec2006/400.perlbench.bc	400.perlbench.bc	min-pred-succ	Perl_pp_goto	1	0	0	121.174176	340920	1
benchmarks/spec2006/400.perlbench.bc	400.perlbench.bc	min-pred-succ	S_dofindlabel	1	0	0	3.005014	121332	1
benchmarks/spec2006/400.perlbench.bc	400.perlbench.bc	min-pred-succ	Perl_pp_exit	1	0	0	1.002488	176	1
benchmarks/spec2006/400.perlbench.bc	400.perlbench.bc	min-pred-succ	Perl_sv_compile_2op	1	0	0	1.002390	204	1
benchmarks/spec2006/400.perlbench.bc	400.perlbench.bc	min-pred-succ	Perl_find_runcv	1	0	0	1.002496	196	1
benchmarks/spec2006/400.perlbench.bc	400.perlbench.bc	min-pred-succ	S_doeval	1	0	0	1.002864	204	1
benchmarks/spec2006/400.perlbench.bc	400.perlbench.bc	min-pred-succ	Perl_pp_require	1	-9	1	185.305399	948764	0
benchmarks/spec2006/400.perlbench.bc	400.perlbench.bc	min-pred-succ	S_path_is_absolute	1	0	0	1.002548	204	1
benchmarks/spec2006/400.perlbench.bc	400.perlbench.bc	min-pred-succ	S_doopen_pm	1	0	0	1.002336	140	1
benchmarks/spec2006/400.perlbench.bc	400.perlbench.bc	min-pred-succ	run_user_filter	1	0	0	1.002570	208	1
benchmarks/spec2006/400.perlbench.bc	400.perlbench.bc	min-pred-succ	S_docatch	1	0	0	1.002460	204	1
benchmarks/spec2006/400.perlbench.bc	400.perlbench.bc	min-pred-succ	S_docatch_body	1	0	0	1.003315	204	1
benchmarks/spec2006/400.perlbench.bc	400.perlbench.bc	min-pred-succ	Perl_pp_dofile	1	0	0	1.003645	204	1
benchmarks/spec2006/400.perlbench.bc	400.perlbench.bc	min-pred-succ	Perl_pp_entereval	1	0	0	1.002854	196	1
benchmarks/spec2006/400.perlbench.bc	400.perlbench.bc	min-pred-succ	S_save_lines	1	0	0	1.002954	204	1
benchmarks/spec2006/400.perlbench.bc	400.perlbench.bc	min-pred-succ	Perl_pp_leaveeval	1	0	0	1.003786	236	1
benchmarks/spec2006/400.perlbench.bc	400.perlbench.bc	min-pred-succ	Perl_pp_entertry	1	0	0	1.002965	192	1
benchmarks/spec2006/400.perlbench.bc	400.perlbench.bc	min-pred-succ	Perl_pp_leavetry	1	0	0	1.002413	204	1
benchmarks/spec2006/400.perlbench.bc	400.perlbench.bc	min-pred-succ	Perl_pp_const	1	0	0	1.002761	236	1
benchmarks/spec2006/400.perlbench.bc	400.perlbench.bc	min-pred-succ	Perl_pp_nextstate	1	0	0	1.002470	208	1
benchmarks/spec2006/400.perlbench.bc	400.perlbench.bc	min-pred-succ	Perl_pp_gvsv	1	0	0	1.002745	180	1
benchmarks/spec2006/400.perlbench.bc	400.perlbench.bc	min-pred-succ	Perl_pp_null	1	0	0	1.002497	204	1
benchmarks/spec2006/400.perlbench.bc	400.perlbench.bc	min-pred-succ	Perl_pp_setstate	1	0	0	1.002309	208	1
benchmarks/spec2006/400.perlbench.bc	400.perlbench.bc	min-pred-succ	Perl_pp_pushmark	1	0	0	1.002971	204	1
benchmarks/spec2006/400.perlbench.bc	400.perlbench.bc	min-pred-succ	Perl_pp_stringify	1	0	0	1.002397	84	1
benchmarks/spec2006/400.perlbench.bc	400.perlbench.bc	min-pred-succ	Perl_pp_gv	1	0	0	1.002827	204	1
benchmarks/spec2006/400.perlbench.bc	400.perlbench.bc	min-pred-succ	Perl_pp_and	1	0	0	1.003070	208	1
benchmarks/spec2006/400.perlbench.bc	400.perlbench.bc	min-pred-succ	Perl_pp_sassign	1	0	0	1.002768	204	1
benchmarks/spec2006/400.perlbench.bc	400.perlbench.bc	min-pred-succ	Perl_pp_cond_expr	1	0	0	1.002379	104	1
benchmarks/spec2006/400.perlbench.bc	400.perlbench.bc	min-pred-succ	Perl_pp_unstack	1	0	0	1.002545	204	1
benchmarks/spec2006/400.perlbench.bc	400.perlbench.bc	min-pred-succ	Perl_pp_concat	1	0	0	1.002790	192	1
benchmarks/spec2006/400.perlbench.bc	400.perlbench.bc	min-pred-succ	Perl_pp_padsv	1	0	0	1.002537	204	1
benchmarks/spec2006/400.perlbench.bc	400.perlbench.bc	min-pred-succ	Perl_vivify_ref	1	0	0	1.002973	204	1
benchmarks/spec2006/400.perlbench.bc	400.perlbench.bc	min-pred-succ	Perl_pp_readline	1	0	0	1.003114	204	1
benchmarks/spec2006/400.perlbench.bc	400.perlbench.bc	min-pred-succ	Perl_do_readline	1	-9	1	185.288505	562636	0
benchmarks/spec2006/400.perlbench.bc	400.perlbench.bc	min-pred-succ	Perl_pp_eq	1	0	0	1.002604	204	1
benchmarks/spec2006/400.perlbench.bc	400.perlbench.bc	min-pred-succ	Perl_pp_preinc	1	0	0	1.002498	192	1
benchmarks/spec2006/400.perlbench.bc	400.perlbench.bc	min-pred-succ	Perl_pp_or	1	0	0	1.002415	200	1
benchmarks/spec2006/400.perlbench.bc	400.perlbench.bc	min-pred-succ	Perl_pp_add	1	0	0	1.002658	200	1
benchmarks/spec2006/400.perlbench.bc	400.perlbench.bc	min-pred-succ	Perl_pp_aelemfast	1	0	0	1.002454	240	1
benchmarks/spec2006/400.perlbench.bc	400.perlbench.bc	min-pred-succ	Perl_pp_join	1	0	0	1.002439	208	1
benchmarks/spec2006/400.perlbench.bc	400.perlbench.bc	min-pred-succ	Perl_pp_pushre	1	0	0	1.002818	208	1
benchmarks/spec2006/400.perlbench.bc	400.perlbench.bc	min-pred-succ	Perl_pp_print	1	0	0	26.037726	150160	1
benchmarks/spec2006/400.perlbench.bc	400.perlbench.bc	min-pred-succ	Perl_pp_rv2av	1	0	0	8.012628	162052	1
benchmarks/spec2006/400.perlbench.bc	400.perlbench.bc	min-pred-succ	Perl_pp_rv2hv	1	0	0	6.009805	148788	1
benchmarks/spec2006/400.perlbench.bc	400.perlbench.bc	min-pred-succ	Perl_pp_aassign	1	0	0	1.002975	200	1
benchmarks/spec2006/400.perlbench.bc	400.perlbench.bc	min-pred-succ	S_do_maybe_phash	1	0	0	1.002526	204	1
benchmarks/spec2006/400.perlbench.bc	400.perlbench.bc	min-pred-succ	S_do_oddball	1	0	0	1.002690	192	1
benchmarks/spec2006/400.perlbench.bc	400.perlbench.bc	min-pred-succ	Perl_pp_qr	1	0	0	1.002503	84	1
benchmarks/spec2006/400.perlbench.bc	400.perlbench.bc	min-pred-succ	Perl_pp_match	1	-9	1	185.286061	340788	0
benchmarks/spec2006/400.perlbench.bc	400.perlbench.bc	min-pred-succ	Perl_pp_enter	1	0	0	1.002457	204	1
benchmarks/spec2006/400.perlbench.bc	400.perlbench.bc	min-pred-succ	Perl_pp_helem	1	0	0	1.003460	776	1
benchmarks/spec2006/400.perlbench.bc	400.perlbench.bc	min-pred-succ	Perl_pp_leave	1	0	0	1.002394	204	1
benchmarks/spec2006/400.perlbench.bc	400.perlbench.bc	min-pred-succ	Perl_pp_iter	1	0	0	1.002512	204	1
benchmarks/spec2006/400.perlbench.bc	400.perlbench.bc	min-pred-succ	Perl_pp_subst	1	-9	1	185.285304	406520	0
benchmarks/spec2006/400.perlbench.bc	400.perlbench.bc	min-pred-succ	Perl_pp_grepwhile	1	0	0	1.002447	196	1
benchmarks/spec2006/400.perlbench.bc	400.perlbench.bc	min-pred-succ	Perl_pp_leavesub	1	0	0	1.002708	236	1
benchmarks/spec2006/400.perlbench.bc	400.perlbench.bc	min-pred-succ	Perl_pp_leavesublv	1	0	0	56.083651	304100	1
benchmarks/spec2006/400.perlbench.bc	400.perlbench.bc	min-pred-succ	Perl_pp_entersub	1	0	0	22.032544	294384	1
benchmarks/spec2006/400.perlbench.bc	400.perlbench.bc	min-pred-succ	S_get_db_sub	1	0	0	1.002336	180	1
benchmarks/spec2006/400.perlbench.bc	400.perlbench.bc	min-pred-succ	Perl_sub_crush_depth	1	0	0	1.002562	196	1
benchmarks/spec2006/400.perlbench.bc	400.perlbench.bc	min-pred-succ	Perl_pp_aelem	1	0	0	1.002699	236	1
benchmarks/spec2006/400.perlbench.bc	400.perlbench.bc	min-pred-succ	Perl_pp_method	1	0	0	1.002573	184	1
benchmarks/spec2006/400.perlbench.bc	400.perlbench.bc	min-pred-succ	S_method_common	1	0	0	1.002487	196	1
benchmarks/spec2006/400.perlbench.bc	400.perlbench.bc	min-pred-succ	Perl_pp_method_named	1	0	0	1.002928	196	1
benchmarks/spec2006/400.perlbench.bc	400.perlbench.bc	min-pred-succ	Perl_unpack_str	1	0	0	1.002806	204	1
benchmarks/spec2006/400.perlbench.bc	400.perlbench.bc	min-pred-succ	S_unpack_rec	1	-9	1	185.278715	275452	0
benchmarks/spec2006/400.perlbench.bc	400.perlbench.bc	min-pred-succ	S_next_symbol	1	-9	1	185.280667	171772	0
benchmarks/spec2006/400.perlbench.bc	400.perlbench.bc	min-pred-succ	S_mul128	1	0	0	1.002419	192	1
benchmarks/spec2006/400.perlbench.bc	400.perlbench.bc	min-pred-succ	S_group_end	1	0	0	1.002425	204	1
benchmarks/spec2006/400.perlbench.bc	400.perlbench.bc	min-pred-succ	S_get_num	1	0	0	1.002794	64	1
benchmarks/spec2006/400.perlbench.bc	400.perlbench.bc	min-pred-succ	S_measure_struct	1	0	0	1.002774	180	1
benchmarks/spec2006/400.perlbench.bc	400.perlbench.bc	min-pred-succ	Perl_unpackstring	1	0	0	1.002384	204	1
benchmarks/spec2006/400.perlbench.bc	400.perlbench.bc	min-pred-succ	Perl_pp_unpack	1	0	0	1.002467	232	1
benchmarks/spec2006/400.perlbench.bc	400.perlbench.bc	min-pred-succ	Perl_pack_cat	1	0	0	1.002521	140	1
benchmarks/spec2006/400.perlbench.bc	400.perlbench.bc	min-pred-succ	S_pack_rec	1	-9	1	185.278571	290352	0
benchmarks/spec2006/400.perlbench.bc	400.perlbench.bc	min-pred-succ	S_is_an_int	1	0	0	1.002552	204	1
benchmarks/spec2006/400.perlbench.bc	400.perlbench.bc	min-pred-succ	S_div128	1	0	0	1.002590	204	1
benchmarks/spec2006/400.perlbench.bc	400.perlbench.bc	min-pred-succ	S_doencodes	1	0	0	1.002468	224	1
benchmarks/spec2006/400.perlbench.bc	400.perlbench.bc	min-pred-succ	Perl_packlist	1	0	0	1.002645	200	1
benchmarks/spec2006/400.perlbench.bc	400.perlbench.bc	min-pred-succ	Perl_pp_pack	1	0	0	1.002728	204	1
benchmarks/spec2006/400.perlbench.bc	400.perlbench.bc	min-pred-succ	Perl_sortsv	1	0	0	1.002350	208	1
benchmarks/spec2006/400.perlbench.bc	400.perlbench.bc	min-pred-succ	S_mergesortsv	1	-9	1	185.286372	350376	0
benchmarks/spec2006/400.perlbench.bc	400.perlbench.bc	min-pred-succ	S_qsortsv	1	0	0	1.002361	208	1
benchmarks/spec2006/400.perlbench.bc	400.perlbench.bc	min-pred-succ	cmpindir_desc	1	0	0	1.002615	204	1
benchmarks/spec2006/400.perlbench.bc	400.perlbench.bc	min-pred-succ	cmpindir	1	0	0	1.002417	204	1
benchmarks/spec2006/400.perlbench.bc	400.perlbench.bc	min-pred-succ	S_qsortsvu	1	-9	1	185.309530	900324	0
benchmarks/spec2006/400.perlbench.bc	400.perlbench.bc	min-pred-succ	cmp_desc	1	0	0	1.002882	204	1
benchmarks/spec2006/400.perlbench.bc	400.perlbench.bc	min-pred-succ	dynprep	1	0	0	3.004649	132368	1
benchmarks/spec2006/400.perlbench.bc	400.perlbench.bc	min-pred-succ	S_sortsv_desc	1	0	0	1.002657	184	1
benchmarks/spec2006/400.perlbench.bc	400.perlbench.bc	min-pred-succ	Perl_pp_sort	1	0	0	1.002471	232	1
benchmarks/spec2006/400.perlbench.bc	400.perlbench.bc	min-pred-succ	sortcv_stacked	1	0	0	1.002591	84	1
benchmarks/spec2006/400.perlbench.bc	400.perlbench.bc	min-pred-succ	sortcv	1	0	0	1.003156	208	1
benchmarks/spec2006/400.perlbench.bc	400.perlbench.bc	min-pred-succ	sortcv_xsub	1	0	0	1.002580	196	1
benchmarks/spec2006/400.perlbench.bc	400.perlbench.bc	min-pred-succ	amagic_i_ncmp	1	0	0	1.002765	200	1
benchmarks/spec2006/400.perlbench.bc	400.perlbench.bc	min-pred-succ	sv_i_ncmp	1	0	0	1.002393	204	1
benchmarks/spec2006/400.perlbench.bc	400.perlbench.bc	min-pred-succ	amagic_ncmp	1	0	0	1.002879	204	1
benchmarks/spec2006/400.perlbench.bc	400.perlbench.bc	min-pred-succ	sv_ncmp	1	0	0	1.002920	240	1
benchmarks/spec2006/400.perlbench.bc	400.perlbench.bc	min-pred-succ	amagic_cmp	1	0	0	1.002708	196	1
benchmarks/spec2006/400.perlbench.bc	400.perlbench.bc	min-pred-succ	Perl_pp_backtick	1	0	0	1.002683	188	1
benchmarks/spec2006/400.perlbench.bc	400.perlbench.bc	min-pred-succ	Perl_pp_glob	1	0	0	1.002577	204	1
benchmarks/spec2006/400.perlbench.bc	400.perlbench.bc	min-pred-succ	Perl_pp_rcatline	1	0	0	1.002777	204	1
benchmarks/spec2006/400.perlbench.bc	400.perlbench.bc	min-pred-succ	Perl_pp_warn	1	0	0	1.003619	204	1
benchmarks/spec2006/400.perlbench.bc	400.perlbench.bc	min-pred-succ	Perl_pp_die	1	0	0	1.004051	236	1
benchmarks/spec2006/400.perlbench.bc	400.perlbench.bc	min-pred-succ	Perl_pp_open	1	0	0	1.002659	184	1
benchmarks/spec2006/400.perlbench.bc	400.perlbench.bc	min-pred-succ	Perl_pp_close	1	0	0	1.002929	204	1
benchmarks/spec2006/400.perlbench.bc	400.perlbench.bc	min-pred-succ	Perl_pp_pipe_op	1	0	0	1.002733	208	1
benchmarks/spec2006/400.perlbench.bc	400.perlbench.bc	min-pred-succ	Perl_pp_fileno	1	0	0	1.002462	172	1
benchmarks/spec2006/400.perlbench.bc	400.perlbench.bc	min-pred-succ	Perl_pp_umask	1	0	0	1.002655	204	1
benchmarks/spec2006/400.perlbench.bc	400.perlbench.bc	min-pred-succ	Perl_pp_binmode	1	0	0	1.003025	232	1
benchmarks/spec2006/400.perlbench.bc	400.perlbench.bc	min-pred-succ	Perl_pp_tie	1	0	0	1.002719	160	1
benchmarks/spec2006/400.perlbench.bc	400.perlbench.bc	min-pred-succ	Perl_pp_untie	1	0	0	1.002795	184	1
benchmarks/spec2006/400.perlbench.bc	400.perlbench.bc	min-pred-succ	Perl_pp_tied	1	0	0	1.002805	152	1
benchmarks/spec2006/400.perlbench.bc	400.perlbench.bc	min-pred-succ	Perl_pp_dbmopen	1	0	0	1.003032	200	1
benchmarks/spec2006/400.perlbench.bc	400.perlbench.bc	min-pred-succ	Perl_pp_dbmclose	1	0	0	1.002398	152	1
benchmarks/spec2006/400.perlbench.bc	400.perlbench.bc	min-pred-succ	Perl_pp_sselect	1	0	0	1.002450	200	1
benchmarks/spec2006/400.perlbench.bc	400.perlbench.bc	min-pred-succ	Perl_setdefout	1	0	0	1.002760	200	1
benchmarks/spec2006/400.perlbench.bc	400.perlbench.bc	min-pred-succ	Perl_pp_select	1	0	0	1.002589	208	1
benchmarks/spec2006/400.perlbench.bc	400.perlbench.bc	min-pred-succ	Perl_pp_getc	1	0	0	1.002551	196	1
benchmarks/spec2006/400.perlbench.bc	400.perlbench.bc	min-pred-succ	Perl_pp_read	1	0	0	1.002569	200	1
benchmarks/spec2006/400.perlbench.bc	400.perlbench.bc	min-pred-succ	Perl_pp_sysread	1	-9	1	185.278895	229404	0
benchmarks/spec2006/400.perlbench.bc	400.perlbench.bc	min-pred-succ	Perl_pp_enterwrite	1	0	0	1.002554	180	1
benchmarks/spec2006/400.perlbench.bc	400.perlbench.bc	min-pred-succ	S_doform	1	0	0	1.002578	176	1
benchmarks/spec2006/400.perlbench.bc	400.perlbench.bc	min-pred-succ	Perl_pp_leavewrite	1	0	0	16.024781	165016	1
benchmarks/spec2006/400.perlbench.bc	400.perlbench.bc	min-pred-succ	Perl_pp_prtf	1	0	0	1.002565	192	1
benchmarks/spec2006/400.perlbench.bc	400.perlbench.bc	min-pred-succ	Perl_pp_sysopen	1	0	0	1.002653	204	1
benchmarks/spec2006/400.perlbench.bc	400.perlbench.bc	min-pred-succ	Perl_pp_syswrite	1	0	0	1.003088	196	1
benchmarks/spec2006/400.perlbench.bc	400.perlbench.bc	min-pred-succ	Perl_pp_send	1	0	0	1.002579	232	1
benchmarks/spec2006/400.perlbench.bc	400.perlbench.bc	min-pred-succ	Perl_pp_recv	1	0	0	1.002874	100	1
benchmarks/spec2006/400.perlbench.bc	400.perlbench.bc	min-pred-succ	Perl_pp_eof	1	0	0	1.002695	180	1
benchmarks/spec2006/400.perlbench.bc	400.perlbench.bc	min-pred-succ	Perl_pp_tell	1	0	0	1.002907	240	1
benchmarks/spec2006/400.perlbench.bc	400.perlbench.bc	min-pred-succ	Perl_pp_seek	1	0	0	1.003130	4	1
benchmarks/spec2006/400.perlbench.bc	400.perlbench.bc	min-pred-succ	Perl_pp_sysseek	1	0	0	1.002436	208	1
benchmarks/spec2006/400.perlbench.bc	400.perlbench.bc	min-pred-succ	Perl_pp_truncate	1	0	0	1.001574	232	1
benchmarks/spec2006/400.perlbench.bc	400.perlbench.bc	min-pred-succ	Perl_pp_fcntl	1	0	0	1.004001	96	1
benchmarks/spec2006/400.perlbench.bc	400.perlbench.bc	min-pred-succ	Perl_pp_ioctl	1	0	0	1.002675	204	1
benchmarks/spec2006/400.perlbench.bc	400.perlbench.bc	min-pred-succ	Perl_pp_flock	1	0	0	1.002882	180	1
benchmarks/spec2006/400.perlbench.bc	400.perlbench.bc	min-pred-succ	Perl_pp_socket	1	0	0	1.002498	204	1
benchmarks/spec2006/400.perlbench.bc	400.perlbench.bc	min-pred-succ	Perl_pp_sockpair	1	0	0	1.002915	240	1
benchmarks/spec2006/400.perlbench.bc	400.perlbench.bc	min-pred-succ	Perl_pp_bind	1	0	0	1.002837	88	1
benchmarks/spec2006/400.perlbench.bc	400.perlbench.bc	min-pred-succ	Perl_pp_connect	1	0	0	1.003322	192	1
benchmarks/spec2006/400.perlbench.bc	400.perlbench.bc	min-pred-succ	Perl_pp_listen	1	0	0	1.002434	176	1
benchmarks/spec2006/400.perlbench.bc	400.perlbench.bc	min-pred-succ	Perl_pp_accept	1	0	0	1.002412	88	1
benchmarks/spec2006/400.perlbench.bc	400.perlbench.bc	min-pred-succ	Perl_pp_shutdown	1	0	0	1.002466	208	1
benchmarks/spec2006/400.perlbench.bc	400.perlbench.bc	min-pred-succ	Perl_pp_gsockopt	1	0	0	1.002831	176	1
benchmarks/spec2006/400.perlbench.bc	400.perlbench.bc	min-pred-succ	Perl_pp_ssockopt	1	0	0	1.002813	204	1
benchmarks/spec2006/400.perlbench.bc	400.perlbench.bc	min-pred-succ	Perl_pp_getsockname	1	0	0	1.003590	208	1
benchmarks/spec2006/400.perlbench.bc	400.perlbench.bc	min-pred-succ	Perl_pp_getpeername	1	0	0	1.002763	208	1
benchmarks/spec2006/400.perlbench.bc	400.perlbench.bc	min-pred-succ	Perl_pp_lstat	1	0	0	1.002494	200	1
benchmarks/spec2006/400.perlbench.bc	400.perlbench.bc	min-pred-succ	Perl_pp_stat	1	0	0	1.003405	176	1
benchmarks/spec2006/400.perlbench.bc	400.perlbench.bc	min-pred-succ	Perl_pp_ftrread	1	0	0	1.003885	192	1
benchmarks/spec2006/400.perlbench.bc	400.perlbench.bc	min-pred-succ	Perl_pp_ftrwrite	1	0	0	1.002624	204	1
benchmarks/spec2006/400.perlbench.bc	400.perlbench.bc	min-pred-succ	Perl_pp_ftrexec	1	0	0	1.002653	208	1
benchmarks/spec2006/400.perlbench.bc	400.perlbench.bc	min-pred-succ	Perl_pp_fteread	1	0	0	1.002494	204	1
benchmarks/spec2006/400.perlbench.bc	400.perlbench.bc	min-pred-succ	Perl_pp_ftewrite	1	0	0	1.002967	236	1
benchmarks/spec2006/400.perlbench.bc	400.perlbench.bc	min-pred-succ	Perl_pp_fteexec	1	0	0	1.014619	204	1
benchmarks/spec2006/400.perlbench.bc	400.perlbench.bc	min-pred-succ	Perl_pp_ftis	1	0	0	1.003142	184	1
benchmarks/spec2006/400.perlbench.bc	400.perlbench.bc	min-pred-succ	Perl_pp_fteowned	1	0	0	1.002417	200	1
benchmarks/spec2006/400.perlbench.bc	400.perlbench.bc	min-pred-succ	Perl_pp_ftrowned	1	0	0	1.002414	204	1
benchmarks/spec2006/400.perlbench.bc	400.perlbench.bc	min-pred-succ	Perl_pp_ftzero	1	0	0	1.002375	208	1
benchmarks/spec2006/400.perlbench.bc	400.perlbench.bc	min-pred-succ	Perl_pp_ftsize	1	0	0	1.002943	204	1
benchmarks/spec2006/400.perlbench.bc	400.perlbench.bc	min-pred-succ	Perl_pp_ftmtime	1	0	0	1.003016	192	1
benchmarks/spec2006/400.perlbench.bc	400.perlbench.bc	min-pred-succ	Perl_pp_ftatime	1	0	0	1.002505	232	1
benchmarks/spec2006/400.perlbench.bc	400.perlbench.bc	min-pred-succ	Perl_pp_ftctime	1	0	0	1.002538	236	1
benchmarks/spec2006/400.perlbench.bc	400.perlbench.bc	min-pred-succ	Perl_pp_ftsock	1	0	0	1.002586	192	1
benchmarks/spec2006/400.perlbench.bc	400.perlbench.bc	min-pred-succ	Perl_pp_ftchr	1	0	0	1.002619	232	1
benchmarks/spec2006/400.perlbench.bc	400.perlbench.bc	min-pred-succ	Perl_pp_ftblk	1	0	0	1.003199	204	1
benchmarks/spec2006/400.perlbench.bc	400.perlbench.bc	min-pred-succ	Perl_pp_ftfile	1	0	0	1.003263	200	1
benchmarks/spec2006/400.perlbench.bc	400.perlbench.bc	min-pred-succ	Perl_pp_ftdir	1	0	0	1.002611	204	1
benchmarks/spec2006/400.perlbench.bc	400.perlbench.bc	min-pred-succ	Perl_pp_ftpipe	1	0	0	1.001861	208	1
benchmarks/spec2006/400.perlbench.bc	400.perlbench.bc	min-pred-succ	Perl_pp_ftlink	1	0	0	1.002416	232	1
benchmarks/spec2006/400.perlbench.bc	400.perlbench.bc	min-pred-succ	Perl_pp_ftsuid	1	0	0	1.002422	204	1
benchmarks/spec2006/400.perlbench.bc	400.perlbench.bc	min-pred-succ	Perl_pp_ftsgid	1	0	0	1.002413	192	1
benchmarks/spec2006/400.perlbench.bc	400.perlbench.bc	min-pred-succ	Perl_pp_ftsvtx	1	0	0	1.002872	100	1
benchmarks/spec2006/400.perlbench.bc	400.perlbench.bc	min-pred-succ	Perl_pp_fttty	1	0	0	1.002752	208	1
benchmarks/spec2006/400.perlbench.bc	400.perlbench.bc	min-pred-succ	Perl_pp_fttext	1	0	0	22.032617	164764	1
benchmarks/spec2006/400.perlbench.bc	400.perlbench.bc	min-pred-succ	Perl_pp_ftbinary	1	0	0	1.004227	5132	1
benchmarks/spec2006/400.perlbench.bc	400.perlbench.bc	min-pred-succ	Perl_pp_chdir	1	0	0	1.002844	204	1
benchmarks/spec2006/400.perlbench.bc	400.perlbench.bc	min-pred-succ	Perl_pp_chown	1	0	0	1.002402	180	1
benchmarks/spec2006/400.perlbench.bc	400.perlbench.bc	min-pred-succ	Perl_pp_chroot	1	0	0	1.002686	204	1
benchmarks/spec2006/400.perlbench.bc	400.perlbench.bc	min-pred-succ	Perl_pp_unlink	1	0	0	1.002587	192	1
benchmarks/spec2006/400.perlbench.bc	400.perlbench.bc	min-pred-succ	Perl_pp_chmod	1	0	0	1.002637	204	1
benchmarks/spec2006/400.perlbench.bc	400.perlbench.bc	min-pred-succ	Perl_pp_utime	1	0	0	1.002486	180	1
benchmarks/spec2006/400.perlbench.bc	400.perlbench.bc	min-pred-succ	Perl_pp_rename	1	0	0	1.002424	236	1
benchmarks/spec2006/400.perlbench.bc	400.perlbench.bc	min-pred-succ	Perl_pp_link	1	0	0	1.002383	188	1
benchmarks/spec2006/400.perlbench.bc	400.perlbench.bc	min-pred-succ	Perl_pp_symlink	1	0	0	1.002596	204	1
benchmarks/spec2006/400.perlbench.bc	400.perlbench.bc	min-pred-succ	Perl_pp_readlink	1	0	0	1.002516	204	1
benchmarks/spec2006/400.perlbench.bc	400.perlbench.bc	min-pred-succ	Perl_pp_mkdir	1	0	0	1.002582	208	1
benchmarks/spec2006/400.perlbench.bc	400.perlbench.bc	min-pred-succ	Perl_pp_rmdir	1	0	0	1.002537	196	1
benchmarks/spec2006/400.perlbench.bc	400.perlbench.bc	min-pred-succ	Perl_pp_open_dir	1	0	0	1.002585	196	1
benchmarks/spec2006/400.perlbench.bc	400.perlbench.bc	min-pred-succ	Perl_pp_readdir	1	0	0	1.002775	176	1
benchmarks/spec2006/400.perlbench.bc	400.perlbench.bc	min-pred-succ	Perl_pp_telldir	1	0	0	1.002433	168	1
benchmarks/spec2006/400.perlbench.bc	400.perlbench.bc	min-pred-succ	Perl_pp_seekdir	1	0	0	1.002494	184	1
benchmarks/spec2006/400.perlbench.bc	400.perlbench.bc	min-pred-succ	Perl_pp_rewinddir	1	0	0	1.002849	184	1
benchmarks/spec2006/400.perlbench.bc	400.perlbench.bc	min-pred-succ	Perl_pp_closedir	1	0	0	1.002832	128	1
benchmarks/spec2006/400.perlbench.bc	400.perlbench.bc	min-pred-succ	Perl_pp_fork	1	0	0	1.003524	232	1
benchmarks/spec2006/400.perlbench.bc	400.perlbench.bc	min-pred-succ	Perl_pp_wait	1	0	0	1.002448	204	1
benchmarks/spec2006/400.perlbench.bc	400.perlbench.bc	min-pred-succ	Perl_pp_waitpid	1	0	0	1.002542	196	1
benchmarks/spec2006/400.perlbench.bc	400.perlbench.bc	min-pred-succ	Perl_pp_system	1	0	0	1.002338	12	1
benchmarks/spec2006/400.perlbench.bc	400.perlbench.bc	min-pred-succ	Perl_pp_exec	1	0	0	1.002583	192	1
benchmarks/spec2006/400.perlbench.bc	400.perlbench.bc	min-pred-succ	Perl_pp_kill	1	0	0	1.003530	208	1
benchmarks/spec2006/400.perlbench.bc	400.perlbench.bc	min-pred-succ	Perl_pp_getppid	1	0	0	1.003031	200	1
benchmarks/spec2006/400.perlbench.bc	400.perlbench.bc	min-pred-succ	Perl_pp_getpgrp	1	0	0	1.003007	208	1
benchmarks/spec2006/400.perlbench.bc	400.perlbench.bc	min-pred-succ	Perl_pp_setpgrp	1	0	0	1.002503	200	1
benchmarks/spec2006/400.perlbench.bc	400.perlbench.bc	min-pred-succ	Perl_pp_getpriority	1	0	0	1.002893	232	1
benchmarks/spec2006/400.perlbench.bc	400.perlbench.bc	min-pred-succ	Perl_pp_setpriority	1	0	0	1.002775	200	1
benchmarks/spec2006/400.perlbench.bc	400.perlbench.bc	min-pred-succ	Perl_pp_time	1	0	0	1.002451	208	1
benchmarks/spec2006/400.perlbench.bc	400.perlbench.bc	min-pred-succ	Perl_pp_tms	1	0	0	1.003199	200	1
benchmarks/spec2006/400.perlbench.bc	400.perlbench.bc	min-pred-succ	Perl_pp_localtime	1	0	0	1.002367	180	1
benchmarks/spec2006/400.perlbench.bc	400.perlbench.bc	min-pred-succ	Perl_pp_gmtime	1	0	0	1.002367	204	1
benchmarks/spec2006/400.perlbench.bc	400.perlbench.bc	min-pred-succ	Perl_pp_alarm	1	0	0	1.002479	196	1
benchmarks/spec2006/400.perlbench.bc	400.perlbench.bc	min-pred-succ	Perl_pp_sleep	1	0	0	1.002304	144	1
benchmarks/spec2006/400.perlbench.bc	400.perlbench.bc	min-pred-succ	Perl_pp_shmget	1	0	0	1.002428	208	1
benchmarks/spec2006/400.perlbench.bc	400.perlbench.bc	min-pred-succ	Perl_pp_semget	1	0	0	1.002730	236	1
benchmarks/spec2006/400.perlbench.bc	400.perlbench.bc	min-pred-succ	Perl_pp_shmctl	1	0	0	1.003118	204	1
benchmarks/spec2006/400.perlbench.bc	400.perlbench.bc	min-pred-succ	Perl_pp_semctl	1	0	0	1.002544	236	1
benchmarks/spec2006/400.perlbench.bc	400.perlbench.bc	min-pred-succ	Perl_pp_shmread	1	0	0	1.002585	192	1
benchmarks/spec2006/400.perlbench.bc	400.perlbench.bc	min-pred-succ	Perl_pp_shmwrite	1	0	0	1.002851	204	1
benchmarks/spec2006/400.perlbench.bc	400.perlbench.bc	min-pred-succ	Perl_pp_msgget	1	0	0	1.002788	204	1
benchmarks/spec2006/400.perlbench.bc	400.perlbench.bc	min-pred-succ	Perl_pp_msgctl	1	0	0	1.003213	180	1
benchmarks/spec2006/400.perlbench.bc	400.perlbench.bc	min-pred-succ	Perl_pp_msgsnd	1	0	0	1.002901	232	1
benchmarks/spec2006/400.perlbench.bc	400.perlbench.bc	min-pred-succ	Perl_pp_msgrcv	1	0	0	1.002583	192	1
benchmarks/spec2006/400.perlbench.bc	400.perlbench.bc	min-pred-succ	Perl_pp_semop	1	0	0	1.002763	196	1
benchmarks/spec2006/400.perlbench.bc	400.perlbench.bc	min-pred-succ	Perl_pp_ghbyname	1	0	0	1.002663	184	1
benchmarks/spec2006/400.perlbench.bc	400.perlbench.bc	min-pred-succ	Perl_pp_ghbyaddr	1	0	0	1.002715	236	1
benchmarks/spec2006/400.perlbench.bc	400.perlbench.bc	min-pred-succ	Perl_pp_ghostent	1	0	0	1.002692	208	1
benchmarks/spec2006/400.perlbench.bc	400.perlbench.bc	min-pred-succ	Perl_pp_gnbyname	1	0	0	1.002768	140	1
benchmarks/spec2006/400.perlbench.bc	400.perlbench.bc	min-pred-succ	Perl_pp_gnbyaddr	1	0	0	1.003120	204	1
benchmarks/spec2006/400.perlbench.bc	400.perlbench.bc	min-pred-succ	Perl_pp_gnetent	1	0	0	1.002597	208	1
benchmarks/spec2006/400.perlbench.bc	400.perlbench.bc	min-pred-succ	Perl_pp_gpbyname	1	0	0	1.002633	160	1
benchmarks/spec2006/400.perlbench.bc	400.perlbench.bc	min-pred-succ	Perl_pp_gpbynumber	1	0	0	1.002484	204	1
benchmarks/spec2006/400.perlbench.bc	400.perlbench.bc	min-pred-succ	Perl_pp_gprotoent	1	0	0	1.002711	96	1
benchmarks/spec2006/400.perlbench.bc	400.perlbench.bc	min-pred-succ	Perl_pp_gsbyname	1	0	0	1.002702	144	1
benchmarks/spec2006/400.perlbench.bc	400.perlbench.bc	min-pred-succ	Perl_pp_gsbyport	1	0	0	1.002573	200	1
benchmarks/spec2006/400.perlbench.bc	400.perlbench.bc	min-pred-succ	Perl_pp_gservent	1	0	0	1.002852	204	1
benchmarks/spec2006/400.perlbench.bc	400.perlbench.bc	min-pred-succ	Perl_pp_shostent	1	0	0	1.002458	140	1
benchmarks/spec2006/400.perlbench.bc	400.perlbench.bc	min-pred-succ	Perl_pp_snetent	1	0	0	1.002488	236	1
benchmarks/spec2006/400.perlbench.bc	400.perlbench.bc	min-pred-succ	Perl_pp_sprotoent	1	0	0	1.002543	204	1
benchmarks/spec2006/400.perlbench.bc	400.perlbench.bc	min-pred-succ	Perl_pp_sservent	1	0	0	1.002534	200	1
benchmarks/spec2006/400.perlbench.bc	400.perlbench.bc	min-pred-succ	Perl_pp_ehostent	1	0	0	1.003931	232	1
benchmarks/spec2006/400.perlbench.bc	400.perlbench.bc	min-pred-succ	Perl_pp_enetent	1	0	0	1.003184	184	1
benchmarks/spec2006/400.perlbench.bc	400.perlbench.bc	min-pred-succ	Perl_pp_eprotoent	1	0	0	1.002390	208	1
benchmarks/spec2006/400.perlbench.bc	400.perlbench.bc	min-pred-succ	Perl_pp_eservent	1	0	0	1.002535	204	1
benchmarks/spec2006/400.perlbench.bc	400.perlbench.bc	min-pred-succ	Perl_pp_gpwnam	1	0	0	1.002339	176	1
benchmarks/spec2006/400.perlbench.bc	400.perlbench.bc	min-pred-succ	Perl_pp_gpwuid	1	0	0	1.002391	208	1
benchmarks/spec2006/400.perlbench.bc	400.perlbench.bc	min-pred-succ	Perl_pp_gpwent	1	0	0	1.002327	200	1
benchmarks/spec2006/400.perlbench.bc	400.perlbench.bc	min-pred-succ	Perl_pp_spwent	1	0	0	1.002510	200	1
benchmarks/spec2006/400.perlbench.bc	400.perlbench.bc	min-pred-succ	Perl_pp_epwent	1	0	0	1.002488	204	1
benchmarks/spec2006/400.perlbench.bc	400.perlbench.bc	min-pred-succ	Perl_pp_ggrnam	1	0	0	1.005263	196	1
benchmarks/spec2006/400.perlbench.bc	400.perlbench.bc	min-pred-succ	Perl_pp_ggrgid	1	0	0	1.002985	176	1
benchmarks/spec2006/400.perlbench.bc	400.perlbench.bc	min-pred-succ	Perl_pp_ggrent	1	0	0	1.002414	88	1
benchmarks/spec2006/400.perlbench.bc	400.perlbench.bc	min-pred-succ	Perl_pp_sgrent	1	0	0	1.002412	200	1
benchmarks/spec2006/400.perlbench.bc	400.perlbench.bc	min-pred-succ	Perl_pp_egrent	1	0	0	1.003217	204	1
benchmarks/spec2006/400.perlbench.bc	400.perlbench.bc	min-pred-succ	Perl_pp_getlogin	1	0	0	1.002398	192	1
benchmarks/spec2006/400.perlbench.bc	400.perlbench.bc	min-pred-succ	Perl_pp_syscall	1	0	0	1.003026	408	1
benchmarks/spec2006/400.perlbench.bc	400.perlbench.bc	min-pred-succ	Perl_reginitcolors	1	0	0	1.002325	200	1
benchmarks/spec2006/400.perlbench.bc	400.perlbench.bc	min-pred-succ	Perl_pregcomp	1	-9	1	185.285410	370344	0
benchmarks/spec2006/400.perlbench.bc	400.perlbench.bc	min-pred-succ	clear_re	1	0	0	1.002669	204	1
benchmarks/spec2006/400.perlbench.bc	400.perlbench.bc	min-pred-succ	S_reg	1	-9	1	185.290753	499976	0
benchmarks/spec2006/400.perlbench.bc	400.perlbench.bc	min-pred-succ	Perl_regnext	1	0	0	1.003414	204	1
benchmarks/spec2006/400.perlbench.bc	400.perlbench.bc	min-pred-succ	S_cl_init	1	0	0	1.003108	204	1
benchmarks/spec2006/400.perlbench.bc	400.perlbench.bc	min-pred-succ	S_study_chunk	1	-9	1	185.291872	389096	0
benchmarks/spec2006/400.perlbench.bc	400.perlbench.bc	min-pred-succ	S_scan_commit	1	0	0	1.002511	236	1
benchmarks/spec2006/400.perlbench.bc	400.perlbench.bc	min-pred-succ	S_cl_is_anything	1	0	0	1.002716	200	1
benchmarks/spec2006/400.perlbench.bc	400.perlbench.bc	min-pred-succ	S_add_data	1	0	0	1.003764	980	1
benchmarks/spec2006/400.perlbench.bc	400.perlbench.bc	min-pred-succ	S_cl_init_zero	1	0	0	1.002501	144	1
benchmarks/spec2006/400.perlbench.bc	400.perlbench.bc	min-pred-succ	S_cl_or	1	0	0	1.002720	236	1
benchmarks/spec2006/400.perlbench.bc	400.perlbench.bc	min-pred-succ	S_cl_and	1	0	0	1.002583	204	1
benchmarks/spec2006/400.perlbench.bc	400.perlbench.bc	min-pred-succ	S_cl_anything	1	0	0	1.002703	196	1
benchmarks/spec2006/400.perlbench.bc	400.perlbench.bc	min-pred-succ	S_re_croak2	1	0	0	1.003775	204	1
benchmarks/spec2006/400.perlbench.bc	400.perlbench.bc	min-pred-succ	S_nextchar	1	0	0	1.002724	208	1
benchmarks/spec2006/400.perlbench.bc	400.perlbench.bc	min-pred-succ	Perl_save_re_context	1	0	0	1.003844	2064	1
benchmarks/spec2006/400.perlbench.bc	400.perlbench.bc	min-pred-succ	S_reg_node	1	0	0	1.002474	148	1
benchmarks/spec2006/400.perlbench.bc	400.perlbench.bc	min-pred-succ	S_reganode	1	0	0	1.002902	236	1
benchmarks/spec2006/400.perlbench.bc	400.perlbench.bc	min-pred-succ	S_regtail	1	0	0	1.002695	188	1
benchmarks/spec2006/400.perlbench.bc	400.perlbench.bc	min-pred-succ	S_regbranch	1	0	0	1.002720	200	1
benchmarks/spec2006/400.perlbench.bc	400.perlbench.bc	min-pred-succ	S_reginsert	1	0	0	1.002785	8	1
benchmarks/spec2006/400.perlbench.bc	400.perlbench.bc	min-pred-succ	S_regoptail	1	0	0	1.002714	236	1
benchmarks/spec2006/400.perlbench.bc	400.perlbench.bc	min-pred-succ	S_regpiece	1	-9	1	185.283492	159196	0
benchmarks/spec2006/400.perlbench.bc	400.perlbench.bc	min-pred-succ	S_regatom	1	-9	1	185.286910	287676	0
benchmarks/spec2006/400.perlbench.bc	400.perlbench.bc	min-pred-succ	S_regcurly	1	0	0	1.002388	232	1
benchmarks/spec2006/400.perlbench.bc	400.perlbench.bc	min-pred-succ	S_regclass	1	0	0	1.002718	204	1
benchmarks/spec2006/400.perlbench.bc	400.perlbench.bc	min-pred-succ	S_regwhite	1	0	0	1.002584	240	1
benchmarks/spec2006/400.perlbench.bc	400.perlbench.bc	min-pred-succ	S_reguni	1	0	0	1.002882	204	1
benchmarks/spec2006/400.perlbench.bc	400.perlbench.bc	min-pred-succ	S_checkposixcc	1	0	0	1.002569	196	1
benchmarks/spec2006/400.perlbench.bc	400.perlbench.bc	min-pred-succ	S_regpposixcc	1	0	0	1.002693	240	1
benchmarks/spec2006/400.perlbench.bc	400.perlbench.bc	min-pred-succ	Perl_regdump	1	0	0	1.002824	204	1
benchmarks/spec2006/400.perlbench.bc	400.perlbench.bc	min-pred-succ	Perl_regprop	1	0	0	1.002585	200	1
benchmarks/spec2006/400.perlbench.bc	400.perlbench.bc	min-pred-succ	Perl_re_intuit_string	1	0	0	1.003016	204	1
benchmarks/spec2006/400.perlbench.bc	400.perlbench.bc	min-pred-succ	Perl_pregfree	1	0	0	1.002533	204	1
benchmarks/spec2006/400.perlbench.bc	400.perlbench.bc	min-pred-succ	Perl_pregexec	1	0	0	1.002798	184	1
benchmarks/spec2006/400.perlbench.bc	400.perlbench.bc	min-pred-succ	Perl_regexec_flags	1	-9	1	185.290866	508364	0
benchmarks/spec2006/400.perlbench.bc	400.perlbench.bc	min-pred-succ	S_cache_re	1	0	0	1.002622	228	1
benchmarks/spec2006/400.perlbench.bc	400.perlbench.bc	min-pred-succ	Perl_re_intuit_start	1	-9	1	185.345304	2103096	0
benchmarks/spec2006/400.perlbench.bc	400.perlbench.bc	min-pred-succ	S_regtry	1	0	0	1.002592	180	1
benchmarks/spec2006/400.perlbench.bc	400.perlbench.bc	min-pred-succ	S_reghop3	1	0	0	1.002495	192	1
benchmarks/spec2006/400.perlbench.bc	400.perlbench.bc	min-pred-succ	S_to_utf8_substr	1	0	0	1.002531	236	1
benchmarks/spec2006/400.perlbench.bc	400.perlbench.bc	min-pred-succ	S_to_byte_substr	1	0	0	1.002678	208	1
benchmarks/spec2006/400.perlbench.bc	400.perlbench.bc	min-pred-succ	S_reghop	1	0	0	1.003687	1136	1
benchmarks/spec2006/400.perlbench.bc	400.perlbench.bc	min-pred-succ	S_find_byclass	1	-9	1	185.281355	260568	0
benchmarks/spec2006/400.perlbench.bc	400.perlbench.bc	min-pred-succ	restore_pos	1	0	0	1.002542	180	1
benchmarks/spec2006/400.perlbench.bc	400.perlbench.bc	min-pred-succ	S_reginclass	1	-9	1	185.315942	560636	0
benchmarks/spec2006/400.perlbench.bc	400.perlbench.bc	min-pred-succ	Perl_regclass_swash	1	0	0	1.002571	180	1
benchmarks/spec2006/400.perlbench.bc	400.perlbench.bc	min-pred-succ	S_regmatch	1	-9	1	185.307592	726212	0
benchmarks/spec2006/400.perlbench.bc	400.perlbench.bc	min-pred-succ	S_regcppush	1	0	0	1.002503	204	1
benchmarks/spec2006/400.perlbench.bc	400.perlbench.bc	min-pred-succ	S_regcppop	1	0	0	1.002729	184	1
benchmarks/spec2006/400.perlbench.bc	400.perlbench.bc	min-pred-succ	S_regrepeat_hard	1	0	0	1.002554	200	1
benchmarks/spec2006/400.perlbench.bc	400.perlbench.bc	min-pred-succ	S_regrepeat	1	0	0	1.002475	188	1
benchmarks/spec2006/400.perlbench.bc	400.perlbench.bc	min-pred-succ	S_regcp_set_to	1	0	0	1.002724	192	1
benchmarks/spec2006/400.perlbench.bc	400.perlbench.bc	min-pred-succ	S_reghopmaybe	1	0	0	1.002652	208	1
benchmarks/spec2006/400.perlbench.bc	400.perlbench.bc	min-pred-succ	S_reghopmaybe3	1	0	0	1.002658	184	1
benchmarks/spec2006/400.perlbench.bc	400.perlbench.bc	min-pred-succ	Perl_runops_standard	1	0	0	1.002575	236	1
benchmarks/spec2006/400.perlbench.bc	400.perlbench.bc	min-pred-succ	Perl_stack_grow	1	0	0	1.002676	204	1
benchmarks/spec2006/400.perlbench.bc	400.perlbench.bc	min-pred-succ	Perl_new_stackinfo	1	0	0	1.003256	204	1
benchmarks/spec2006/400.perlbench.bc	400.perlbench.bc	min-pred-succ	Perl_cxinc	1	0	0	1.002779	208	1
benchmarks/spec2006/400.perlbench.bc	400.perlbench.bc	min-pred-succ	Perl_push_return	1	0	0	1.002649	188	1
benchmarks/spec2006/400.perlbench.bc	400.perlbench.bc	min-pred-succ	Perl_pop_return	1	0	0	1.003397	188	1
benchmarks/spec2006/400.perlbench.bc	400.perlbench.bc	min-pred-succ	Perl_push_scope	1	0	0	1.002534	200	1
benchmarks/spec2006/400.perlbench.bc	400.perlbench.bc	min-pred-succ	Perl_pop_scope	1	0	0	1.002810	232	1
benchmarks/spec2006/400.perlbench.bc	400.perlbench.bc	min-pred-succ	Perl_leave_scope	1	0	0	1.002934	208	1
benchmarks/spec2006/400.perlbench.bc	400.perlbench.bc	min-pred-succ	Perl_markstack_grow	1	0	0	1.003180	204	1
benchmarks/spec2006/400.perlbench.bc	400.perlbench.bc	min-pred-succ	Perl_savestack_grow	1	0	0	1.002870	196	1
benchmarks/spec2006/400.perlbench.bc	400.perlbench.bc	min-pred-succ	Perl_savestack_grow_cnt	1	0	0	1.002698	192	1
benchmarks/spec2006/400.perlbench.bc	400.perlbench.bc	min-pred-succ	Perl_tmps_grow	1	0	0	1.002794	208	1
benchmarks/spec2006/400.perlbench.bc	400.perlbench.bc	min-pred-succ	Perl_free_tmps	1	0	0	1.002765	204	1
benchmarks/spec2006/400.perlbench.bc	400.perlbench.bc	min-pred-succ	Perl_save_scalar	1	0	0	1.002527	204	1
benchmarks/spec2006/400.perlbench.bc	400.perlbench.bc	min-pred-succ	S_save_scalar_at	1	0	0	1.001980	192	1
benchmarks/spec2006/400.perlbench.bc	400.perlbench.bc	min-pred-succ	Perl_save_sptr	1	0	0	1.002859	208	1
benchmarks/spec2006/400.perlbench.bc	400.perlbench.bc	min-pred-succ	Perl_save_svref	1	0	0	1.002950	240	1
benchmarks/spec2006/400.perlbench.bc	400.perlbench.bc	min-pred-succ	Perl_save_generic_svref	1	0	0	1.002899	204	1
benchmarks/spec2006/400.perlbench.bc	400.perlbench.bc	min-pred-succ	Perl_save_generic_pvref	1	0	0	1.002691	200	1
benchmarks/spec2006/400.perlbench.bc	400.perlbench.bc	min-pred-succ	Perl_save_shared_pvref	1	0	0	1.002444	196	1
benchmarks/spec2006/400.perlbench.bc	400.perlbench.bc	min-pred-succ	Perl_save_gp	1	0	0	1.002489	180	1
benchmarks/spec2006/400.perlbench.bc	400.perlbench.bc	min-pred-succ	Perl_save_ary	1	0	0	1.002596	176	1
benchmarks/spec2006/400.perlbench.bc	400.perlbench.bc	min-pred-succ	Perl_save_hash	1	0	0	1.001806	236	1
benchmarks/spec2006/400.perlbench.bc	400.perlbench.bc	min-pred-succ	Perl_save_item	1	0	0	1.002416	204	1
benchmarks/spec2006/400.perlbench.bc	400.perlbench.bc	min-pred-succ	Perl_save_int	1	0	0	1.002494	204	1
benchmarks/spec2006/400.perlbench.bc	400.perlbench.bc	min-pred-succ	Perl_save_long	1	0	0	1.002624	204	1
benchmarks/spec2006/400.perlbench.bc	400.perlbench.bc	min-pred-succ	Perl_save_bool	1	0	0	1.002826	236	1
benchmarks/spec2006/400.perlbench.bc	400.perlbench.bc	min-pred-succ	Perl_save_I32	1	0	0	1.003149	232	1
benchmarks/spec2006/400.perlbench.bc	400.perlbench.bc	min-pred-succ	Perl_save_I16	1	0	0	1.002602	200	1
benchmarks/spec2006/400.perlbench.bc	400.perlbench.bc	min-pred-succ	Perl_save_I8	1	0	0	1.002465	140	1
benchmarks/spec2006/400.perlbench.bc	400.perlbench.bc	min-pred-succ	Perl_save_iv	1	0	0	1.002947	208	1
benchmarks/spec2006/400.perlbench.bc	400.perlbench.bc	min-pred-succ	Perl_save_pptr	1	0	0	1.002601	180	1
benchmarks/spec2006/400.perlbench.bc	400.perlbench.bc	min-pred-succ	Perl_save_vptr	1	0	0	1.002723	240	1
benchmarks/spec2006/400.perlbench.bc	400.perlbench.bc	min-pred-succ	Perl_save_padsv	1	0	0	1.002437	200	1
benchmarks/spec2006/400.perlbench.bc	400.perlbench.bc	min-pred-succ	Perl_save_threadsv	1	0	0	1.002658	192	1
benchmarks/spec2006/400.perlbench.bc	400.perlbench.bc	min-pred-succ	Perl_save_nogv	1	0	0	1.002626	200	1
benchmarks/spec2006/400.perlbench.bc	400.perlbench.bc	min-pred-succ	Perl_save_hptr	1	0	0	1.002628	204	1
benchmarks/spec2006/400.perlbench.bc	400.perlbench.bc	min-pred-succ	Perl_save_aptr	1	0	0	1.002525	208	1
benchmarks/spec2006/400.perlbench.bc	400.perlbench.bc	min-pred-succ	Perl_save_freesv	1	0	0	1.002492	200	1
benchmarks/spec2006/400.perlbench.bc	400.perlbench.bc	min-pred-succ	Perl_save_mortalizesv	1	0	0	1.002727	208	1
benchmarks/spec2006/400.perlbench.bc	400.perlbench.bc	min-pred-succ	Perl_save_freeop	1	0	0	1.002552	208	1
benchmarks/spec2006/400.perlbench.bc	400.perlbench.bc	min-pred-succ	Perl_save_freepv	1	0	0	1.002583	240	1
benchmarks/spec2006/400.perlbench.bc	400.perlbench.bc	min-pred-succ	Perl_save_clearsv	1	0	0	1.002955	204	1
benchmarks/spec2006/400.perlbench.bc	400.perlbench.bc	min-pred-succ	Perl_save_delete	1	0	0	1.002686	200	1
benchmarks/spec2006/400.perlbench.bc	400.perlbench.bc	min-pred-succ	Perl_save_list	1	0	0	1.002469	192	1
benchmarks/spec2006/400.perlbench.bc	400.perlbench.bc	min-pred-succ	Perl_save_destructor	1	0	0	1.002570	88	1
benchmarks/spec2006/400.perlbench.bc	400.perlbench.bc	min-pred-succ	Perl_save_destructor_x	1	0	0	1.002616	196	1
benchmarks/spec2006/400.perlbench.bc	400.perlbench.bc	min-pred-succ	Perl_save_aelem	1	0	0	1.002788	204	1
benchmarks/spec2006/400.perlbench.bc	400.perlbench.bc	min-pred-succ	Perl_save_helem	1	0	0	1.002616	200	1
benchmarks/spec2006/400.perlbench.bc	400.perlbench.bc	min-pred-succ	Perl_save_op	1	0	0	1.002627	204	1
benchmarks/spec2006/400.perlbench.bc	400.perlbench.bc	min-pred-succ	Perl_save_alloc	1	0	0	1.003175	176	1
benchmarks/spec2006/400.perlbench.bc	400.perlbench.bc	min-pred-succ	Perl_cx_dump	1	0	0	1.002694	204	1
benchmarks/spec2006/400.perlbench.bc	400.perlbench.bc	min-pred-succ	Perl_sv_add_arena	1	0	0	1.002494	204	1
benchmarks/spec2006/400.perlbench.bc	400.perlbench.bc	min-pred-succ	Perl_sv_report_used	1	0	0	1.002399	196	1
benchmarks/spec2006/400.perlbench.bc	400.perlbench.bc	min-pred-succ	Perl_sv_clean_objs	1	0	0	1.002460	168	1
benchmarks/spec2006/400.perlbench.bc	400.perlbench.bc	min-pred-succ	do_clean_objs	1	0	0	1.002916	208	1
benchmarks/spec2006/400.perlbench.bc	400.perlbench.bc	min-pred-succ	S_visit	1	0	0	1.001728	184	1
benchmarks/spec2006/400.perlbench.bc	400.perlbench.bc	min-pred-succ	do_clean_named_objs	1	0	0	1.002720	232	1
benchmarks/spec2006/400.perlbench.bc	400.perlbench.bc	min-pred-succ	Perl_sv_free	1	0	0	1.002459	208	1
benchmarks/spec2006/400.perlbench.bc	400.perlbench.bc	min-pred-succ	Perl_sv_clear	1	0	0	2.003753	118560	1
benchmarks/spec2006/400.perlbench.bc	400.perlbench.bc	min-pred-succ	Perl_newRV	1	0	0	1.002594	196	1
benchmarks/spec2006/400.perlbench.bc	400.perlbench.bc	min-pred-succ	Perl_sv_backoff	1	0	0	1.002752	184	1
benchmarks/spec2006/400.perlbench.bc	400.perlbench.bc	min-pred-succ	S_sv_del_backref	1	0	0	1.002691	184	1
benchmarks/spec2006/400.perlbench.bc	400.perlbench.bc	min-pred-succ	S_del_xiv	1	0	0	1.004653	204	1
benchmarks/spec2006/400.perlbench.bc	400.perlbench.bc	min-pred-succ	S_del_xnv	1	0	0	1.001806	204	1
benchmarks/spec2006/400.perlbench.bc	400.perlbench.bc	min-pred-succ	S_del_xrv	1	0	0	1.002753	188	1
benchmarks/spec2006/400.perlbench.bc	400.perlbench.bc	min-pred-succ	S_del_xpv	1	0	0	1.002363	104	1
benchmarks/spec2006/400.perlbench.bc	400.perlbench.bc	min-pred-succ	S_del_xpviv	1	0	0	1.002518	196	1
benchmarks/spec2006/400.perlbench.bc	400.perlbench.bc	min-pred-succ	S_del_xpvnv	1	0	0	1.002644	204	1
benchmarks/spec2006/400.perlbench.bc	400.perlbench.bc	min-pred-succ	S_del_xpvmg	1	0	0	1.002798	204	1
benchmarks/spec2006/400.perlbench.bc	400.perlbench.bc	min-pred-succ	S_del_xpvlv	1	0	0	1.002560	208	1
benchmarks/spec2006/400.perlbench.bc	400.perlbench.bc	min-pred-succ	S_del_xpvav	1	0	0	1.002561	232	1
benchmarks/spec2006/400.perlbench.bc	400.perlbench.bc	min-pred-succ	S_del_xpvhv	1	0	0	1.002494	204	1
benchmarks/spec2006/400.perlbench.bc	400.perlbench.bc	min-pred-succ	S_del_xpvcv	1	0	0	1.004484	1248	1
benchmarks/spec2006/400.perlbench.bc	400.perlbench.bc	min-pred-succ	S_del_xpvbm	1	0	0	1.003103	184	1
benchmarks/spec2006/400.perlbench.bc	400.perlbench.bc	min-pred-succ	Perl_newRV_noinc	1	0	0	1.002592	196	1
benchmarks/spec2006/400.perlbench.bc	400.perlbench.bc	min-pred-succ	S_more_sv	1	0	0	1.002580	232	1
benchmarks/spec2006/400.perlbench.bc	400.perlbench.bc	min-pred-succ	Perl_sv_upgrade	1	0	0	1.002703	192	1
benchmarks/spec2006/400.perlbench.bc	400.perlbench.bc	min-pred-succ	Perl_sv_force_normal	1	0	0	1.002662	188	1
benchmarks/spec2006/400.perlbench.bc	400.perlbench.bc	min-pred-succ	S_new_xiv	1	0	0	1.002733	204	1
benchmarks/spec2006/400.perlbench.bc	400.perlbench.bc	min-pred-succ	S_new_xnv	1	0	0	1.002719	204	1
benchmarks/spec2006/400.perlbench.bc	400.perlbench.bc	min-pred-succ	S_new_xrv	1	0	0	1.003025	236	1
benchmarks/spec2006/400.perlbench.bc	400.perlbench.bc	min-pred-succ	S_new_xpv	1	0	0	1.002870	204	1
benchmarks/spec2006/400.perlbench.bc	400.perlbench.bc	min-pred-succ	S_new_xpviv	1	0	0	1.002514	224	1
benchmarks/spec2006/400.perlbench.bc	400.perlbench.bc	min-pred-succ	S_new_xpvnv	1	0	0	1.002928	204	1
benchmarks/spec2006/400.perlbench.bc	400.perlbench.bc	min-pred-succ	S_new_xpvmg	1	0	0	1.002705	208	1
benchmarks/spec2006/400.perlbench.bc	400.perlbench.bc	min-pred-succ	S_new_xpvlv	1	0	0	1.002960	208	1
benchmarks/spec2006/400.perlbench.bc	400.perlbench.bc	min-pred-succ	S_new_xpvav	1	0	0	1.003219	716	1
benchmarks/spec2006/400.perlbench.bc	400.perlbench.bc	min-pred-succ	S_new_xpvhv	1	0	0	1.002533	196	1
benchmarks/spec2006/400.perlbench.bc	400.perlbench.bc	min-pred-succ	S_new_xpvcv	1	0	0	1.002574	208	1
benchmarks/spec2006/400.perlbench.bc	400.perlbench.bc	min-pred-succ	S_new_xpvbm	1	0	0	1.002989	236	1
benchmarks/spec2006/400.perlbench.bc	400.perlbench.bc	min-pred-succ	S_more_xpvbm	1	0	0	1.002776	196	1
benchmarks/spec2006/400.perlbench.bc	400.perlbench.bc	min-pred-succ	S_more_xpvcv	1	0	0	1.003943	100	1
benchmarks/spec2006/400.perlbench.bc	400.perlbench.bc	min-pred-succ	S_more_xpvhv	1	0	0	1.003579	188	1
benchmarks/spec2006/400.perlbench.bc	400.perlbench.bc	min-pred-succ	S_more_xpvav	1	0	0	1.004852	8	1
benchmarks/spec2006/400.perlbench.bc	400.perlbench.bc	min-pred-succ	S_more_xpvlv	1	0	0	1.006811	196	1
benchmarks/spec2006/400.perlbench.bc	400.perlbench.bc	min-pred-succ	S_more_xpvmg	1	0	0	1.003970	196	1
benchmarks/spec2006/400.perlbench.bc	400.perlbench.bc	min-pred-succ	S_more_xpvnv	1	0	0	1.003028	208	1
benchmarks/spec2006/400.perlbench.bc	400.perlbench.bc	min-pred-succ	S_more_xpviv	1	0	0	1.003223	180	1
benchmarks/spec2006/400.perlbench.bc	400.perlbench.bc	min-pred-succ	S_more_xpv	1	0	0	1.003140	184	1
benchmarks/spec2006/400.perlbench.bc	400.perlbench.bc	min-pred-succ	S_more_xrv	1	0	0	1.003741	184	1
benchmarks/spec2006/400.perlbench.bc	400.perlbench.bc	min-pred-succ	S_more_xnv	1	0	0	1.004392	4	1
benchmarks/spec2006/400.perlbench.bc	400.perlbench.bc	min-pred-succ	S_more_xiv	1	0	0	1.003351	200	1
benchmarks/spec2006/400.perlbench.bc	400.perlbench.bc	min-pred-succ	Perl_sv_force_normal_flags	1	0	0	1.003788	204	1
benchmarks/spec2006/400.perlbench.bc	400.perlbench.bc	min-pred-succ	Perl_sv_grow	1	0	0	1.003002	204	1
benchmarks/spec2006/400.perlbench.bc	400.perlbench.bc	min-pred-succ	Perl_sv_unref_flags	1	0	0	1.003892	188	1
benchmarks/spec2006/400.perlbench.bc	400.perlbench.bc	min-pred-succ	S_sv_unglob	1	0	0	1.005055	204	1
benchmarks/spec2006/400.perlbench.bc	400.perlbench.bc	min-pred-succ	Perl_sv_unmagic	1	0	0	1.004536	204	1
benchmarks/spec2006/400.perlbench.bc	400.perlbench.bc	min-pred-succ	Perl_sv_2mortal	1	0	0	1.005611	200	1
benchmarks/spec2006/400.perlbench.bc	400.perlbench.bc	min-pred-succ	Perl_sv_unref	1	0	0	1.005217	1720	1
benchmarks/spec2006/400.perlbench.bc	400.perlbench.bc	min-pred-succ	Perl_sv_clean_all	1	0	0	1.005128	204	1
benchmarks/spec2006/400.perlbench.bc	400.perlbench.bc	min-pred-succ	do_clean_all	1	0	0	1.004261	192	1
benchmarks/spec2006/400.perlbench.bc	400.perlbench.bc	min-pred-succ	Perl_sv_free_arenas	1	0	0	1.005272	432	1
benchmarks/spec2006/400.perlbench.bc	400.perlbench.bc	min-pred-succ	Perl_report_uninit	1	0	0	1.003346	176	1
benchmarks/spec2006/400.perlbench.bc	400.perlbench.bc	min-pred-succ	Perl_sv_setiv	1	0	0	1.003598	204	1
benchmarks/spec2006/400.perlbench.bc	400.perlbench.bc	min-pred-succ	Perl_sv_reftype	1	0	0	1.005188	204	1
benchmarks/spec2006/400.perlbench.bc	400.perlbench.bc	min-pred-succ	Perl_sv_taint	1	0	0	1.003072	196	1
benchmarks/spec2006/400.perlbench.bc	400.perlbench.bc	min-pred-succ	Perl_sv_magic	1	0	0	1.002811	204	1
benchmarks/spec2006/400.perlbench.bc	400.perlbench.bc	min-pred-succ	Perl_sv_magicext	1	0	0	1.002574	196	1
benchmarks/spec2006/400.perlbench.bc	400.perlbench.bc	min-pred-succ	Perl_sv_rvweaken	1	0	0	1.002762	204	1
benchmarks/spec2006/400.perlbench.bc	400.perlbench.bc	min-pred-succ	S_sv_add_backref	1	0	0	1.002639	192	1
benchmarks/spec2006/400.perlbench.bc	400.perlbench.bc	min-pred-succ	Perl_sv_setiv_mg	1	0	0	1.002880	236	1
benchmarks/spec2006/400.perlbench.bc	400.perlbench.bc	min-pred-succ	Perl_sv_setuv	1	0	0	1.003062	204	1
benchmarks/spec2006/400.perlbench.bc	400.perlbench.bc	min-pred-succ	Perl_sv_setuv_mg	1	0	0	1.002438	204	1
benchmarks/spec2006/400.perlbench.bc	400.perlbench.bc	min-pred-succ	Perl_sv_setnv	1	0	0	1.002733	176	1
benchmarks/spec2006/400.perlbench.bc	400.perlbench.bc	min-pred-succ	Perl_sv_setnv_mg	1	0	0	1.002802	204	1
benchmarks/spec2006/400.perlbench.bc	400.perlbench.bc	min-pred-succ	Perl_looks_like_number	1	0	0	1.002495	240	1
benchmarks/spec2006/400.perlbench.bc	400.perlbench.bc	min-pred-succ	Perl_sv_2pv_flags	1	0	0	15.023958	182068	1
benchmarks/spec2006/400.perlbench.bc	400.perlbench.bc	min-pred-succ	Perl_newSV	1	0	0	1.002836	204	1
benchmarks/spec2006/400.perlbench.bc	400.perlbench.bc	min-pred-succ	Perl_sv_setpvf	1	0	0	1.002473	96	1
benchmarks/spec2006/400.perlbench.bc	400.perlbench.bc	min-pred-succ	uiv_2buf	1	0	0	1.002703	196	1
benchmarks/spec2006/400.perlbench.bc	400.perlbench.bc	min-pred-succ	Perl_newSVpv	1	0	0	1.002654	204	1
benchmarks/spec2006/400.perlbench.bc	400.perlbench.bc	min-pred-succ	Perl_sv_setpvn	1	0	0	1.003263	236	1
benchmarks/spec2006/400.perlbench.bc	400.perlbench.bc	min-pred-succ	Perl_sv_vsetpvf	1	0	0	1.002597	184	1
benchmarks/spec2006/400.perlbench.bc	400.perlbench.bc	min-pred-succ	Perl_sv_vsetpvfn	1	0	0	1.002826	204	1
benchmarks/spec2006/400.perlbench.bc	400.perlbench.bc	min-pred-succ	Perl_sv_vcatpvfn	1	-9	1	185.283066	326892	0
benchmarks/spec2006/400.perlbench.bc	400.perlbench.bc	min-pred-succ	Perl_sv_pvn_force_flags	1	0	0	1.002666	196	1
benchmarks/spec2006/400.perlbench.bc	400.perlbench.bc	min-pred-succ	Perl_sv_catpv	1	0	0	1.002765	176	1
benchmarks/spec2006/400.perlbench.bc	400.perlbench.bc	min-pred-succ	Perl_sv_catsv_flags	1	0	0	1.002576	168	1
benchmarks/spec2006/400.perlbench.bc	400.perlbench.bc	min-pred-succ	Perl_sv_2nv	1	0	0	1.002533	208	1
benchmarks/spec2006/400.perlbench.bc	400.perlbench.bc	min-pred-succ	F0convert	1	0	0	1.002667	204	1
benchmarks/spec2006/400.perlbench.bc	400.perlbench.bc	min-pred-succ	Perl_sv_catpvn_flags	1	0	0	1.003878	196	1
benchmarks/spec2006/400.perlbench.bc	400.perlbench.bc	min-pred-succ	Perl_newSVpvn	1	0	0	1.002643	200	1
benchmarks/spec2006/400.perlbench.bc	400.perlbench.bc	min-pred-succ	Perl_sv_utf8_upgrade_flags	1	0	0	1.002665	204	1
benchmarks/spec2006/400.perlbench.bc	400.perlbench.bc	min-pred-succ	S_expect_number	1	0	0	1.002516	180	1
benchmarks/spec2006/400.perlbench.bc	400.perlbench.bc	min-pred-succ	Perl_sv_2iv	1	0	0	1.002695	204	1
benchmarks/spec2006/400.perlbench.bc	400.perlbench.bc	min-pred-succ	Perl_sv_pos_u2b	1	0	0	1.002630	180	1
benchmarks/spec2006/400.perlbench.bc	400.perlbench.bc	min-pred-succ	Perl_sv_len_utf8	1	0	0	1.003370	208	1
benchmarks/spec2006/400.perlbench.bc	400.perlbench.bc	min-pred-succ	Perl_sv_2uv	1	0	0	1.002526	204	1
benchmarks/spec2006/400.perlbench.bc	400.perlbench.bc	min-pred-succ	Perl_sv_newmortal	1	0	0	1.002809	184	1
benchmarks/spec2006/400.perlbench.bc	400.perlbench.bc	min-pred-succ	Perl_sv_catpvf	1	0	0	1.002606	204	1
benchmarks/spec2006/400.perlbench.bc	400.perlbench.bc	min-pred-succ	Perl_sv_vcatpvf	1	0	0	1.002489	204	1
benchmarks/spec2006/400.perlbench.bc	400.perlbench.bc	min-pred-succ	S_asUV	1	0	0	1.002480	236	1
benchmarks/spec2006/400.perlbench.bc	400.perlbench.bc	min-pred-succ	S_not_a_number	1	0	0	1.002889	240	1
benchmarks/spec2006/400.perlbench.bc	400.perlbench.bc	min-pred-succ	S_sv_2iuv_non_preserve	1	0	0	1.002652	192	1
benchmarks/spec2006/400.perlbench.bc	400.perlbench.bc	min-pred-succ	S_utf8_mg_pos	1	0	0	1.002493	208	1
benchmarks/spec2006/400.perlbench.bc	400.perlbench.bc	min-pred-succ	S_utf8_mg_pos_init	1	0	0	1.003058	224	1
benchmarks/spec2006/400.perlbench.bc	400.perlbench.bc	min-pred-succ	S_asIV	1	0	0	1.002528	200	1
benchmarks/spec2006/400.perlbench.bc	400.perlbench.bc	min-pred-succ	Perl_sv_recode_to_utf8	1	0	0	1.003687	204	1
benchmarks/spec2006/400.perlbench.bc	400.perlbench.bc	min-pred-succ	Perl_sv_2pv_nolen	1	0	0	1.002622	176	1
benchmarks/spec2006/400.perlbench.bc	400.perlbench.bc	min-pred-succ	Perl_sv_2pv	1	0	0	1.002532	204	1
benchmarks/spec2006/400.perlbench.bc	400.perlbench.bc	min-pred-succ	Perl_sv_copypv	1	0	0	1.002808	204	1
benchmarks/spec2006/400.perlbench.bc	400.perlbench.bc	min-pred-succ	Perl_sv_2pvbyte_nolen	1	0	0	1.002760	184	1
benchmarks/spec2006/400.perlbench.bc	400.perlbench.bc	min-pred-succ	Perl_sv_2pvbyte	1	0	0	1.002797	196	1
benchmarks/spec2006/400.perlbench.bc	400.perlbench.bc	min-pred-succ	Perl_sv_utf8_downgrade	1	0	0	1.003562	1652	1
benchmarks/spec2006/400.perlbench.bc	400.perlbench.bc	min-pred-succ	Perl_sv_2pvutf8_nolen	1	0	0	1.002628	180	1
benchmarks/spec2006/400.perlbench.bc	400.perlbench.bc	min-pred-succ	Perl_sv_2pvutf8	1	0	0	1.002263	184	1
benchmarks/spec2006/400.perlbench.bc	400.perlbench.bc	min-pred-succ	Perl_sv_2bool	1	0	0	1.002600	176	1
benchmarks/spec2006/400.perlbench.bc	400.perlbench.bc	min-pred-succ	Perl_sv_utf8_upgrade	1	0	0	1.002727	184	1
benchmarks/spec2006/400.perlbench.bc	400.perlbench.bc	min-pred-succ	Perl_sv_utf8_encode	1	0	0	1.002457	204	1
benchmarks/spec2006/400.perlbench.bc	400.perlbench.bc	min-pred-succ	Perl_sv_utf8_decode	1	0	0	1.004630	208	1
benchmarks/spec2006/400.perlbench.bc	400.perlbench.bc	min-pred-succ	Perl_sv_setsv	1	0	0	1.002652	236	1
benchmarks/spec2006/400.perlbench.bc	400.perlbench.bc	min-pred-succ	Perl_sv_setsv_flags	1	0	0	1.002988	196	1
benchmarks/spec2006/400.perlbench.bc	400.perlbench.bc	min-pred-succ	Perl_sv_tainted	1	0	0	1.002858	200	1
benchmarks/spec2006/400.perlbench.bc	400.perlbench.bc	min-pred-succ	Perl_sv_cmp	1	0	0	1.002475	208	1
benchmarks/spec2006/400.perlbench.bc	400.perlbench.bc	min-pred-succ	Perl_sv_setsv_mg	1	0	0	1.002487	192	1
benchmarks/spec2006/400.perlbench.bc	400.perlbench.bc	min-pred-succ	Perl_sv_setpvn_mg	1	0	0	1.002614	192	1
benchmarks/spec2006/400.perlbench.bc	400.perlbench.bc	min-pred-succ	Perl_sv_setpv	1	0	0	1.002518	196	1
benchmarks/spec2006/400.perlbench.bc	400.perlbench.bc	min-pred-succ	Perl_sv_setpv_mg	1	0	0	1.002650	204	1
benchmarks/spec2006/400.perlbench.bc	400.perlbench.bc	min-pred-succ	Perl_sv_usepvn	1	0	0	1.002498	208	1
benchmarks/spec2006/400.perlbench.bc	400.perlbench.bc	min-pred-succ	Perl_sv_usepvn_mg	1	0	0	1.002535	204	1
benchmarks/spec2006/400.perlbench.bc	400.perlbench.bc	min-pred-succ	Perl_sv_chop	1	0	0	1.002577	236	1
benchmarks/spec2006/400.perlbench.bc	400.perlbench.bc	min-pred-succ	Perl_sv_catpvn	1	0	0	1.002616	188	1
benchmarks/spec2006/400.perlbench.bc	400.perlbench.bc	min-pred-succ	Perl_sv_catpvn_mg	1	0	0	1.001820	208	1
benchmarks/spec2006/400.perlbench.bc	400.perlbench.bc	min-pred-succ	Perl_sv_catsv	1	0	0	1.002699	188	1
benchmarks/spec2006/400.perlbench.bc	400.perlbench.bc	min-pred-succ	Perl_sv_catsv_mg	1	0	0	1.002475	176	1
benchmarks/spec2006/400.perlbench.bc	400.perlbench.bc	min-pred-succ	Perl_sv_catpv_mg	1	0	0	1.002745	180	1
benchmarks/spec2006/400.perlbench.bc	400.perlbench.bc	min-pred-succ	Perl_sv_insert	1	0	0	1.004206	1552	1
benchmarks/spec2006/400.perlbench.bc	400.perlbench.bc	min-pred-succ	Perl_sv_replace	1	0	0	1.002630	180	1
benchmarks/spec2006/400.perlbench.bc	400.perlbench.bc	min-pred-succ	Perl_sv_newref	1	0	0	1.002525	208	1
benchmarks/spec2006/400.perlbench.bc	400.perlbench.bc	min-pred-succ	Perl_sv_len	1	0	0	1.002625	184	1
benchmarks/spec2006/400.perlbench.bc	400.perlbench.bc	min-pred-succ	Perl_sv_pos_b2u	1	0	0	1.002468	208	1
benchmarks/spec2006/400.perlbench.bc	400.perlbench.bc	min-pred-succ	Perl_sv_eq	1	0	0	1.002501	8	1
benchmarks/spec2006/400.perlbench.bc	400.perlbench.bc	min-pred-succ	Perl_sv_cmp_locale	1	0	0	1.002544	176	1
benchmarks/spec2006/400.perlbench.bc	400.perlbench.bc	min-pred-succ	Perl_sv_gets	1	-9	1	185.289450	303648	0
benchmarks/spec2006/400.perlbench.bc	400.perlbench.bc	min-pred-succ	Perl_sv_inc	1	0	0	4.006691	139128	1
benchmarks/spec2006/400.perlbench.bc	400.perlbench.bc	min-pred-succ	Perl_sv_dec	1	0	0	1.002560	176	1
benchmarks/spec2006/400.perlbench.bc	400.perlbench.bc	min-pred-succ	Perl_sv_mortalcopy	1	0	0	1.002043	204	1
benchmarks/spec2006/400.perlbench.bc	400.perlbench.bc	min-pred-succ	Perl_newSVpvn_share	1	0	0	1.002569	208	1
benchmarks/spec2006/400.perlbench.bc	400.perlbench.bc	min-pred-succ	Perl_newSVpvf	1	0	0	1.002631	208	1
benchmarks/spec2006/400.perlbench.bc	400.perlbench.bc	min-pred-succ	Perl_vnewSVpvf	1	0	0	1.002767	196	1
benchmarks/spec2006/400.perlbench.bc	400.perlbench.bc	min-pred-succ	Perl_newSVnv	1	0	0	1.002981	204	1
benchmarks/spec2006/400.perlbench.bc	400.perlbench.bc	min-pred-succ	Perl_newSViv	1	0	0	1.002530	120	1
benchmarks/spec2006/400.perlbench.bc	400.perlbench.bc	min-pred-succ	Perl_newSVuv	1	0	0	1.003545	204	1
benchmarks/spec2006/400.perlbench.bc	400.perlbench.bc	min-pred-succ	Perl_newSVsv	1	0	0	1.002910	204	1
benchmarks/spec2006/400.perlbench.bc	400.perlbench.bc	min-pred-succ	Perl_sv_reset	1	0	0	1.002485	208	1
benchmarks/spec2006/400.perlbench.bc	400.perlbench.bc	min-pred-succ	Perl_sv_2io	1	0	0	1.002640	192	1
benchmarks/spec2006/400.perlbench.bc	400.perlbench.bc	min-pred-succ	Perl_sv_2cv	1	0	0	2.004385	130172	1
benchmarks/spec2006/400.perlbench.bc	400.perlbench.bc	min-pred-succ	Perl_sv_true	1	0	0	1.002769	236	1
benchmarks/spec2006/400.perlbench.bc	400.perlbench.bc	min-pred-succ	Perl_sv_iv	1	0	0	1.002551	236	1
benchmarks/spec2006/400.perlbench.bc	400.perlbench.bc	min-pred-succ	Perl_sv_uv	1	0	0	1.003567	1172	1
benchmarks/spec2006/400.perlbench.bc	400.perlbench.bc	min-pred-succ	Perl_sv_nv	1	0	0	1.003001	188	1
benchmarks/spec2006/400.perlbench.bc	400.perlbench.bc	min-pred-succ	Perl_sv_pv	1	0	0	1.002863	236	1
benchmarks/spec2006/400.perlbench.bc	400.perlbench.bc	min-pred-succ	Perl_sv_pvn	1	0	0	1.002780	188	1
benchmarks/spec2006/400.perlbench.bc	400.perlbench.bc	min-pred-succ	Perl_sv_pvn_nomg	1	0	0	1.002776	200	1
benchmarks/spec2006/400.perlbench.bc	400.perlbench.bc	min-pred-succ	Perl_sv_pvn_force	1	0	0	1.002500	204	1
benchmarks/spec2006/400.perlbench.bc	400.perlbench.bc	min-pred-succ	Perl_sv_pvbyte	1	0	0	1.002496	208	1
benchmarks/spec2006/400.perlbench.bc	400.perlbench.bc	min-pred-succ	Perl_sv_pvbyten	1	0	0	1.002855	208	1
benchmarks/spec2006/400.perlbench.bc	400.perlbench.bc	min-pred-succ	Perl_sv_pvbyten_force	1	0	0	1.002542	200	1
benchmarks/spec2006/400.perlbench.bc	400.perlbench.bc	min-pred-succ	Perl_sv_pvutf8	1	0	0	1.002753	208	1
benchmarks/spec2006/400.perlbench.bc	400.perlbench.bc	min-pred-succ	Perl_sv_pvutf8n	1	0	0	1.002568	204	1
benchmarks/spec2006/400.perlbench.bc	400.perlbench.bc	min-pred-succ	Perl_sv_pvutf8n_force	1	0	0	1.003934	1612	1
benchmarks/spec2006/400.perlbench.bc	400.perlbench.bc	min-pred-succ	Perl_sv_isobject	1	0	0	1.002982	196	1
benchmarks/spec2006/400.perlbench.bc	400.perlbench.bc	min-pred-succ	Perl_sv_isa	1	0	0	1.002752	208	1
benchmarks/spec2006/400.perlbench.bc	400.perlbench.bc	min-pred-succ	Perl_newSVrv	1	0	0	1.002776	208	1
benchmarks/spec2006/400.perlbench.bc	400.perlbench.bc	min-pred-succ	Perl_sv_bless	1	0	0	1.002671	188	1
benchmarks/spec2006/400.perlbench.bc	400.perlbench.bc	min-pred-succ	Perl_sv_setref_pv	1	0	0	1.002560	196	1
benchmarks/spec2006/400.perlbench.bc	400.perlbench.bc	min-pred-succ	Perl_sv_setref_iv	1	0	0	1.002839	204	1
benchmarks/spec2006/400.perlbench.bc	400.perlbench.bc	min-pred-succ	Perl_sv_setref_uv	1	0	0	1.002656	208	1
benchmarks/spec2006/400.perlbench.bc	400.perlbench.bc	min-pred-succ	Perl_sv_setref_nv	1	0	0	1.002556	204	1
benchmarks/spec2006/400.perlbench.bc	400.perlbench.bc	min-pred-succ	Perl_sv_setref_pvn	1	0	0	1.002502	168	1
benchmarks/spec2006/400.perlbench.bc	400.perlbench.bc	min-pred-succ	Perl_sv_untaint	1	0	0	1.002678	204	1
benchmarks/spec2006/400.perlbench.bc	400.perlbench.bc	min-pred-succ	Perl_sv_setpviv	1	0	0	1.002806	188	1
benchmarks/spec2006/400.perlbench.bc	400.perlbench.bc	min-pred-succ	Perl_sv_setpviv_mg	1	0	0	1.002531	68	1
benchmarks/spec2006/400.perlbench.bc	400.perlbench.bc	min-pred-succ	Perl_sv_setpvf_mg	1	0	0	1.002879	208	1
benchmarks/spec2006/400.perlbench.bc	400.perlbench.bc	min-pred-succ	Perl_sv_vsetpvf_mg	1	0	0	1.002539	196	1
benchmarks/spec2006/400.perlbench.bc	400.perlbench.bc	min-pred-succ	Perl_sv_catpvf_mg	1	0	0	1.002881	200	1
benchmarks/spec2006/400.perlbench.bc	400.perlbench.bc	min-pred-succ	Perl_sv_vcatpvf_mg	1	0	0	1.002521	204	1
benchmarks/spec2006/400.perlbench.bc	400.perlbench.bc	min-pred-succ	Perl_sv_cat_decode	1	0	0	1.002609	204	1
benchmarks/spec2006/400.perlbench.bc	400.perlbench.bc	min-pred-succ	Perl_taint_proper	1	0	0	1.003922	976	1
benchmarks/spec2006/400.perlbench.bc	400.perlbench.bc	min-pred-succ	Perl_taint_env	1	0	0	1.002735	236	1
benchmarks/spec2006/400.perlbench.bc	400.perlbench.bc	min-pred-succ	Perl_deprecate	1	0	0	1.002519	208	1
benchmarks/spec2006/400.perlbench.bc	400.perlbench.bc	min-pred-succ	Perl_deprecate_old	1	0	0	1.002493	168	1
benchmarks/spec2006/400.perlbench.bc	400.perlbench.bc	min-pred-succ	Perl_lex_start	1	0	0	1.002933	240	1
benchmarks/spec2006/400.perlbench.bc	400.perlbench.bc	min-pred-succ	restore_rsfp	1	0	0	1.002911	232	1
benchmarks/spec2006/400.perlbench.bc	400.perlbench.bc	min-pred-succ	Perl_lex_end	1	0	0	1.002741	204	1
benchmarks/spec2006/400.perlbench.bc	400.perlbench.bc	min-pred-succ	Perl_str_to_version	1	0	0	1.003160	196	1
benchmarks/spec2006/400.perlbench.bc	400.perlbench.bc	min-pred-succ	Perl_filter_add	1	0	0	1.002518	204	1
benchmarks/spec2006/400.perlbench.bc	400.perlbench.bc	min-pred-succ	Perl_filter_del	1	0	0	1.003160	184	1
benchmarks/spec2006/400.perlbench.bc	400.perlbench.bc	min-pred-succ	Perl_filter_read	1	0	0	1.002778	240	1
benchmarks/spec2006/400.perlbench.bc	400.perlbench.bc	min-pred-succ	Perl_yylex	1	-9	1	185.351469	2263272	0
benchmarks/spec2006/400.perlbench.bc	400.perlbench.bc	min-pred-succ	S_pending_ident	1	0	0	1.002614	176	1
benchmarks/spec2006/400.perlbench.bc	400.perlbench.bc	min-pred-succ	S_force_next	1	0	0	1.002581	200	1
benchmarks/spec2006/400.perlbench.bc	400.perlbench.bc	min-pred-succ	S_ao	1	0	0	1.002391	180	1
benchmarks/spec2006/400.perlbench.bc	400.perlbench.bc	min-pred-succ	S_sublex_push	1	0	0	1.002817	236	1
benchmarks/spec2006/400.perlbench.bc	400.perlbench.bc	min-pred-succ	S_sublex_done	1	0	0	1.002516	180	1
benchmarks/spec2006/400.perlbench.bc	400.perlbench.bc	min-pred-succ	S_force_ident	1	0	0	1.002598	208	1
benchmarks/spec2006/400.perlbench.bc	400.perlbench.bc	min-pred-succ	S_intuit_more	1	0	0	1.002648	208	1
benchmarks/spec2006/400.perlbench.bc	400.perlbench.bc	min-pred-succ	S_tokeq	1	0	0	1.002588	200	1
benchmarks/spec2006/400.perlbench.bc	400.perlbench.bc	min-pred-succ	S_new_constant	1	0	0	1.002581	180	1
benchmarks/spec2006/400.perlbench.bc	400.perlbench.bc	min-pred-succ	S_scan_const	1	-9	1	185.323803	1210040	0
benchmarks/spec2006/400.perlbench.bc	400.perlbench.bc	min-pred-succ	S_scan_formline	1	0	0	9.014814	165608	1
benchmarks/spec2006/400.perlbench.bc	400.perlbench.bc	min-pred-succ	Perl_yyerror	1	0	0	1.002575	184	1
benchmarks/spec2006/400.perlbench.bc	400.perlbench.bc	min-pred-succ	S_incl_perldb	1	0	0	1.002718	196	1
benchmarks/spec2006/400.perlbench.bc	400.perlbench.bc	min-pred-succ	S_filter_gets	1	0	0	1.002615	164	1
benchmarks/spec2006/400.perlbench.bc	400.perlbench.bc	min-pred-succ	S_swallow_bom	1	0	0	1.002634	180	1
benchmarks/spec2006/400.perlbench.bc	400.perlbench.bc	min-pred-succ	S_incline	1	0	0	1.002517	204	1
benchmarks/spec2006/400.perlbench.bc	400.perlbench.bc	min-pred-succ	S_force_word	1	0	0	1.002511	180	1
benchmarks/spec2006/400.perlbench.bc	400.perlbench.bc	min-pred-succ	S_skipspace	1	0	0	2.003760	131532	1
benchmarks/spec2006/400.perlbench.bc	400.perlbench.bc	min-pred-succ	S_check_uni	1	0	0	1.002486	232	1
benchmarks/spec2006/400.perlbench.bc	400.perlbench.bc	min-pred-succ	S_scan_ident	1	-9	1	185.297261	451128	0
benchmarks/spec2006/400.perlbench.bc	400.perlbench.bc	min-pred-succ	S_scan_word	1	-9	1	185.298687	148696	0
benchmarks/spec2006/400.perlbench.bc	400.perlbench.bc	min-pred-succ	Perl_keyword	1	0	0	1.003518	204	1
benchmarks/spec2006/400.perlbench.bc	400.perlbench.bc	min-pred-succ	S_scan_str	1	-9	1	185.313776	813672	0
benchmarks/spec2006/400.perlbench.bc	400.perlbench.bc	min-pred-succ	S_scan_heredoc	1	0	0	1.002825	232	1
benchmarks/spec2006/400.perlbench.bc	400.perlbench.bc	min-pred-succ	S_scan_inputsymbol	1	0	0	1.002556	208	1
benchmarks/spec2006/400.perlbench.bc	400.perlbench.bc	min-pred-succ	S_sublex_start	1	0	0	1.002735	204	1
benchmarks/spec2006/400.perlbench.bc	400.perlbench.bc	min-pred-succ	S_depcom	1	0	0	1.001761	180	1
benchmarks/spec2006/400.perlbench.bc	400.perlbench.bc	min-pred-succ	S_no_op	1	0	0	1.002634	208	1
benchmarks/spec2006/400.perlbench.bc	400.perlbench.bc	min-pred-succ	S_scan_pat	1	0	0	1.002474	188	1
benchmarks/spec2006/400.perlbench.bc	400.perlbench.bc	min-pred-succ	Perl_scan_num	1	-9	1	185.290478	403132	0
benchmarks/spec2006/400.perlbench.bc	400.perlbench.bc	min-pred-succ	S_missingterm	1	0	0	1.013984	15392	1
benchmarks/spec2006/400.perlbench.bc	400.perlbench.bc	min-pred-succ	S_set_csh	1	0	0	1.002541	108	1
benchmarks/spec2006/400.perlbench.bc	400.perlbench.bc	min-pred-succ	S_intuit_method	1	0	0	1.002659	180	1
benchmarks/spec2006/400.perlbench.bc	400.perlbench.bc	min-pred-succ	S_lop	1	0	0	1.002614	100	1
benchmarks/spec2006/400.perlbench.bc	400.perlbench.bc	min-pred-succ	S_find_in_my_stash	1	0	0	1.002670	188	1
benchmarks/spec2006/400.perlbench.bc	400.perlbench.bc	min-pred-succ	S_force_version	1	0	0	1.002500	184	1
benchmarks/spec2006/400.perlbench.bc	400.perlbench.bc	min-pred-succ	S_checkcomma	1	0	0	1.002561	208	1
benchmarks/spec2006/400.perlbench.bc	400.perlbench.bc	min-pred-succ	S_scan_subst	1	0	0	1.002441	204	1
benchmarks/spec2006/400.perlbench.bc	400.perlbench.bc	min-pred-succ	S_scan_trans	1	0	0	1.002466	204	1
benchmarks/spec2006/400.perlbench.bc	400.perlbench.bc	min-pred-succ	Perl_pmflag	1	0	0	1.002726	16	1
benchmarks/spec2006/400.perlbench.bc	400.perlbench.bc	min-pred-succ	Perl_scan_vstring	1	0	0	3.005285	139508	1
benchmarks/spec2006/400.perlbench.bc	400.perlbench.bc	min-pred-succ	Perl_yywarn	1	0	0	1.002545	164	1
benchmarks/spec2006/400.perlbench.bc	400.perlbench.bc	min-pred-succ	utf16rev_textfilter	1	0	0	1.002593	208	1
benchmarks/spec2006/400.perlbench.bc	400.perlbench.bc	min-pred-succ	utf16_textfilter	1	0	0	1.002907	176	1
benchmarks/spec2006/400.perlbench.bc	400.perlbench.bc	min-pred-succ	Perl_start_subparse	1	0	0	1.002481	204	1
benchmarks/spec2006/400.perlbench.bc	400.perlbench.bc	min-pred-succ	Perl_sv_derived_from	1	0	0	1.002600	232	1
benchmarks/spec2006/400.perlbench.bc	400.perlbench.bc	min-pred-succ	S_isa_lookup	1	0	0	9.014199	123884	1
benchmarks/spec2006/400.perlbench.bc	400.perlbench.bc	min-pred-succ	Perl_boot_core_UNIVERSAL	1	0	0	1.002495	176	1
benchmarks/spec2006/400.perlbench.bc	400.perlbench.bc	min-pred-succ	XS_UNIVERSAL_isa	1	0	0	1.003729	1236	1
benchmarks/spec2006/400.perlbench.bc	400.perlbench.bc	min-pred-succ	XS_UNIVERSAL_can	1	0	0	1.002469	208	1
benchmarks/spec2006/400.perlbench.bc	400.perlbench.bc	min-pred-succ	XS_UNIVERSAL_VERSION	1	0	0	11.017800	157216	1
benchmarks/spec2006/400.perlbench.bc	400.perlbench.bc	min-pred-succ	XS_utf8_is_utf8	1	0	0	1.002765	180	1
benchmarks/spec2006/400.perlbench.bc	400.perlbench.bc	min-pred-succ	XS_utf8_valid	1	0	0	1.004695	180	1
benchmarks/spec2006/400.perlbench.bc	400.perlbench.bc	min-pred-succ	XS_utf8_encode	1	0	0	1.006616	200	1
benchmarks/spec2006/400.perlbench.bc	400.perlbench.bc	min-pred-succ	XS_utf8_decode	1	0	0	1.005986	208	1
benchmarks/spec2006/400.perlbench.bc	400.perlbench.bc	min-pred-succ	XS_utf8_upgrade	1	0	0	1.005228	180	1
benchmarks/spec2006/400.perlbench.bc	400.perlbench.bc	min-pred-succ	XS_utf8_downgrade	1	0	0	1.005794	196	1
benchmarks/spec2006/400.perlbench.bc	400.perlbench.bc	min-pred-succ	XS_utf8_native_to_unicode	1	0	0	1.003853	204	1
benchmarks/spec2006/400.perlbench.bc	400.perlbench.bc	min-pred-succ	XS_utf8_unicode_to_native	1	0	0	1.004242	208	1
benchmarks/spec2006/400.perlbench.bc	400.perlbench.bc	min-pred-succ	XS_Internals_SvREADONLY	1	0	0	1.004052	236	1
benchmarks/spec2006/400.perlbench.bc	400.perlbench.bc	min-pred-succ	XS_Internals_SvREFCNT	1	0	0	1.004455	232	1
benchmarks/spec2006/400.perlbench.bc	400.perlbench.bc	min-pred-succ	XS_Internals_hv_clear_placehold	1	0	0	1.004655	188	1
benchmarks/spec2006/400.perlbench.bc	400.perlbench.bc	min-pred-succ	XS_PerlIO_get_layers	1	0	0	1.003430	208	1
benchmarks/spec2006/400.perlbench.bc	400.perlbench.bc	min-pred-succ	XS_Regexp_DESTROY	1	0	0	1.003184	236	1
benchmarks/spec2006/400.perlbench.bc	400.perlbench.bc	min-pred-succ	XS_Internals_hash_seed	1	0	0	1.003540	208	1
benchmarks/spec2006/400.perlbench.bc	400.perlbench.bc	min-pred-succ	XS_Internals_rehash_seed	1	0	0	1.003900	208	1
benchmarks/spec2006/400.perlbench.bc	400.perlbench.bc	min-pred-succ	XS_Internals_HvREHASH	1	0	0	1.003431	204	1
benchmarks/spec2006/400.perlbench.bc	400.perlbench.bc	min-pred-succ	Perl_uvuni_to_utf8_flags	1	0	0	1.002862	192	1
benchmarks/spec2006/400.perlbench.bc	400.perlbench.bc	min-pred-succ	Perl_uvuni_to_utf8	1	0	0	1.002688	188	1
benchmarks/spec2006/400.perlbench.bc	400.perlbench.bc	min-pred-succ	Perl_is_utf8_char	1	0	0	1.002638	204	1
benchmarks/spec2006/400.perlbench.bc	400.perlbench.bc	min-pred-succ	Perl_is_utf8_string	1	0	0	1.002585	204	1
benchmarks/spec2006/400.perlbench.bc	400.perlbench.bc	min-pred-succ	Perl_is_utf8_string_loc	1	0	0	1.002809	204	1
benchmarks/spec2006/400.perlbench.bc	400.perlbench.bc	min-pred-succ	Perl_utf8n_to_uvuni	1	0	0	121.179331	164348	1
benchmarks/spec2006/400.perlbench.bc	400.perlbench.bc	min-pred-succ	Perl_utf8_to_uvchr	1	0	0	1.002866	244	1
benchmarks/spec2006/400.perlbench.bc	400.perlbench.bc	min-pred-succ	Perl_utf8_to_uvuni	1	0	0	1.002689	188	1
benchmarks/spec2006/400.perlbench.bc	400.perlbench.bc	min-pred-succ	Perl_utf8_length	1	0	0	1.002521	92	1
benchmarks/spec2006/400.perlbench.bc	400.perlbench.bc	min-pred-succ	Perl_utf8_distance	1	0	0	1.002809	200	1
benchmarks/spec2006/400.perlbench.bc	400.perlbench.bc	min-pred-succ	Perl_utf8_hop	1	0	0	1.002877	188	1
benchmarks/spec2006/400.perlbench.bc	400.perlbench.bc	min-pred-succ	Perl_utf8_to_bytes	1	0	0	1.002669	192	1
benchmarks/spec2006/400.perlbench.bc	400.perlbench.bc	min-pred-succ	Perl_bytes_from_utf8	1	0	0	1.002905	208	1
benchmarks/spec2006/400.perlbench.bc	400.perlbench.bc	min-pred-succ	Perl_bytes_to_utf8	1	0	0	1.002658	208	1
benchmarks/spec2006/400.perlbench.bc	400.perlbench.bc	min-pred-succ	Perl_utf16_to_utf8	1	0	0	1.002476	196	1
benchmarks/spec2006/400.perlbench.bc	400.perlbench.bc	min-pred-succ	Perl_utf16_to_utf8_reversed	1	0	0	1.002601	176	1
benchmarks/spec2006/400.perlbench.bc	400.perlbench.bc	min-pred-succ	Perl_is_uni_alnum	1	0	0	1.002544	204	1
benchmarks/spec2006/400.perlbench.bc	400.perlbench.bc	min-pred-succ	Perl_is_utf8_alnum	1	0	0	1.002684	184	1
benchmarks/spec2006/400.perlbench.bc	400.perlbench.bc	min-pred-succ	Perl_swash_init	1	0	0	1.002754	208	1
benchmarks/spec2006/400.perlbench.bc	400.perlbench.bc	min-pred-succ	Perl_swash_fetch	1	0	0	1.002868	236	1
benchmarks/spec2006/400.perlbench.bc	400.perlbench.bc	min-pred-succ	Perl_is_uni_alnumc	1	0	0	1.003265	204	1
benchmarks/spec2006/400.perlbench.bc	400.perlbench.bc	min-pred-succ	Perl_is_utf8_alnumc	1	0	0	1.002710	232	1
benchmarks/spec2006/400.perlbench.bc	400.perlbench.bc	min-pred-succ	Perl_is_uni_idfirst	1	0	0	1.002681	188	1
benchmarks/spec2006/400.perlbench.bc	400.perlbench.bc	min-pred-succ	Perl_is_utf8_idfirst	1	0	0	1.002503	240	1
benchmarks/spec2006/400.perlbench.bc	400.perlbench.bc	min-pred-succ	Perl_is_uni_alpha	1	0	0	1.002717	208	1
benchmarks/spec2006/400.perlbench.bc	400.perlbench.bc	min-pred-succ	Perl_is_utf8_alpha	1	0	0	1.003008	208	1
benchmarks/spec2006/400.perlbench.bc	400.perlbench.bc	min-pred-succ	Perl_is_uni_ascii	1	0	0	1.002705	208	1
benchmarks/spec2006/400.perlbench.bc	400.perlbench.bc	min-pred-succ	Perl_is_utf8_ascii	1	0	0	1.002668	200	1
benchmarks/spec2006/400.perlbench.bc	400.perlbench.bc	min-pred-succ	Perl_is_uni_space	1	0	0	1.002667	200	1
benchmarks/spec2006/400.perlbench.bc	400.perlbench.bc	min-pred-succ	Perl_is_utf8_space	1	0	0	1.002550	80	1
benchmarks/spec2006/400.perlbench.bc	400.perlbench.bc	min-pred-succ	Perl_is_uni_digit	1	0	0	1.002553	204	1
benchmarks/spec2006/400.perlbench.bc	400.perlbench.bc	min-pred-succ	Perl_is_utf8_digit	1	0	0	1.002811	204	1
benchmarks/spec2006/400.perlbench.bc	400.perlbench.bc	min-pred-succ	Perl_is_uni_upper	1	0	0	1.003053	204	1
benchmarks/spec2006/400.perlbench.bc	400.perlbench.bc	min-pred-succ	Perl_is_utf8_upper	1	0	0	1.002552	4	1
benchmarks/spec2006/400.perlbench.bc	400.perlbench.bc	min-pred-succ	Perl_is_uni_lower	1	0	0	1.002603	208	1
benchmarks/spec2006/400.perlbench.bc	400.perlbench.bc	min-pred-succ	Perl_is_utf8_lower	1	0	0	1.002758	204	1
benchmarks/spec2006/400.perlbench.bc	400.perlbench.bc	min-pred-succ	Perl_is_uni_cntrl	1	0	0	1.002612	204	1
benchmarks/spec2006/400.perlbench.bc	400.perlbench.bc	min-pred-succ	Perl_is_utf8_cntrl	1	0	0	1.002611	204	1
benchmarks/spec2006/400.perlbench.bc	400.perlbench.bc	min-pred-succ	Perl_is_uni_graph	1	0	0	1.002939	184	1
benchmarks/spec2006/400.perlbench.bc	400.perlbench.bc	min-pred-succ	Perl_is_utf8_graph	1	0	0	1.002638	208	1
benchmarks/spec2006/400.perlbench.bc	400.perlbench.bc	min-pred-succ	Perl_is_uni_print	1	0	0	1.002615	204	1
benchmarks/spec2006/400.perlbench.bc	400.perlbench.bc	min-pred-succ	Perl_is_utf8_print	1	0	0	1.002699	192	1
benchmarks/spec2006/400.perlbench.bc	400.perlbench.bc	min-pred-succ	Perl_is_uni_punct	1	0	0	1.002526	180	1
benchmarks/spec2006/400.perlbench.bc	400.perlbench.bc	min-pred-succ	Perl_is_utf8_punct	1	0	0	1.002740	208	1
benchmarks/spec2006/400.perlbench.bc	400.perlbench.bc	min-pred-succ	Perl_is_uni_xdigit	1	0	0	1.002526	204	1
benchmarks/spec2006/400.perlbench.bc	400.perlbench.bc	min-pred-succ	Perl_is_utf8_xdigit	1	0	0	1.002509	232	1
benchmarks/spec2006/400.perlbench.bc	400.perlbench.bc	min-pred-succ	Perl_to_uni_upper	1	0	0	1.002655	204	1
benchmarks/spec2006/400.perlbench.bc	400.perlbench.bc	min-pred-succ	Perl_to_utf8_upper	1	0	0	1.003587	204	1
benchmarks/spec2006/400.perlbench.bc	400.perlbench.bc	min-pred-succ	Perl_to_utf8_case	1	0	0	1.002656	176	1
benchmarks/spec2006/400.perlbench.bc	400.perlbench.bc	min-pred-succ	Perl_to_uni_title	1	0	0	1.002514	196	1
benchmarks/spec2006/400.perlbench.bc	400.perlbench.bc	min-pred-succ	Perl_to_utf8_title	1	0	0	1.002597	208	1
benchmarks/spec2006/400.perlbench.bc	400.perlbench.bc	min-pred-succ	Perl_to_uni_lower	1	0	0	1.002702	188	1
benchmarks/spec2006/400.perlbench.bc	400.perlbench.bc	min-pred-succ	Perl_to_utf8_lower	1	0	0	1.003094	188	1
benchmarks/spec2006/400.perlbench.bc	400.perlbench.bc	min-pred-succ	Perl_to_uni_fold	1	0	0	1.003025	204	1
benchmarks/spec2006/400.perlbench.bc	400.perlbench.bc	min-pred-succ	Perl_to_utf8_fold	1	0	0	1.002531	232	1
benchmarks/spec2006/400.perlbench.bc	400.perlbench.bc	min-pred-succ	Perl_is_uni_alnum_lc	1	0	0	1.002582	188	1
benchmarks/spec2006/400.perlbench.bc	400.perlbench.bc	min-pred-succ	Perl_is_uni_alnumc_lc	1	0	0	1.002619	208	1
benchmarks/spec2006/400.perlbench.bc	400.perlbench.bc	min-pred-succ	Perl_is_uni_idfirst_lc	1	0	0	1.002538	204	1
benchmarks/spec2006/400.perlbench.bc	400.perlbench.bc	min-pred-succ	Perl_is_uni_alpha_lc	1	0	0	1.002727	204	1
benchmarks/spec2006/400.perlbench.bc	400.perlbench.bc	min-pred-succ	Perl_is_uni_ascii_lc	1	0	0	1.002504	184	1
benchmarks/spec2006/400.perlbench.bc	400.perlbench.bc	min-pred-succ	Perl_is_uni_space_lc	1	0	0	1.002669	204	1
benchmarks/spec2006/400.perlbench.bc	400.perlbench.bc	min-pred-succ	Perl_is_uni_digit_lc	1	0	0	1.003015	236	1
benchmarks/spec2006/400.perlbench.bc	400.perlbench.bc	min-pred-succ	Perl_is_uni_upper_lc	1	0	0	1.002552	204	1
benchmarks/spec2006/400.perlbench.bc	400.perlbench.bc	min-pred-succ	Perl_is_uni_lower_lc	1	0	0	1.002705	204	1
benchmarks/spec2006/400.perlbench.bc	400.perlbench.bc	min-pred-succ	Perl_is_uni_cntrl_lc	1	0	0	1.002722	188	1
benchmarks/spec2006/400.perlbench.bc	400.perlbench.bc	min-pred-succ	Perl_is_uni_graph_lc	1	0	0	1.002692	208	1
benchmarks/spec2006/400.perlbench.bc	400.perlbench.bc	min-pred-succ	Perl_is_uni_print_lc	1	0	0	1.002631	208	1
benchmarks/spec2006/400.perlbench.bc	400.perlbench.bc	min-pred-succ	Perl_is_uni_punct_lc	1	0	0	1.002780	208	1
benchmarks/spec2006/400.perlbench.bc	400.perlbench.bc	min-pred-succ	Perl_is_uni_xdigit_lc	1	0	0	1.002782	196	1
benchmarks/spec2006/400.perlbench.bc	400.perlbench.bc	min-pred-succ	Perl_to_uni_upper_lc	1	0	0	1.002581	196	1
benchmarks/spec2006/400.perlbench.bc	400.perlbench.bc	min-pred-succ	Perl_to_uni_title_lc	1	0	0	1.002714	204	1
benchmarks/spec2006/400.perlbench.bc	400.perlbench.bc	min-pred-succ	Perl_to_uni_lower_lc	1	0	0	1.002850	84	1
benchmarks/spec2006/400.perlbench.bc	400.perlbench.bc	min-pred-succ	Perl_is_utf8_idcont	1	0	0	1.002547	100	1
benchmarks/spec2006/400.perlbench.bc	400.perlbench.bc	min-pred-succ	Perl_is_utf8_mark	1	0	0	1.002613	208	1
benchmarks/spec2006/400.perlbench.bc	400.perlbench.bc	min-pred-succ	Perl_uvchr_to_utf8	1	0	0	1.002641	192	1
benchmarks/spec2006/400.perlbench.bc	400.perlbench.bc	min-pred-succ	Perl_uvchr_to_utf8_flags	1	0	0	1.002716	200	1
benchmarks/spec2006/400.perlbench.bc	400.perlbench.bc	min-pred-succ	Perl_utf8n_to_uvchr	1	0	0	1.002658	188	1
benchmarks/spec2006/400.perlbench.bc	400.perlbench.bc	min-pred-succ	Perl_pv_uni_display	1	0	0	1.002686	168	1
benchmarks/spec2006/400.perlbench.bc	400.perlbench.bc	min-pred-succ	Perl_sv_uni_display	1	0	0	1.002768	236	1
benchmarks/spec2006/400.perlbench.bc	400.perlbench.bc	min-pred-succ	Perl_ibcmp_utf8	1	0	0	56.085524	130388	1
benchmarks/spec2006/400.perlbench.bc	400.perlbench.bc	min-pred-succ	Perl_safesysmalloc	1	0	0	1.002558	192	1
benchmarks/spec2006/400.perlbench.bc	400.perlbench.bc	min-pred-succ	Perl_safesysrealloc	1	0	0	1.003453	4	1
benchmarks/spec2006/400.perlbench.bc	400.perlbench.bc	min-pred-succ	Perl_safesysfree	1	0	0	1.002925	208	1
benchmarks/spec2006/400.perlbench.bc	400.perlbench.bc	min-pred-succ	Perl_safesyscalloc	1	0	0	1.002836	8	1
benchmarks/spec2006/400.perlbench.bc	400.perlbench.bc	min-pred-succ	Perl_malloc	1	0	0	1.002549	236	1
benchmarks/spec2006/400.perlbench.bc	400.perlbench.bc	min-pred-succ	Perl_calloc	1	0	0	1.002727	204	1
benchmarks/spec2006/400.perlbench.bc	400.perlbench.bc	min-pred-succ	Perl_realloc	1	0	0	1.002804	196	1
benchmarks/spec2006/400.perlbench.bc	400.perlbench.bc	min-pred-succ	Perl_mfree	1	0	0	1.002837	204	1
benchmarks/spec2006/400.perlbench.bc	400.perlbench.bc	min-pred-succ	Perl_delimcpy	1	0	0	1.004604	164	1
benchmarks/spec2006/400.perlbench.bc	400.perlbench.bc	min-pred-succ	Perl_instr	1	0	0	1.002516	200	1
benchmarks/spec2006/400.perlbench.bc	400.perlbench.bc	min-pred-succ	Perl_ninstr	1	0	0	1.002521	236	1
benchmarks/spec2006/400.perlbench.bc	400.perlbench.bc	min-pred-succ	Perl_rninstr	1	0	0	1.002657	200	1
benchmarks/spec2006/400.perlbench.bc	400.perlbench.bc	min-pred-succ	Perl_fbm_compile	1	0	0	1.002604	208	1
benchmarks/spec2006/400.perlbench.bc	400.perlbench.bc	min-pred-succ	Perl_fbm_instr	1	0	0	2.004424	118300	1
benchmarks/spec2006/400.perlbench.bc	400.perlbench.bc	min-pred-succ	Perl_screaminstr	1	0	0	2.003995	128476	1
benchmarks/spec2006/400.perlbench.bc	400.perlbench.bc	min-pred-succ	Perl_ibcmp	1	0	0	1.002489	208	1
benchmarks/spec2006/400.perlbench.bc	400.perlbench.bc	min-pred-succ	Perl_ibcmp_locale	1	0	0	1.002725	204	1
benchmarks/spec2006/400.perlbench.bc	400.perlbench.bc	min-pred-succ	Perl_savepv	1	0	0	1.003771	208	1
benchmarks/spec2006/400.perlbench.bc	400.perlbench.bc	min-pred-succ	Perl_savepvn	1	0	0	1.002632	196	1
benchmarks/spec2006/400.perlbench.bc	400.perlbench.bc	min-pred-succ	Perl_savesharedpv	1	0	0	1.002818	192	1
benchmarks/spec2006/400.perlbench.bc	400.perlbench.bc	min-pred-succ	Perl_savesvpv	1	0	0	1.002746	180	1
benchmarks/spec2006/400.perlbench.bc	400.perlbench.bc	min-pred-succ	Perl_form	1	0	0	1.002500	200	1
benchmarks/spec2006/400.perlbench.bc	400.perlbench.bc	min-pred-succ	Perl_vform	1	0	0	1.002501	188	1
benchmarks/spec2006/400.perlbench.bc	400.perlbench.bc	min-pred-succ	S_mess_alloc	1	0	0	1.002570	204	1
benchmarks/spec2006/400.perlbench.bc	400.perlbench.bc	min-pred-succ	Perl_mess	1	0	0	1.003139	240	1
benchmarks/spec2006/400.perlbench.bc	400.perlbench.bc	min-pred-succ	Perl_vmess	1	0	0	1.002742	236	1
benchmarks/spec2006/400.perlbench.bc	400.perlbench.bc	min-pred-succ	S_closest_cop	1	0	0	1.002806	208	1
benchmarks/spec2006/400.perlbench.bc	400.perlbench.bc	min-pred-succ	Perl_write_to_stderr	1	0	0	1.002984	192	1
benchmarks/spec2006/400.perlbench.bc	400.perlbench.bc	min-pred-succ	S_vdie_croak_common	1	0	0	1.002752	196	1
benchmarks/spec2006/400.perlbench.bc	400.perlbench.bc	min-pred-succ	S_vdie_common	1	0	0	1.002736	188	1
benchmarks/spec2006/400.perlbench.bc	400.perlbench.bc	min-pred-succ	Perl_vdie	1	0	0	1.002907	204	1
benchmarks/spec2006/400.perlbench.bc	400.perlbench.bc	min-pred-succ	Perl_die	1	0	0	1.002551	236	1
benchmarks/spec2006/400.perlbench.bc	400.perlbench.bc	min-pred-succ	Perl_vcroak	1	0	0	1.002408	204	1
benchmarks/spec2006/400.perlbench.bc	400.perlbench.bc	min-pred-succ	Perl_croak	1	0	0	1.002755	232	1
benchmarks/spec2006/400.perlbench.bc	400.perlbench.bc	min-pred-succ	Perl_vwarn	1	0	0	1.002772	200	1
benchmarks/spec2006/400.perlbench.bc	400.perlbench.bc	min-pred-succ	Perl_warn	1	0	0	1.002711	192	1
benchmarks/spec2006/400.perlbench.bc	400.perlbench.bc	min-pred-succ	Perl_warner	1	0	0	1.002476	176	1
benchmarks/spec2006/400.perlbench.bc	400.perlbench.bc	min-pred-succ	Perl_vwarner	1	0	0	1.002760	196	1
benchmarks/spec2006/400.perlbench.bc	400.perlbench.bc	min-pred-succ	Perl_my_setenv	1	0	0	1.003172	208	1
benchmarks/spec2006/400.perlbench.bc	400.perlbench.bc	min-pred-succ	Perl_setenv_getix	1	0	0	1.002981	200	1
benchmarks/spec2006/400.perlbench.bc	400.perlbench.bc	min-pred-succ	Perl_my_swap	1	0	0	1.002845	204	1
benchmarks/spec2006/400.perlbench.bc	400.perlbench.bc	min-pred-succ	Perl_my_htonl	1	0	0	1.002587	236	1
benchmarks/spec2006/400.perlbench.bc	400.perlbench.bc	min-pred-succ	Perl_my_ntohl	1	0	0	1.002772	204	1
benchmarks/spec2006/400.perlbench.bc	400.perlbench.bc	min-pred-succ	htovs	1	0	0	1.003221	204	1
benchmarks/spec2006/400.perlbench.bc	400.perlbench.bc	min-pred-succ	htovl	1	0	0	1.007734	452	1
benchmarks/spec2006/400.perlbench.bc	400.perlbench.bc	min-pred-succ	vtohs	1	0	0	1.003976	204	1
benchmarks/spec2006/400.perlbench.bc	400.perlbench.bc	min-pred-succ	vtohl	1	0	0	1.006013	204	1
benchmarks/spec2006/400.perlbench.bc	400.perlbench.bc	min-pred-succ	Perl_my_swabn	1	0	0	1.005225	204	1
benchmarks/spec2006/400.perlbench.bc	400.perlbench.bc	min-pred-succ	Perl_my_popen_list	1	0	0	1.005282	204	1
benchmarks/spec2006/400.perlbench.bc	400.perlbench.bc	min-pred-succ	Perl_my_fork	1	0	0	1.005942	200	1
benchmarks/spec2006/400.perlbench.bc	400.perlbench.bc	min-pred-succ	dup2	1	0	0	1.004578	236	1
benchmarks/spec2006/400.perlbench.bc	400.perlbench.bc	min-pred-succ	Perl_wait4pid	1	0	0	1.005887	196	1
benchmarks/spec2006/400.perlbench.bc	400.perlbench.bc	min-pred-succ	Perl_my_popen	1	0	0	2.005187	121540	1
benchmarks/spec2006/400.perlbench.bc	400.perlbench.bc	min-pred-succ	Perl_atfork_lock	1	0	0	1.003436	204	1
benchmarks/spec2006/400.perlbench.bc	400.perlbench.bc	min-pred-succ	Perl_atfork_unlock	1	0	0	1.003752	196	1
benchmarks/spec2006/400.perlbench.bc	400.perlbench.bc	min-pred-succ	Perl_rsignal	1	0	0	1.003248	232	1
benchmarks/spec2006/400.perlbench.bc	400.perlbench.bc	min-pred-succ	Perl_rsignal_state	1	0	0	1.004568	180	1
benchmarks/spec2006/400.perlbench.bc	400.perlbench.bc	min-pred-succ	sig_trap	1	0	0	1.004650	192	1
benchmarks/spec2006/400.perlbench.bc	400.perlbench.bc	min-pred-succ	Perl_rsignal_save	1	0	0	1.004098	192	1
benchmarks/spec2006/400.perlbench.bc	400.perlbench.bc	min-pred-succ	Perl_rsignal_restore	1	0	0	1.004023	204	1
benchmarks/spec2006/400.perlbench.bc	400.perlbench.bc	min-pred-succ	Perl_my_pclose	1	0	0	1.003710	208	1
benchmarks/spec2006/400.perlbench.bc	400.perlbench.bc	min-pred-succ	Perl_pidgone	1	0	0	1.004345	196	1
benchmarks/spec2006/400.perlbench.bc	400.perlbench.bc	min-pred-succ	Perl_repeatcpy	1	0	0	1.003352	204	1
benchmarks/spec2006/400.perlbench.bc	400.perlbench.bc	min-pred-succ	Perl_same_dirent	1	0	0	1.003971	204	1
benchmarks/spec2006/400.perlbench.bc	400.perlbench.bc	min-pred-succ	Perl_find_script	1	0	0	1.003032	232	1
benchmarks/spec2006/400.perlbench.bc	400.perlbench.bc	min-pred-succ	Perl_get_context	1	0	0	1.003426	200	1
benchmarks/spec2006/400.perlbench.bc	400.perlbench.bc	min-pred-succ	Perl_set_context	1	0	0	1.003181	204	1
benchmarks/spec2006/400.perlbench.bc	400.perlbench.bc	min-pred-succ	Perl_get_op_names	1	0	0	1.002179	104	1
benchmarks/spec2006/400.perlbench.bc	400.perlbench.bc	min-pred-succ	Perl_get_op_descs	1	0	0	1.002666	240	1
benchmarks/spec2006/400.perlbench.bc	400.perlbench.bc	min-pred-succ	Perl_get_no_modify	1	0	0	1.002526	204	1
benchmarks/spec2006/400.perlbench.bc	400.perlbench.bc	min-pred-succ	Perl_get_opargs	1	0	0	1.002471	204	1
benchmarks/spec2006/400.perlbench.bc	400.perlbench.bc	min-pred-succ	Perl_get_ppaddr	1	0	0	1.002481	192	1
benchmarks/spec2006/400.perlbench.bc	400.perlbench.bc	min-pred-succ	Perl_getenv_len	1	0	0	1.002747	204	1
benchmarks/spec2006/400.perlbench.bc	400.perlbench.bc	min-pred-succ	Perl_get_vtbl	1	0	0	1.002634	188	1
benchmarks/spec2006/400.perlbench.bc	400.perlbench.bc	min-pred-succ	Perl_my_fflush_all	1	0	0	1.002648	200	1
benchmarks/spec2006/400.perlbench.bc	400.perlbench.bc	min-pred-succ	Perl_report_evil_fh	1	0	0	1.002524	100	1
benchmarks/spec2006/400.perlbench.bc	400.perlbench.bc	min-pred-succ	Perl_init_tm	1	0	0	1.002575	236	1
benchmarks/spec2006/400.perlbench.bc	400.perlbench.bc	min-pred-succ	Perl_mini_mktime	1	0	0	1.002883	232	1
benchmarks/spec2006/400.perlbench.bc	400.perlbench.bc	min-pred-succ	Perl_my_strftime	1	0	0	1.002744	204	1
benchmarks/spec2006/400.perlbench.bc	400.perlbench.bc	min-pred-succ	Perl_getcwd_sv	1	0	0	2.003915	126760	1
benchmarks/spec2006/400.perlbench.bc	400.perlbench.bc	min-pred-succ	Perl_my_socketpair	1	0	0	1.002609	208	1
benchmarks/spec2006/400.perlbench.bc	400.perlbench.bc	min-pred-succ	Perl_sv_nosharing	1	0	0	1.002593	196	1
benchmarks/spec2006/400.perlbench.bc	400.perlbench.bc	min-pred-succ	Perl_sv_nolocking	1	0	0	1.002642	184	1
benchmarks/spec2006/400.perlbench.bc	400.perlbench.bc	min-pred-succ	Perl_sv_nounlocking	1	0	0	1.002796	204	1
benchmarks/spec2006/400.perlbench.bc	400.perlbench.bc	min-pred-succ	Perl_parse_unicode_opts	1	0	0	1.002692	204	1
benchmarks/spec2006/400.perlbench.bc	400.perlbench.bc	min-pred-succ	Perl_seed	1	0	0	1.002958	204	1
benchmarks/spec2006/400.perlbench.bc	400.perlbench.bc	min-pred-succ	Perl_get_hash_seed	1	0	0	1.002862	184	1
benchmarks/spec2006/400.perlbench.bc	400.perlbench.bc	min-pred-succ	Perl_boot_core_xsutils	1	0	0	1.002784	192	1
benchmarks/spec2006/400.perlbench.bc	400.perlbench.bc	min-pred-succ	XS_attributes_bootstrap	1	0	0	1.002631	204	1
benchmarks/spec2006/400.perlbench.bc	400.perlbench.bc	min-pred-succ	XS_attributes__warn_reserved	1	0	0	1.002559	236	1
benchmarks/spec2006/400.perlbench.bc	400.perlbench.bc	min-pred-succ	XS_attributes__modify_attrs	1	0	0	1.002679	208	1
benchmarks/spec2006/400.perlbench.bc	400.perlbench.bc	min-pred-succ	XS_attributes__guess_stash	1	0	0	1.002986	208	1
benchmarks/spec2006/400.perlbench.bc	400.perlbench.bc	min-pred-succ	XS_attributes__fetch_attrs	1	0	0	1.002652	168	1
benchmarks/spec2006/400.perlbench.bc	400.perlbench.bc	min-pred-succ	XS_attributes_reftype	1	0	0	1.002648	204	1
benchmarks/spec2006/400.perlbench.bc	400.perlbench.bc	min-pred-succ	modify_SV_attributes	1	0	0	1.002846	204	1
benchmarks/spec2006/400.perlbench.bc	400.perlbench.bc	min-pred-succ	XS_MIME__Base64_encode_base64	1	0	0	1.002683	236	1
benchmarks/spec2006/400.perlbench.bc	400.perlbench.bc	min-pred-succ	XS_MIME__Base64_decode_base64	1	0	0	2.004071	126984	1
benchmarks/spec2006/400.perlbench.bc	400.perlbench.bc	min-pred-succ	XS_MIME__QuotedPrint_encode_qp	1	0	0	1.002651	240	1
benchmarks/spec2006/400.perlbench.bc	400.perlbench.bc	min-pred-succ	XS_MIME__QuotedPrint_decode_qp	1	0	0	1.002753	200	1
benchmarks/spec2006/400.perlbench.bc	400.perlbench.bc	min-pred-succ	boot_MIME__Base64	1	0	0	1.004035	1608	1
benchmarks/spec2006/400.perlbench.bc	400.perlbench.bc	min-pred-succ	XS_Cwd_fastcwd	1	0	0	1.002694	200	1
benchmarks/spec2006/400.perlbench.bc	400.perlbench.bc	min-pred-succ	XS_Cwd_abs_path	1	0	0	1.002639	184	1
benchmarks/spec2006/400.perlbench.bc	400.perlbench.bc	min-pred-succ	bsd_realpath	1	0	0	1.002725	196	1
benchmarks/spec2006/400.perlbench.bc	400.perlbench.bc	min-pred-succ	boot_Cwd	1	0	0	1.002667	208	1
benchmarks/spec2006/400.perlbench.bc	400.perlbench.bc	min-pred-succ	XS_Data__Dumper_Dumpxs	1	0	0	1.002590	232	1
benchmarks/spec2006/400.perlbench.bc	400.perlbench.bc	min-pred-succ	sv_x	1	0	0	1.002575	88	1
benchmarks/spec2006/400.perlbench.bc	400.perlbench.bc	min-pred-succ	DD_dump	1	-9	1	185.308791	706688	0
benchmarks/spec2006/400.perlbench.bc	400.perlbench.bc	min-pred-succ	needs_quote	1	0	0	1.002681	204	1
benchmarks/spec2006/400.perlbench.bc	400.perlbench.bc	min-pred-succ	esc_q_utf8	1	0	0	1.002698	236	1
benchmarks/spec2006/400.perlbench.bc	400.perlbench.bc	min-pred-succ	num_q	1	0	0	1.002693	204	1
benchmarks/spec2006/400.perlbench.bc	400.perlbench.bc	min-pred-succ	esc_q	1	0	0	1.002554	240	1
benchmarks/spec2006/400.perlbench.bc	400.perlbench.bc	min-pred-succ	boot_Data__Dumper	1	0	0	1.002648	208	1
benchmarks/spec2006/400.perlbench.bc	400.perlbench.bc	min-pred-succ	hrt_usleep	1	0	0	1.002582	204	1
benchmarks/spec2006/400.perlbench.bc	400.perlbench.bc	min-pred-succ	XS_Time__HiRes_constant	1	0	0	1.003001	196	1
benchmarks/spec2006/400.perlbench.bc	400.perlbench.bc	min-pred-succ	constant	1	0	0	1.002881	192	1
benchmarks/spec2006/400.perlbench.bc	400.perlbench.bc	min-pred-succ	constant_11	1	0	0	1.002844	208	1
benchmarks/spec2006/400.perlbench.bc	400.perlbench.bc	min-pred-succ	XS_Time__HiRes_usleep	1	0	0	1.003076	184	1
benchmarks/spec2006/400.perlbench.bc	400.perlbench.bc	min-pred-succ	XS_Time__HiRes_sleep	1	0	0	1.002730	204	1
benchmarks/spec2006/400.perlbench.bc	400.perlbench.bc	min-pred-succ	XS_Time__HiRes_gettimeofday	1	0	0	1.002594	204	1
benchmarks/spec2006/400.perlbench.bc	400.perlbench.bc	min-pred-succ	XS_Time__HiRes_time	1	0	0	1.002823	236	1
benchmarks/spec2006/400.perlbench.bc	400.perlbench.bc	min-pred-succ	boot_Time__HiRes	1	0	0	1.002650	156	1
benchmarks/spec2006/400.perlbench.bc	400.perlbench.bc	min-pred-succ	XS_IO__Seekable_getpos	1	0	0	1.002570	180	1
benchmarks/spec2006/400.perlbench.bc	400.perlbench.bc	min-pred-succ	XS_IO__Seekable_setpos	1	0	0	1.002648	180	1
benchmarks/spec2006/400.perlbench.bc	400.perlbench.bc	min-pred-succ	XS_IO__File_new_tmpfile	1	0	0	1.003002	180	1
benchmarks/spec2006/400.perlbench.bc	400.perlbench.bc	min-pred-succ	XS_IO__Poll__poll	1	0	0	1.002607	168	1
benchmarks/spec2006/400.perlbench.bc	400.perlbench.bc	min-pred-succ	XS_IO__Handle_blocking	1	0	0	1.002717	196	1
benchmarks/spec2006/400.perlbench.bc	400.perlbench.bc	min-pred-succ	io_blocking	1	0	0	1.003010	176	1
benchmarks/spec2006/400.perlbench.bc	400.perlbench.bc	min-pred-succ	XS_IO__Handle_ungetc	1	0	0	1.003558	204	1
benchmarks/spec2006/400.perlbench.bc	400.perlbench.bc	min-pred-succ	XS_IO__Handle_error	1	0	0	1.002876	204	1
benchmarks/spec2006/400.perlbench.bc	400.perlbench.bc	min-pred-succ	XS_IO__Handle_clearerr	1	0	0	1.002740	200	1
benchmarks/spec2006/400.perlbench.bc	400.perlbench.bc	min-pred-succ	XS_IO__Handle_untaint	1	0	0	1.002698	204	1
benchmarks/spec2006/400.perlbench.bc	400.perlbench.bc	min-pred-succ	XS_IO__Handle_flush	1	0	0	1.002677	204	1
benchmarks/spec2006/400.perlbench.bc	400.perlbench.bc	min-pred-succ	XS_IO__Handle_setbuf	1	0	0	1.002638	204	1
benchmarks/spec2006/400.perlbench.bc	400.perlbench.bc	min-pred-succ	not_here	1	0	0	1.002577	208	1
benchmarks/spec2006/400.perlbench.bc	400.perlbench.bc	min-pred-succ	XS_IO__Handle_setvbuf	1	0	0	1.002738	200	1
benchmarks/spec2006/400.perlbench.bc	400.perlbench.bc	min-pred-succ	XS_IO__Handle_sync	1	0	0	1.002616	204	1
benchmarks/spec2006/400.perlbench.bc	400.perlbench.bc	min-pred-succ	XS_IO__Socket_sockatmark	1	0	0	1.003120	188	1
benchmarks/spec2006/400.perlbench.bc	400.perlbench.bc	min-pred-succ	boot_IO	1	0	0	1.002666	236	1
benchmarks/spec2006/400.perlbench.bc	400.perlbench.bc	min-pred-succ	_runops_debug	1	0	0	1.003249	144	1
benchmarks/spec2006/400.perlbench.bc	400.perlbench.bc	min-pred-succ	DeadCode	1	0	0	1.002794	184	1
benchmarks/spec2006/400.perlbench.bc	400.perlbench.bc	min-pred-succ	fill_mstats	1	0	0	1.003838	940	1
benchmarks/spec2006/400.perlbench.bc	400.perlbench.bc	min-pred-succ	mstats_fillhash	1	0	0	1.003006	196	1
benchmarks/spec2006/400.perlbench.bc	400.perlbench.bc	min-pred-succ	mstats2hash	1	0	0	1.002864	240	1
benchmarks/spec2006/400.perlbench.bc	400.perlbench.bc	min-pred-succ	XS_Devel__Peek_mstat	1	0	0	1.002589	204	1
benchmarks/spec2006/400.perlbench.bc	400.perlbench.bc	min-pred-succ	XS_Devel__Peek_fill_mstats	1	0	0	1.002605	164	1
benchmarks/spec2006/400.perlbench.bc	400.perlbench.bc	min-pred-succ	XS_Devel__Peek_mstats_fillhash	1	0	0	1.002775	96	1
benchmarks/spec2006/400.perlbench.bc	400.perlbench.bc	min-pred-succ	XS_Devel__Peek_mstats2hash	1	0	0	1.002598	204	1
benchmarks/spec2006/400.perlbench.bc	400.perlbench.bc	min-pred-succ	XS_Devel__Peek_Dump	1	0	0	1.002707	232	1
benchmarks/spec2006/400.perlbench.bc	400.perlbench.bc	min-pred-succ	XS_Devel__Peek_DumpArray	1	0	0	1.003085	196	1
benchmarks/spec2006/400.perlbench.bc	400.perlbench.bc	min-pred-succ	XS_Devel__Peek_DumpProg	1	0	0	1.002911	204	1
benchmarks/spec2006/400.perlbench.bc	400.perlbench.bc	min-pred-succ	XS_Devel__Peek_SvREFCNT	1	0	0	1.002668	232	1
benchmarks/spec2006/400.perlbench.bc	400.perlbench.bc	min-pred-succ	XS_Devel__Peek_SvREFCNT_inc	1	0	0	1.002549	204	1
benchmarks/spec2006/400.perlbench.bc	400.perlbench.bc	min-pred-succ	XS_Devel__Peek_SvREFCNT_dec	1	0	0	1.003160	348	1
benchmarks/spec2006/400.perlbench.bc	400.perlbench.bc	min-pred-succ	XS_Devel__Peek_DeadCode	1	0	0	1.002555	232	1
benchmarks/spec2006/400.perlbench.bc	400.perlbench.bc	min-pred-succ	XS_Devel__Peek_CvGV	1	0	0	1.002555	180	1
benchmarks/spec2006/400.perlbench.bc	400.perlbench.bc	min-pred-succ	XS_Devel__Peek_runops_debug	1	0	0	1.002738	196	1
benchmarks/spec2006/400.perlbench.bc	400.perlbench.bc	min-pred-succ	boot_Devel__Peek	1	0	0	1.002665	204	1
benchmarks/spec2006/400.perlbench.bc	400.perlbench.bc	min-pred-succ	XS_attrs_import	1	0	0	1.002772	176	1
benchmarks/spec2006/400.perlbench.bc	400.perlbench.bc	min-pred-succ	get_flag	1	0	0	1.003180	204	1
benchmarks/spec2006/400.perlbench.bc	400.perlbench.bc	min-pred-succ	XS_attrs_get	1	0	0	1.002668	224	1
benchmarks/spec2006/400.perlbench.bc	400.perlbench.bc	min-pred-succ	boot_attrs	1	0	0	1.002658	196	1
benchmarks/spec2006/400.perlbench.bc	400.perlbench.bc	min-pred-succ	Perl_my_poll	1	0	0	1.002678	232	1
benchmarks/spec2006/400.perlbench.bc	400.perlbench.bc	min-pred-succ	xsfopen	1	0	0	1.002910	204	1
benchmarks/spec2006/400.perlbench.bc	400.perlbench.bc	min-pred-succ	xsfclose	1	0	0	1.002549	208	1
benchmarks/spec2006/400.perlbench.bc	400.perlbench.bc	min-pred-succ	xsfprintf	1	0	0	1.003232	12	1
benchmarks/spec2006/400.perlbench.bc	400.perlbench.bc	min-pred-succ	XS_DynaLoader_dl_error	1	0	0	1.002868	204	1
benchmarks/spec2006/400.perlbench.bc	400.perlbench.bc	min-pred-succ	boot_DynaLoader	1	0	0	1.002241	224	1
benchmarks/spec2006/400.perlbench.bc	400.perlbench.bc	min-pred-succ	XS_Digest__MD5_new	1	0	0	1.002627	176	1
benchmarks/spec2006/400.perlbench.bc	400.perlbench.bc	min-pred-succ	get_md5_ctx	1	0	0	1.002461	96	1
benchmarks/spec2006/400.perlbench.bc	400.perlbench.bc	min-pred-succ	MD5Init	1	0	0	1.002571	188	1
benchmarks/spec2006/400.perlbench.bc	400.perlbench.bc	min-pred-succ	XS_Digest__MD5_clone	1	0	0	1.003075	204	1
benchmarks/spec2006/400.perlbench.bc	400.perlbench.bc	min-pred-succ	XS_Digest__MD5_DESTROY	1	0	0	1.002834	176	1
benchmarks/spec2006/400.perlbench.bc	400.perlbench.bc	min-pred-succ	XS_Digest__MD5_add	1	0	0	1.003208	184	1
benchmarks/spec2006/400.perlbench.bc	400.perlbench.bc	min-pred-succ	MD5Update	1	0	0	1.002626	204	1
benchmarks/spec2006/400.perlbench.bc	400.perlbench.bc	min-pred-succ	MD5Transform	1	0	0	7.011906	118964	1
benchmarks/spec2006/400.perlbench.bc	400.perlbench.bc	min-pred-succ	XS_Digest__MD5_addfile	1	0	0	1.004238	208	1
benchmarks/spec2006/400.perlbench.bc	400.perlbench.bc	min-pred-succ	XS_Digest__MD5_digest	1	0	0	1.004529	208	1
benchmarks/spec2006/400.perlbench.bc	400.perlbench.bc	min-pred-succ	MD5Final	1	0	0	1.004437	200	1
benchmarks/spec2006/400.perlbench.bc	400.perlbench.bc	min-pred-succ	make_mortal_sv	1	0	0	1.005506	188	1
benchmarks/spec2006/400.perlbench.bc	400.perlbench.bc	min-pred-succ	hex_16	1	0	0	1.004931	204	1
benchmarks/spec2006/400.perlbench.bc	400.perlbench.bc	min-pred-succ	base64_16	1	0	0	1.005161	188	1
benchmarks/spec2006/400.perlbench.bc	400.perlbench.bc	min-pred-succ	u2s	1	0	0	1.005071	184	1
benchmarks/spec2006/400.perlbench.bc	400.perlbench.bc	min-pred-succ	XS_Digest__MD5_md5	1	0	0	1.005346	208	1
benchmarks/spec2006/400.perlbench.bc	400.perlbench.bc	min-pred-succ	boot_Digest__MD5	1	0	0	1.005636	204	1
benchmarks/spec2006/400.perlbench.bc	400.perlbench.bc	min-pred-succ	is_storing	1	0	0	1.005312	196	1
benchmarks/spec2006/400.perlbench.bc	400.perlbench.bc	min-pred-succ	is_retrieving	1	0	0	1.003889	204	1
benchmarks/spec2006/400.perlbench.bc	400.perlbench.bc	min-pred-succ	last_op_in_netorder	1	0	0	1.004256	204	1
benchmarks/spec2006/400.perlbench.bc	400.perlbench.bc	min-pred-succ	pstore	1	0	0	1.004637	176	1
benchmarks/spec2006/400.perlbench.bc	400.perlbench.bc	min-pred-succ	do_store	1	0	0	1.003343	204	1
benchmarks/spec2006/400.perlbench.bc	400.perlbench.bc	min-pred-succ	clean_context	1	0	0	1.003797	188	1
benchmarks/spec2006/400.perlbench.bc	400.perlbench.bc	min-pred-succ	allocate_context	1	0	0	1.005149	4	1
benchmarks/spec2006/400.perlbench.bc	400.perlbench.bc	min-pred-succ	init_store_context	1	0	0	1.003858	188	1
benchmarks/spec2006/400.perlbench.bc	400.perlbench.bc	min-pred-succ	magic_write	1	0	0	1.004258	232	1
benchmarks/spec2006/400.perlbench.bc	400.perlbench.bc	min-pred-succ	store	1	0	0	1.005623	204	1
benchmarks/spec2006/400.perlbench.bc	400.perlbench.bc	min-pred-succ	mbuf2sv	1	0	0	1.005671	204	1
benchmarks/spec2006/400.perlbench.bc	400.perlbench.bc	min-pred-succ	clean_store_context	1	0	0	1.005113	236	1
benchmarks/spec2006/400.perlbench.bc	400.perlbench.bc	min-pred-succ	free_context	1	0	0	1.004851	208	1
benchmarks/spec2006/400.perlbench.bc	400.perlbench.bc	min-pred-succ	reset_context	1	0	0	1.004415	200	1
benchmarks/spec2006/400.perlbench.bc	400.perlbench.bc	min-pred-succ	sv_type	1	0	0	1.004811	192	1
benchmarks/spec2006/400.perlbench.bc	400.perlbench.bc	min-pred-succ	store_blessed	1	0	0	1.002956	176	1
benchmarks/spec2006/400.perlbench.bc	400.perlbench.bc	min-pred-succ	store_ref	1	0	0	1.002577	204	1
benchmarks/spec2006/400.perlbench.bc	400.perlbench.bc	min-pred-succ	store_scalar	1	0	0	1.002772	204	1
benchmarks/spec2006/400.perlbench.bc	400.perlbench.bc	min-pred-succ	store_array	1	0	0	2.004187	118560	1
benchmarks/spec2006/400.perlbench.bc	400.perlbench.bc	min-pred-succ	store_hash	1	-9	1	185.305726	668340	0
benchmarks/spec2006/400.perlbench.bc	400.perlbench.bc	min-pred-succ	store_tied	1	0	0	1.002705	192	1
benchmarks/spec2006/400.perlbench.bc	400.perlbench.bc	min-pred-succ	store_tied_item	1	0	0	1.002704	192	1
benchmarks/spec2006/400.perlbench.bc	400.perlbench.bc	min-pred-succ	store_code	1	0	0	1.002659	204	1
benchmarks/spec2006/400.perlbench.bc	400.perlbench.bc	min-pred-succ	store_other	1	0	0	1.002625	236	1
benchmarks/spec2006/400.perlbench.bc	400.perlbench.bc	min-pred-succ	pkg_can	1	0	0	1.002630	204	1
benchmarks/spec2006/400.perlbench.bc	400.perlbench.bc	min-pred-succ	store_hook	1	-9	1	185.294035	395772	0
benchmarks/spec2006/400.perlbench.bc	400.perlbench.bc	min-pred-succ	known_class	1	0	0	1.002905	208	1
benchmarks/spec2006/400.perlbench.bc	400.perlbench.bc	min-pred-succ	array_call	1	0	0	1.001736	196	1
benchmarks/spec2006/400.perlbench.bc	400.perlbench.bc	min-pred-succ	pkg_hide	1	0	0	1.002550	204	1
benchmarks/spec2006/400.perlbench.bc	400.perlbench.bc	min-pred-succ	pkg_fetchmeth	1	0	0	1.002877	180	1
benchmarks/spec2006/400.perlbench.bc	400.perlbench.bc	min-pred-succ	clean_retrieve_context	1	0	0	1.002718	240	1
benchmarks/spec2006/400.perlbench.bc	400.perlbench.bc	min-pred-succ	net_pstore	1	0	0	1.002772	176	1
benchmarks/spec2006/400.perlbench.bc	400.perlbench.bc	min-pred-succ	mstore	1	0	0	1.002523	164	1
benchmarks/spec2006/400.perlbench.bc	400.perlbench.bc	min-pred-succ	net_mstore	1	0	0	1.002712	208	1
benchmarks/spec2006/400.perlbench.bc	400.perlbench.bc	min-pred-succ	pretrieve	1	0	0	1.002744	204	1
benchmarks/spec2006/400.perlbench.bc	400.perlbench.bc	min-pred-succ	do_retrieve	1	0	0	1.002892	208	1
benchmarks/spec2006/400.perlbench.bc	400.perlbench.bc	min-pred-succ	magic_check	1	0	0	1.003216	188	1
benchmarks/spec2006/400.perlbench.bc	400.perlbench.bc	min-pred-succ	init_retrieve_context	1	0	0	1.002648	76	1
benchmarks/spec2006/400.perlbench.bc	400.perlbench.bc	min-pred-succ	retrieve	1	0	0	6.010310	172232	1
benchmarks/spec2006/400.perlbench.bc	400.perlbench.bc	min-pred-succ	retrieve_lscalar	1	0	0	1.002660	200	1
benchmarks/spec2006/400.perlbench.bc	400.perlbench.bc	min-pred-succ	old_retrieve_array	1	0	0	1.002974	188	1
benchmarks/spec2006/400.perlbench.bc	400.perlbench.bc	min-pred-succ	old_retrieve_hash	1	0	0	3.004795	147376	1
benchmarks/spec2006/400.perlbench.bc	400.perlbench.bc	min-pred-succ	retrieve_ref	1	0	0	1.002784	232	1
benchmarks/spec2006/400.perlbench.bc	400.perlbench.bc	min-pred-succ	retrieve_undef	1	0	0	1.002669	232	1
benchmarks/spec2006/400.perlbench.bc	400.perlbench.bc	min-pred-succ	retrieve_integer	1	0	0	1.002873	204	1
benchmarks/spec2006/400.perlbench.bc	400.perlbench.bc	min-pred-succ	retrieve_double	1	0	0	1.003005	204	1
benchmarks/spec2006/400.perlbench.bc	400.perlbench.bc	min-pred-succ	retrieve_byte	1	0	0	1.002659	200	1
benchmarks/spec2006/400.perlbench.bc	400.perlbench.bc	min-pred-succ	retrieve_netint	1	0	0	1.002725	208	1
benchmarks/spec2006/400.perlbench.bc	400.perlbench.bc	min-pred-succ	retrieve_scalar	1	0	0	1.002685	208	1
benchmarks/spec2006/400.perlbench.bc	400.perlbench.bc	min-pred-succ	retrieve_tied_array	1	0	0	1.002475	236	1
benchmarks/spec2006/400.perlbench.bc	400.perlbench.bc	min-pred-succ	retrieve_tied_hash	1	0	0	1.004403	188	1
benchmarks/spec2006/400.perlbench.bc	400.perlbench.bc	min-pred-succ	retrieve_tied_scalar	1	0	0	1.002636	208	1
benchmarks/spec2006/400.perlbench.bc	400.perlbench.bc	min-pred-succ	retrieve_other	1	0	0	1.002656	204	1
benchmarks/spec2006/400.perlbench.bc	400.perlbench.bc	min-pred-succ	retrieve_array	1	0	0	1.002667	204	1
benchmarks/spec2006/400.perlbench.bc	400.perlbench.bc	min-pred-succ	retrieve_hash	1	0	0	2.004121	130604	1
benchmarks/spec2006/400.perlbench.bc	400.perlbench.bc	min-pred-succ	retrieve_sv_undef	1	0	0	1.002757	208	1
benchmarks/spec2006/400.perlbench.bc	400.perlbench.bc	min-pred-succ	retrieve_sv_yes	1	0	0	1.002705	76	1
benchmarks/spec2006/400.perlbench.bc	400.perlbench.bc	min-pred-succ	retrieve_sv_no	1	0	0	1.002598	204	1
benchmarks/spec2006/400.perlbench.bc	400.perlbench.bc	min-pred-succ	retrieve_blessed	1	0	0	1.002635	192	1
benchmarks/spec2006/400.perlbench.bc	400.perlbench.bc	min-pred-succ	retrieve_idx_blessed	1	0	0	1.004039	96	1
benchmarks/spec2006/400.perlbench.bc	400.perlbench.bc	min-pred-succ	retrieve_hook	1	-9	1	185.289778	319036	0
benchmarks/spec2006/400.perlbench.bc	400.perlbench.bc	min-pred-succ	retrieve_overloaded	1	0	0	1.002674	204	1
benchmarks/spec2006/400.perlbench.bc	400.perlbench.bc	min-pred-succ	retrieve_tied_key	1	0	0	1.002589	192	1
benchmarks/spec2006/400.perlbench.bc	400.perlbench.bc	min-pred-succ	retrieve_tied_idx	1	0	0	1.002552	208	1
benchmarks/spec2006/400.perlbench.bc	400.perlbench.bc	min-pred-succ	retrieve_utf8str	1	0	0	1.002879	236	1
benchmarks/spec2006/400.perlbench.bc	400.perlbench.bc	min-pred-succ	retrieve_lutf8str	1	0	0	1.003263	240	1
benchmarks/spec2006/400.perlbench.bc	400.perlbench.bc	min-pred-succ	retrieve_flag_hash	1	0	0	3.005620	151844	1
benchmarks/spec2006/400.perlbench.bc	400.perlbench.bc	min-pred-succ	retrieve_code	1	0	0	1.003297	204	1
benchmarks/spec2006/400.perlbench.bc	400.perlbench.bc	min-pred-succ	pkg_uncache	1	0	0	1.002984	200	1
benchmarks/spec2006/400.perlbench.bc	400.perlbench.bc	min-pred-succ	scalar_call	1	0	0	1.002918	208	1
benchmarks/spec2006/400.perlbench.bc	400.perlbench.bc	min-pred-succ	mretrieve	1	0	0	1.002677	204	1
benchmarks/spec2006/400.perlbench.bc	400.perlbench.bc	min-pred-succ	dclone	1	0	0	1.002498	208	1
benchmarks/spec2006/400.perlbench.bc	400.perlbench.bc	min-pred-succ	XS_Storable__Cxt_DESTROY	1	0	0	1.002947	176	1
benchmarks/spec2006/400.perlbench.bc	400.perlbench.bc	min-pred-succ	XS_Storable_init_perinterp	1	0	0	1.002597	196	1
benchmarks/spec2006/400.perlbench.bc	400.perlbench.bc	min-pred-succ	init_perinterp	1	0	0	1.002579	192	1
benchmarks/spec2006/400.perlbench.bc	400.perlbench.bc	min-pred-succ	XS_Storable_pstore	1	0	0	1.002740	204	1
benchmarks/spec2006/400.perlbench.bc	400.perlbench.bc	min-pred-succ	XS_Storable_net_pstore	1	0	0	1.002786	184	1
benchmarks/spec2006/400.perlbench.bc	400.perlbench.bc	min-pred-succ	XS_Storable_mstore	1	0	0	1.004663	196	1
benchmarks/spec2006/400.perlbench.bc	400.perlbench.bc	min-pred-succ	XS_Storable_net_mstore	1	0	0	1.004930	208	1
benchmarks/spec2006/400.perlbench.bc	400.perlbench.bc	min-pred-succ	XS_Storable_pretrieve	1	0	0	1.004730	200	1
benchmarks/spec2006/400.perlbench.bc	400.perlbench.bc	min-pred-succ	XS_Storable_mretrieve	1	0	0	1.004936	204	1
benchmarks/spec2006/400.perlbench.bc	400.perlbench.bc	min-pred-succ	XS_Storable_dclone	1	0	0	1.004634	204	1
benchmarks/spec2006/400.perlbench.bc	400.perlbench.bc	min-pred-succ	XS_Storable_last_op_in_netorder	1	0	0	1.005841	208	1
benchmarks/spec2006/400.perlbench.bc	400.perlbench.bc	min-pred-succ	XS_Storable_is_storing	1	0	0	1.004326	204	1
benchmarks/spec2006/400.perlbench.bc	400.perlbench.bc	min-pred-succ	XS_Storable_is_retrieving	1	0	0	1.004528	236	1
benchmarks/spec2006/400.perlbench.bc	400.perlbench.bc	min-pred-succ	boot_Storable	1	0	0	1.003192	204	1
benchmarks/spec2006/400.perlbench.bc	400.perlbench.bc	min-pred-succ	magic_free_pstate	1	0	0	1.003335	84	1
benchmarks/spec2006/400.perlbench.bc	400.perlbench.bc	min-pred-succ	get_pstate_iv	1	0	0	1.004845	192	1
benchmarks/spec2006/400.perlbench.bc	400.perlbench.bc	min-pred-succ	free_pstate	1	0	0	1.003515	192	1
benchmarks/spec2006/400.perlbench.bc	400.perlbench.bc	min-pred-succ	XS_HTML__Parser__alloc_pstate	1	0	0	1.003871	204	1
benchmarks/spec2006/400.perlbench.bc	400.perlbench.bc	min-pred-succ	XS_HTML__Parser_parse	1	0	0	1.004471	4	1
benchmarks/spec2006/400.perlbench.bc	400.perlbench.bc	min-pred-succ	get_pstate_hv	1	0	0	1.006113	188	1
benchmarks/spec2006/400.perlbench.bc	400.perlbench.bc	min-pred-succ	parse	1	0	0	95.143893	126276	1
benchmarks/spec2006/400.perlbench.bc	400.perlbench.bc	min-pred-succ	parse_buf	1	-9	1	185.283112	325040	0
benchmarks/spec2006/400.perlbench.bc	400.perlbench.bc	min-pred-succ	report_event	1	0	0	1.002852	180	1
benchmarks/spec2006/400.perlbench.bc	400.perlbench.bc	min-pred-succ	flush_pending_text	1	0	0	1.003153	208	1
benchmarks/spec2006/400.perlbench.bc	400.perlbench.bc	min-pred-succ	probably_utf8_chunk	1	0	0	1.002770	204	1
benchmarks/spec2006/400.perlbench.bc	400.perlbench.bc	min-pred-succ	has_hibit	1	0	0	1.002744	232	1
benchmarks/spec2006/400.perlbench.bc	400.perlbench.bc	min-pred-succ	sv_lower	1	0	0	1.003292	204	1
benchmarks/spec2006/400.perlbench.bc	400.perlbench.bc	min-pred-succ	decode_entities	1	-9	1	185.297367	325176	0
benchmarks/spec2006/400.perlbench.bc	400.perlbench.bc	min-pred-succ	grow_gap	1	0	0	1.002684	236	1
benchmarks/spec2006/400.perlbench.bc	400.perlbench.bc	min-pred-succ	marked_section_update	1	0	0	1.003058	240	1
benchmarks/spec2006/400.perlbench.bc	400.perlbench.bc	min-pred-succ	parse_start	1	0	0	21.030508	206792	1
benchmarks/spec2006/400.perlbench.bc	400.perlbench.bc	min-pred-succ	parse_end	1	0	0	1.002881	236	1
benchmarks/spec2006/400.perlbench.bc	400.perlbench.bc	min-pred-succ	parse_decl	1	0	0	13.020119	194812	1
benchmarks/spec2006/400.perlbench.bc	400.perlbench.bc	min-pred-succ	parse_process	1	0	0	1.002634	180	1
benchmarks/spec2006/400.perlbench.bc	400.perlbench.bc	min-pred-succ	parse_comment	1	0	0	1.002611	208	1
benchmarks/spec2006/400.perlbench.bc	400.perlbench.bc	min-pred-succ	parse_marked_section	1	0	0	1.002892	204	1
benchmarks/spec2006/400.perlbench.bc	400.perlbench.bc	min-pred-succ	strnEQx	1	0	0	1.002734	208	1
benchmarks/spec2006/400.perlbench.bc	400.perlbench.bc	min-pred-succ	tokens_grow	1	0	0	1.002755	176	1
benchmarks/spec2006/400.perlbench.bc	400.perlbench.bc	min-pred-succ	skip_until_gt	1	0	0	1.002760	192	1
benchmarks/spec2006/400.perlbench.bc	400.perlbench.bc	min-pred-succ	XS_HTML__Parser_eof	1	0	0	1.002891	204	1
benchmarks/spec2006/400.perlbench.bc	400.perlbench.bc	min-pred-succ	XS_HTML__Parser_strict_comment	1	0	0	1.002795	200	1
benchmarks/spec2006/400.perlbench.bc	400.perlbench.bc	min-pred-succ	XS_HTML__Parser_boolean_attribute_value	1	0	0	1.002664	208	1
benchmarks/spec2006/400.perlbench.bc	400.perlbench.bc	min-pred-succ	XS_HTML__Parser_ignore_tags	1	0	0	1.002912	176	1
benchmarks/spec2006/400.perlbench.bc	400.perlbench.bc	min-pred-succ	XS_HTML__Parser_handler	1	0	0	1.002744	196	1
benchmarks/spec2006/400.perlbench.bc	400.perlbench.bc	min-pred-succ	argspec_compile	1	0	0	18.030574	151744	1
benchmarks/spec2006/400.perlbench.bc	400.perlbench.bc	min-pred-succ	check_handler	1	0	0	1.005421	204	1
benchmarks/spec2006/400.perlbench.bc	400.perlbench.bc	min-pred-succ	XS_HTML__Entities_decode_entities	1	0	0	1.005418	232	1
benchmarks/spec2006/400.perlbench.bc	400.perlbench.bc	min-pred-succ	XS_HTML__Entities__decode_entities	1	0	0	1.003761	200	1
benchmarks/spec2006/400.perlbench.bc	400.perlbench.bc	min-pred-succ	XS_HTML__Entities__probably_utf8_chunk	1	0	0	1.003854	16	1
benchmarks/spec2006/400.perlbench.bc	400.perlbench.bc	min-pred-succ	XS_HTML__Entities_UNICODE_SUPPORT	1	0	0	1.005445	184	1
benchmarks/spec2006/400.perlbench.bc	400.perlbench.bc	min-pred-succ	boot_HTML__Parser	1	0	0	1.003541	176	1
benchmarks/spec2006/400.perlbench.bc	400.perlbench.bc	min-pred-succ	spec_srand	1	0	0	1.005626	184	1
benchmarks/spec2006/400.perlbench.bc	400.perlbench.bc	min-pred-succ	spec_rand	1	0	0	1.005312	204	1
benchmarks/spec2006/400.perlbench.bc	400.perlbench.bc	min-pred-succ	XS_Sys__Hostname_ghname	1	0	0	1.004353	196	1
benchmarks/spec2006/400.perlbench.bc	400.perlbench.bc	min-pred-succ	boot_Sys__Hostname	1	0	0	1.003800	204	1
benchmarks/spec2006/400.perlbench.bc	400.perlbench.bc	min-pred-succ	XS_Opcode__safe_pkg_prep	1	0	0	1.004282	164	1
benchmarks/spec2006/400.perlbench.bc	400.perlbench.bc	min-pred-succ	XS_Opcode__safe_call_sv	1	0	0	1.003020	180	1
benchmarks/spec2006/400.perlbench.bc	400.perlbench.bc	min-pred-succ	opmask_addlocal	1	0	0	1.004795	204	1
benchmarks/spec2006/400.perlbench.bc	400.perlbench.bc	min-pred-succ	opmask_add	1	0	0	1.003780	208	1
benchmarks/spec2006/400.perlbench.bc	400.perlbench.bc	min-pred-succ	verify_opset	1	0	0	1.003888	204	1
benchmarks/spec2006/400.perlbench.bc	400.perlbench.bc	min-pred-succ	XS_Opcode_verify_opset	1	0	0	1.003816	208	1
benchmarks/spec2006/400.perlbench.bc	400.perlbench.bc	min-pred-succ	XS_Opcode_invert_opset	1	0	0	1.004837	208	1
benchmarks/spec2006/400.perlbench.bc	400.perlbench.bc	min-pred-succ	new_opset	1	0	0	1.005055	236	1
benchmarks/spec2006/400.perlbench.bc	400.perlbench.bc	min-pred-succ	XS_Opcode_opset_to_ops	1	0	0	1.004849	204	1
benchmarks/spec2006/400.perlbench.bc	400.perlbench.bc	min-pred-succ	XS_Opcode_opset	1	0	0	1.005395	232	1
benchmarks/spec2006/400.perlbench.bc	400.perlbench.bc	min-pred-succ	get_op_bitspec	1	0	0	1.007190	208	1
benchmarks/spec2006/400.perlbench.bc	400.perlbench.bc	min-pred-succ	set_opset_bits	1	0	0	1.005233	208	1
benchmarks/spec2006/400.perlbench.bc	400.perlbench.bc	min-pred-succ	XS_Opcode_permit_only	1	0	0	1.004145	4	1
benchmarks/spec2006/400.perlbench.bc	400.perlbench.bc	min-pred-succ	XS_Opcode_opdesc	1	0	0	1.002617	208	1
benchmarks/spec2006/400.perlbench.bc	400.perlbench.bc	min-pred-succ	XS_Opcode_define_optag	1	0	0	1.002875	200	1
benchmarks/spec2006/400.perlbench.bc	400.perlbench.bc	min-pred-succ	put_op_bitspec	1	0	0	1.002697	84	1
benchmarks/spec2006/400.perlbench.bc	400.perlbench.bc	min-pred-succ	XS_Opcode_empty_opset	1	0	0	1.002879	192	1
benchmarks/spec2006/400.perlbench.bc	400.perlbench.bc	min-pred-succ	XS_Opcode_full_opset	1	0	0	1.003082	180	1
benchmarks/spec2006/400.perlbench.bc	400.perlbench.bc	min-pred-succ	XS_Opcode_opmask_add	1	0	0	1.002894	180	1
benchmarks/spec2006/400.perlbench.bc	400.perlbench.bc	min-pred-succ	XS_Opcode_opcodes	1	0	0	1.002644	188	1
benchmarks/spec2006/400.perlbench.bc	400.perlbench.bc	min-pred-succ	XS_Opcode_opmask	1	0	0	1.002753	180	1
benchmarks/spec2006/400.perlbench.bc	400.perlbench.bc	min-pred-succ	boot_Opcode	1	0	0	1.003173	184	1
benchmarks/spec2006/400.perlbench.bc	400.perlbench.bc	min-pred-succ	op_names_init	1	0	0	1.002966	188	1
benchmarks/spec2006/400.perlbench.bc	400.perlbench.bc	expression-aware	Perl_av_reify	1	0	0	1.003512	208	1
benchmarks/spec2006/400.perlbench.bc	400.perlbench.bc	expression-aware	Perl_av_extend	1	0	0	1.002788	204	1
benchmarks/spec2006/400.perlbench.bc	400.perlbench.bc	expression-aware	Perl_av_fetch	1	0	0	1.002789	184	1
benchmarks/spec2006/400.perlbench.bc	400.perlbench.bc	expression-aware	Perl_av_store	1	0	0	1.002688	236	1
benchmarks/spec2006/400.perlbench.bc	400.perlbench.bc	expression-aware	Perl_newAV	1	0	0	1.003854	1368	1
benchmarks/spec2006/400.perlbench.bc	400.perlbench.bc	expression-aware	Perl_av_make	1	0	0	1.002806	232	1
benchmarks/spec2006/400.perlbench.bc	400.perlbench.bc	expression-aware	Perl_av_fake	1	0	0	1.002495	172	1
benchmarks/spec2006/400.perlbench.bc	400.perlbench.bc	expression-aware	Perl_av_clear	1	0	0	1.002587	140	1
benchmarks/spec2006/400.perlbench.bc	400.perlbench.bc	expression-aware	Perl_av_undef	1	0	0	1.002814	204	1
benchmarks/spec2006/400.perlbench.bc	400.perlbench.bc	expression-aware	Perl_av_fill	1	0	0	1.003265	208	1
benchmarks/spec2006/400.perlbench.bc	400.perlbench.bc	expression-aware	Perl_av_push	1	0	0	1.003474	204	1
benchmarks/spec2006/400.perlbench.bc	400.perlbench.bc	expression-aware	Perl_av_pop	1	0	0	1.002666	208	1
benchmarks/spec2006/400.perlbench.bc	400.perlbench.bc	expression-aware	Perl_av_unshift	1	0	0	1.002695	168	1
benchmarks/spec2006/400.perlbench.bc	400.perlbench.bc	expression-aware	Perl_av_shift	1	0	0	1.004419	208	1
benchmarks/spec2006/400.perlbench.bc	400.perlbench.bc	expression-aware	Perl_av_len	1	0	0	1.002750	204	1
benchmarks/spec2006/400.perlbench.bc	400.perlbench.bc	expression-aware	Perl_av_delete	1	0	0	1.003093	208	1
benchmarks/spec2006/400.perlbench.bc	400.perlbench.bc	expression-aware	Perl_av_exists	1	0	0	1.002755	208	1
benchmarks/spec2006/400.perlbench.bc	400.perlbench.bc	expression-aware	Perl_avhv_keys	1	0	0	1.003248	204	1
benchmarks/spec2006/400.perlbench.bc	400.perlbench.bc	expression-aware	Perl_avhv_store_ent	1	0	0	1.002711	204	1
benchmarks/spec2006/400.perlbench.bc	400.perlbench.bc	expression-aware	S_avhv_index	1	0	0	1.002698	200	1
benchmarks/spec2006/400.perlbench.bc	400.perlbench.bc	expression-aware	S_avhv_index_sv	1	0	0	1.002708	236	1
benchmarks/spec2006/400.perlbench.bc	400.perlbench.bc	expression-aware	Perl_avhv_fetch_ent	1	0	0	1.002704	208	1
benchmarks/spec2006/400.perlbench.bc	400.perlbench.bc	expression-aware	Perl_avhv_delete_ent	1	0	0	1.002649	96	1
benchmarks/spec2006/400.perlbench.bc	400.perlbench.bc	expression-aware	Perl_avhv_exists_ent	1	0	0	1.002666	164	1
benchmarks/spec2006/400.perlbench.bc	400.perlbench.bc	expression-aware	Perl_avhv_iternext	1	0	0	1.005233	8	1
benchmarks/spec2006/400.perlbench.bc	400.perlbench.bc	expression-aware	Perl_avhv_iterval	1	0	0	1.002797	200	1
benchmarks/spec2006/400.perlbench.bc	400.perlbench.bc	expression-aware	Perl_deb	1	0	0	1.002803	204	1
benchmarks/spec2006/400.perlbench.bc	400.perlbench.bc	expression-aware	Perl_vdeb	1	0	0	1.002511	204	1
benchmarks/spec2006/400.perlbench.bc	400.perlbench.bc	expression-aware	Perl_debstackptrs	1	0	0	1.002847	204	1
benchmarks/spec2006/400.perlbench.bc	400.perlbench.bc	expression-aware	Perl_debstack	1	0	0	1.003828	232	1
benchmarks/spec2006/400.perlbench.bc	400.perlbench.bc	expression-aware	S_deb_stack_n	1	0	0	1.002806	196	1
benchmarks/spec2006/400.perlbench.bc	400.perlbench.bc	expression-aware	Perl_deb_stack_all	1	0	0	1.002806	204	1
benchmarks/spec2006/400.perlbench.bc	400.perlbench.bc	expression-aware	Perl_do_open	1	0	0	1.002798	204	1
benchmarks/spec2006/400.perlbench.bc	400.perlbench.bc	expression-aware	Perl_do_openn	1	0	0	1.002773	204	1
benchmarks/spec2006/400.perlbench.bc	400.perlbench.bc	expression-aware	Perl_do_open9	1	0	0	1.002718	132	1
benchmarks/spec2006/400.perlbench.bc	400.perlbench.bc	expression-aware	Perl_nextargv	1	0	0	2.004471	177632	1
benchmarks/spec2006/400.perlbench.bc	400.perlbench.bc	expression-aware	Perl_do_close	1	0	0	1.002679	200	1
benchmarks/spec2006/400.perlbench.bc	400.perlbench.bc	expression-aware	Perl_io_close	1	0	0	1.003902	972	1
benchmarks/spec2006/400.perlbench.bc	400.perlbench.bc	expression-aware	Perl_do_eof	1	0	0	1.002888	208	1
benchmarks/spec2006/400.perlbench.bc	400.perlbench.bc	expression-aware	Perl_do_tell	1	0	0	1.004313	96	1
benchmarks/spec2006/400.perlbench.bc	400.perlbench.bc	expression-aware	Perl_do_seek	1	0	0	1.002648	180	1
benchmarks/spec2006/400.perlbench.bc	400.perlbench.bc	expression-aware	Perl_do_sysseek	1	0	0	1.002804	204	1
benchmarks/spec2006/400.perlbench.bc	400.perlbench.bc	expression-aware	Perl_mode_from_discipline	1	0	0	1.002670	176	1
benchmarks/spec2006/400.perlbench.bc	400.perlbench.bc	expression-aware	Perl_do_binmode	1	0	0	1.002799	204	1
benchmarks/spec2006/400.perlbench.bc	400.perlbench.bc	expression-aware	Perl_do_print	1	0	0	1.002884	208	1
benchmarks/spec2006/400.perlbench.bc	400.perlbench.bc	expression-aware	Perl_my_stat	1	0	0	1.003006	184	1
benchmarks/spec2006/400.perlbench.bc	400.perlbench.bc	expression-aware	Perl_my_lstat	1	0	0	1.002743	204	1
benchmarks/spec2006/400.perlbench.bc	400.perlbench.bc	expression-aware	Perl_do_aexec	1	0	0	1.002609	204	1
benchmarks/spec2006/400.perlbench.bc	400.perlbench.bc	expression-aware	Perl_do_aexec5	1	0	0	1.002794	204	1
benchmarks/spec2006/400.perlbench.bc	400.perlbench.bc	expression-aware	Perl_do_execfree	1	0	0	1.002652	192	1
benchmarks/spec2006/400.perlbench.bc	400.perlbench.bc	expression-aware	Perl_do_exec	1	0	0	1.002610	204	1
benchmarks/spec2006/400.perlbench.bc	400.perlbench.bc	expression-aware	Perl_do_exec3	1	0	0	4.006611	172000	1
benchmarks/spec2006/400.perlbench.bc	400.perlbench.bc	expression-aware	Perl_apply	1	0	0	1.002571	204	1
benchmarks/spec2006/400.perlbench.bc	400.perlbench.bc	expression-aware	Perl_cando	1	0	0	1.002474	204	1
benchmarks/spec2006/400.perlbench.bc	400.perlbench.bc	expression-aware	Perl_ingroup	1	0	0	1.002587	232	1
benchmarks/spec2006/400.perlbench.bc	400.perlbench.bc	expression-aware	Perl_start_glob	1	0	0	1.002400	208	1
benchmarks/spec2006/400.perlbench.bc	400.perlbench.bc	expression-aware	Perl_do_trans	1	0	0	1.002692	196	1
benchmarks/spec2006/400.perlbench.bc	400.perlbench.bc	expression-aware	S_do_trans_simple_utf8	1	0	0	2.003853	133676	1
benchmarks/spec2006/400.perlbench.bc	400.perlbench.bc	expression-aware	S_do_trans_simple	1	0	0	1.002559	208	1
benchmarks/spec2006/400.perlbench.bc	400.perlbench.bc	expression-aware	S_do_trans_count_utf8	1	0	0	1.002614	204	1
benchmarks/spec2006/400.perlbench.bc	400.perlbench.bc	expression-aware	S_do_trans_count	1	0	0	1.003345	208	1
benchmarks/spec2006/400.perlbench.bc	400.perlbench.bc	expression-aware	S_do_trans_complex_utf8	1	0	0	3.004816	159340	1
benchmarks/spec2006/400.perlbench.bc	400.perlbench.bc	expression-aware	S_do_trans_complex	1	0	0	1.003285	192	1
benchmarks/spec2006/400.perlbench.bc	400.perlbench.bc	expression-aware	Perl_do_join	1	0	0	1.002805	208	1
benchmarks/spec2006/400.perlbench.bc	400.perlbench.bc	expression-aware	Perl_do_sprintf	1	0	0	1.002897	208	1
benchmarks/spec2006/400.perlbench.bc	400.perlbench.bc	expression-aware	Perl_do_vecget	1	0	0	1.003713	188	1
benchmarks/spec2006/400.perlbench.bc	400.perlbench.bc	expression-aware	Perl_do_vecset	1	0	0	1.003596	208	1
benchmarks/spec2006/400.perlbench.bc	400.perlbench.bc	expression-aware	Perl_do_chop	1	0	0	1.003750	208	1
benchmarks/spec2006/400.perlbench.bc	400.perlbench.bc	expression-aware	Perl_do_chomp	1	0	0	1.004178	204	1
benchmarks/spec2006/400.perlbench.bc	400.perlbench.bc	expression-aware	Perl_do_vop	1	0	0	1.003619	236	1
benchmarks/spec2006/400.perlbench.bc	400.perlbench.bc	expression-aware	Perl_do_kv	1	0	0	1.003680	204	1
benchmarks/spec2006/400.perlbench.bc	400.perlbench.bc	expression-aware	Perl_dump_indent	1	0	0	1.004585	184	1
benchmarks/spec2006/400.perlbench.bc	400.perlbench.bc	expression-aware	Perl_dump_vindent	1	0	0	1.003138	240	1
benchmarks/spec2006/400.perlbench.bc	400.perlbench.bc	expression-aware	Perl_dump_all	1	0	0	1.003510	204	1
benchmarks/spec2006/400.perlbench.bc	400.perlbench.bc	expression-aware	Perl_op_dump	1	0	0	1.005027	204	1
benchmarks/spec2006/400.perlbench.bc	400.perlbench.bc	expression-aware	Perl_dump_packsubs	1	0	0	1.004210	200	1
benchmarks/spec2006/400.perlbench.bc	400.perlbench.bc	expression-aware	Perl_dump_sub	1	0	0	1.004138	180	1
benchmarks/spec2006/400.perlbench.bc	400.perlbench.bc	expression-aware	Perl_dump_form	1	0	0	1.004632	236	1
benchmarks/spec2006/400.perlbench.bc	400.perlbench.bc	expression-aware	Perl_do_op_dump	1	0	0	1.004453	192	1
benchmarks/spec2006/400.perlbench.bc	400.perlbench.bc	expression-aware	Perl_sv_peek	1	0	0	2.004987	146096	1
benchmarks/spec2006/400.perlbench.bc	400.perlbench.bc	expression-aware	Perl_do_pmop_dump	1	0	0	1.004623	1152	1
benchmarks/spec2006/400.perlbench.bc	400.perlbench.bc	expression-aware	Perl_pv_display	1	0	0	1.003384	228	1
benchmarks/spec2006/400.perlbench.bc	400.perlbench.bc	expression-aware	Perl_dump_eval	1	0	0	1.002981	184	1
benchmarks/spec2006/400.perlbench.bc	400.perlbench.bc	expression-aware	Perl_pmop_dump	1	0	0	1.002775	204	1
benchmarks/spec2006/400.perlbench.bc	400.perlbench.bc	expression-aware	Perl_gv_dump	1	0	0	1.002671	204	1
benchmarks/spec2006/400.perlbench.bc	400.perlbench.bc	expression-aware	Perl_do_magic_dump	1	0	0	3.005295	160144	1
benchmarks/spec2006/400.perlbench.bc	400.perlbench.bc	expression-aware	Perl_do_sv_dump	1	0	0	1.002826	204	1
benchmarks/spec2006/400.perlbench.bc	400.perlbench.bc	expression-aware	Perl_do_hv_dump	1	0	0	1.003899	676	1
benchmarks/spec2006/400.perlbench.bc	400.perlbench.bc	expression-aware	Perl_do_gvgv_dump	1	0	0	1.003093	208	1
benchmarks/spec2006/400.perlbench.bc	400.perlbench.bc	expression-aware	Perl_do_gv_dump	1	0	0	1.002962	208	1
benchmarks/spec2006/400.perlbench.bc	400.perlbench.bc	expression-aware	Perl_magic_dump	1	0	0	1.002705	204	1
benchmarks/spec2006/400.perlbench.bc	400.perlbench.bc	expression-aware	Perl_sv_dump	1	0	0	1.002716	204	1
benchmarks/spec2006/400.perlbench.bc	400.perlbench.bc	expression-aware	Perl_runops_debug	1	0	0	1.002790	204	1
benchmarks/spec2006/400.perlbench.bc	400.perlbench.bc	expression-aware	Perl_debop	1	0	0	1.002927	204	1
benchmarks/spec2006/400.perlbench.bc	400.perlbench.bc	expression-aware	S_debprof	1	0	0	1.002758	208	1
benchmarks/spec2006/400.perlbench.bc	400.perlbench.bc	expression-aware	S_deb_curcv	1	0	0	1.003052	204	1
benchmarks/spec2006/400.perlbench.bc	400.perlbench.bc	expression-aware	Perl_watch	1	0	0	1.002906	164	1
benchmarks/spec2006/400.perlbench.bc	400.perlbench.bc	expression-aware	Perl_debprofdump	1	0	0	1.002847	180	1
benchmarks/spec2006/400.perlbench.bc	400.perlbench.bc	expression-aware	Perl_fprintf_nocontext	1	0	0	1.002934	208	1
benchmarks/spec2006/400.perlbench.bc	400.perlbench.bc	expression-aware	Perl_printf_nocontext	1	0	0	1.002909	192	1
benchmarks/spec2006/400.perlbench.bc	400.perlbench.bc	expression-aware	Perl_gv_AVadd	1	0	0	1.002809	208	1
benchmarks/spec2006/400.perlbench.bc	400.perlbench.bc	expression-aware	Perl_gv_HVadd	1	0	0	1.002805	184	1
benchmarks/spec2006/400.perlbench.bc	400.perlbench.bc	expression-aware	Perl_gv_IOadd	1	0	0	1.002817	208	1
benchmarks/spec2006/400.perlbench.bc	400.perlbench.bc	expression-aware	Perl_newIO	1	0	0	1.002849	184	1
benchmarks/spec2006/400.perlbench.bc	400.perlbench.bc	expression-aware	Perl_gv_fetchpv	1	0	0	105.160039	309448	1
benchmarks/spec2006/400.perlbench.bc	400.perlbench.bc	expression-aware	Perl_gv_init	1	0	0	1.002572	196	1
benchmarks/spec2006/400.perlbench.bc	400.perlbench.bc	expression-aware	S_gv_init_sv	1	0	0	1.002765	188	1
benchmarks/spec2006/400.perlbench.bc	400.perlbench.bc	expression-aware	S_require_errno	1	0	0	1.002692	200	1
benchmarks/spec2006/400.perlbench.bc	400.perlbench.bc	expression-aware	Perl_gv_stashpvn	1	0	0	1.002783	204	1
benchmarks/spec2006/400.perlbench.bc	400.perlbench.bc	expression-aware	Perl_gv_fetchmethod	1	0	0	1.002895	208	1
benchmarks/spec2006/400.perlbench.bc	400.perlbench.bc	expression-aware	Perl_gv_fetchmethod_autoload	1	0	0	1.002643	196	1
benchmarks/spec2006/400.perlbench.bc	400.perlbench.bc	expression-aware	Perl_gv_fetchmeth	1	0	0	10.015522	153764	1
benchmarks/spec2006/400.perlbench.bc	400.perlbench.bc	expression-aware	Perl_gv_autoload4	1	0	0	1.002701	204	1
benchmarks/spec2006/400.perlbench.bc	400.perlbench.bc	expression-aware	Perl_gv_stashsv	1	0	0	1.003119	208	1
benchmarks/spec2006/400.perlbench.bc	400.perlbench.bc	expression-aware	Perl_gp_ref	1	0	0	1.003733	132	1
benchmarks/spec2006/400.perlbench.bc	400.perlbench.bc	expression-aware	Perl_gv_fetchfile	1	0	0	1.002771	208	1
benchmarks/spec2006/400.perlbench.bc	400.perlbench.bc	expression-aware	Perl_gv_fetchmeth_autoload	1	0	0	1.002661	188	1
benchmarks/spec2006/400.perlbench.bc	400.perlbench.bc	expression-aware	Perl_gv_stashpv	1	0	0	1.002760	204	1
benchmarks/spec2006/400.perlbench.bc	400.perlbench.bc	expression-aware	Perl_gv_fullname4	1	0	0	1.002996	188	1
benchmarks/spec2006/400.perlbench.bc	400.perlbench.bc	expression-aware	Perl_gv_fullname3	1	0	0	1.002646	240	1
benchmarks/spec2006/400.perlbench.bc	400.perlbench.bc	expression-aware	Perl_gv_efullname4	1	0	0	1.001905	180	1
benchmarks/spec2006/400.perlbench.bc	400.perlbench.bc	expression-aware	Perl_gv_efullname3	1	0	0	1.003174	208	1
benchmarks/spec2006/400.perlbench.bc	400.perlbench.bc	expression-aware	Perl_gv_fullname	1	0	0	1.002530	204	1
benchmarks/spec2006/400.perlbench.bc	400.perlbench.bc	expression-aware	Perl_gv_efullname	1	0	0	1.002720	196	1
benchmarks/spec2006/400.perlbench.bc	400.perlbench.bc	expression-aware	Perl_gv_check	1	0	0	1.003757	1168	1
benchmarks/spec2006/400.perlbench.bc	400.perlbench.bc	expression-aware	Perl_newGVgen	1	0	0	1.002824	208	1
benchmarks/spec2006/400.perlbench.bc	400.perlbench.bc	expression-aware	Perl_gp_free	1	0	0	1.002671	100	1
benchmarks/spec2006/400.perlbench.bc	400.perlbench.bc	expression-aware	Perl_magic_freeovrld	1	0	0	1.003083	188	1
benchmarks/spec2006/400.perlbench.bc	400.perlbench.bc	expression-aware	Perl_Gv_AMupdate	1	0	0	1.002948	180	1
benchmarks/spec2006/400.perlbench.bc	400.perlbench.bc	expression-aware	Perl_gv_handler	1	0	0	1.002713	208	1
benchmarks/spec2006/400.perlbench.bc	400.perlbench.bc	expression-aware	Perl_amagic_call	1	0	0	1.002884	192	1
benchmarks/spec2006/400.perlbench.bc	400.perlbench.bc	expression-aware	Perl_is_gv_magical	1	0	0	1.002708	204	1
benchmarks/spec2006/400.perlbench.bc	400.perlbench.bc	expression-aware	Perl_free_tied_hv_pool	1	0	0	1.002657	192	1
benchmarks/spec2006/400.perlbench.bc	400.perlbench.bc	expression-aware	S_del_he	1	0	0	1.003738	204	1
benchmarks/spec2006/400.perlbench.bc	400.perlbench.bc	expression-aware	Perl_hv_store	1	0	0	1.002912	204	1
benchmarks/spec2006/400.perlbench.bc	400.perlbench.bc	expression-aware	S_hv_fetch_common	1	-9	1	185.292320	235692	0
benchmarks/spec2006/400.perlbench.bc	400.perlbench.bc	expression-aware	S_new_he	1	0	0	1.002946	208	1
benchmarks/spec2006/400.perlbench.bc	400.perlbench.bc	expression-aware	S_hv_magic_check	1	0	0	1.002935	204	1
benchmarks/spec2006/400.perlbench.bc	400.perlbench.bc	expression-aware	S_share_hek_flags	1	0	0	1.002781	196	1
benchmarks/spec2006/400.perlbench.bc	400.perlbench.bc	expression-aware	Perl_unshare_hek	1	0	0	1.002860	208	1
benchmarks/spec2006/400.perlbench.bc	400.perlbench.bc	expression-aware	S_hv_notallowed	1	0	0	1.002656	236	1
benchmarks/spec2006/400.perlbench.bc	400.perlbench.bc	expression-aware	S_save_hek_flags	1	0	0	1.002802	200	1
benchmarks/spec2006/400.perlbench.bc	400.perlbench.bc	expression-aware	S_hsplit	1	0	0	1.002930	204	1
benchmarks/spec2006/400.perlbench.bc	400.perlbench.bc	expression-aware	Perl_hv_clear_placeholders	1	0	0	1.004048	188	1
benchmarks/spec2006/400.perlbench.bc	400.perlbench.bc	expression-aware	Perl_hv_free_ent	1	0	0	1.002688	204	1
benchmarks/spec2006/400.perlbench.bc	400.perlbench.bc	expression-aware	S_unshare_hek_or_pvn	1	0	0	2.004016	130500	1
benchmarks/spec2006/400.perlbench.bc	400.perlbench.bc	expression-aware	S_more_he	1	0	0	1.002861	184	1
benchmarks/spec2006/400.perlbench.bc	400.perlbench.bc	expression-aware	Perl_hv_store_flags	1	0	0	1.002857	208	1
benchmarks/spec2006/400.perlbench.bc	400.perlbench.bc	expression-aware	Perl_hv_store_ent	1	0	0	1.002796	208	1
benchmarks/spec2006/400.perlbench.bc	400.perlbench.bc	expression-aware	Perl_hv_exists	1	0	0	1.003093	208	1
benchmarks/spec2006/400.perlbench.bc	400.perlbench.bc	expression-aware	Perl_hv_fetch	1	0	0	1.002679	180	1
benchmarks/spec2006/400.perlbench.bc	400.perlbench.bc	expression-aware	Perl_hv_exists_ent	1	0	0	1.003009	8	1
benchmarks/spec2006/400.perlbench.bc	400.perlbench.bc	expression-aware	Perl_hv_fetch_ent	1	0	0	1.002614	152	1
benchmarks/spec2006/400.perlbench.bc	400.perlbench.bc	expression-aware	Perl_hv_scalar	1	0	0	1.002780	184	1
benchmarks/spec2006/400.perlbench.bc	400.perlbench.bc	expression-aware	Perl_hv_delete	1	0	0	1.002867	204	1
benchmarks/spec2006/400.perlbench.bc	400.perlbench.bc	expression-aware	S_hv_delete_common	1	0	0	5.008450	144488	1
benchmarks/spec2006/400.perlbench.bc	400.perlbench.bc	expression-aware	Perl_hv_delete_ent	1	0	0	1.002965	236	1
benchmarks/spec2006/400.perlbench.bc	400.perlbench.bc	expression-aware	Perl_hv_ksplit	1	0	0	1.002681	208	1
benchmarks/spec2006/400.perlbench.bc	400.perlbench.bc	expression-aware	Perl_newHV	1	0	0	1.003052	208	1
benchmarks/spec2006/400.perlbench.bc	400.perlbench.bc	expression-aware	Perl_hv_iterinit	1	0	0	1.002788	152	1
benchmarks/spec2006/400.perlbench.bc	400.perlbench.bc	expression-aware	Perl_newHVhv	1	0	0	1.002629	192	1
benchmarks/spec2006/400.perlbench.bc	400.perlbench.bc	expression-aware	Perl_hv_iternext_flags	1	0	0	1.003200	176	1
benchmarks/spec2006/400.perlbench.bc	400.perlbench.bc	expression-aware	Perl_hv_delayfree_ent	1	0	0	1.002826	204	1
benchmarks/spec2006/400.perlbench.bc	400.perlbench.bc	expression-aware	Perl_hv_clear	1	0	0	1.003058	204	1
benchmarks/spec2006/400.perlbench.bc	400.perlbench.bc	expression-aware	Perl_hv_iterkeysv	1	0	0	1.002814	196	1
benchmarks/spec2006/400.perlbench.bc	400.perlbench.bc	expression-aware	S_hfreeentries	1	0	0	1.002768	208	1
benchmarks/spec2006/400.perlbench.bc	400.perlbench.bc	expression-aware	Perl_hv_undef	1	0	0	1.002989	184	1
benchmarks/spec2006/400.perlbench.bc	400.perlbench.bc	expression-aware	Perl_hv_iternext	1	0	0	1.002788	180	1
benchmarks/spec2006/400.perlbench.bc	400.perlbench.bc	expression-aware	Perl_hv_iterkey	1	0	0	1.003120	204	1
benchmarks/spec2006/400.perlbench.bc	400.perlbench.bc	expression-aware	Perl_hv_iterval	1	0	0	1.003198	204	1
benchmarks/spec2006/400.perlbench.bc	400.perlbench.bc	expression-aware	Perl_hv_iternextsv	1	0	0	1.002823	200	1
benchmarks/spec2006/400.perlbench.bc	400.perlbench.bc	expression-aware	Perl_hv_magic	1	0	0	1.002682	196	1
benchmarks/spec2006/400.perlbench.bc	400.perlbench.bc	expression-aware	Perl_unsharepvn	1	0	0	1.002890	12	1
benchmarks/spec2006/400.perlbench.bc	400.perlbench.bc	expression-aware	Perl_share_hek	1	0	0	1.002751	232	1
benchmarks/spec2006/400.perlbench.bc	400.perlbench.bc	expression-aware	Perl_set_numeric_radix	1	0	0	1.003058	196	1
benchmarks/spec2006/400.perlbench.bc	400.perlbench.bc	expression-aware	Perl_new_numeric	1	0	0	1.002729	180	1
benchmarks/spec2006/400.perlbench.bc	400.perlbench.bc	expression-aware	Perl_set_numeric_standard	1	0	0	1.003061	192	1
benchmarks/spec2006/400.perlbench.bc	400.perlbench.bc	expression-aware	Perl_set_numeric_local	1	0	0	1.003018	168	1
benchmarks/spec2006/400.perlbench.bc	400.perlbench.bc	expression-aware	Perl_new_ctype	1	0	0	1.002909	204	1
benchmarks/spec2006/400.perlbench.bc	400.perlbench.bc	expression-aware	Perl_new_collate	1	0	0	1.002738	192	1
benchmarks/spec2006/400.perlbench.bc	400.perlbench.bc	expression-aware	Perl_init_i18nl10n	1	0	0	1.002694	184	1
benchmarks/spec2006/400.perlbench.bc	400.perlbench.bc	expression-aware	Perl_init_i18nl14n	1	0	0	1.002921	208	1
benchmarks/spec2006/400.perlbench.bc	400.perlbench.bc	expression-aware	Perl_mg_magical	1	0	0	1.002790	208	1
benchmarks/spec2006/400.perlbench.bc	400.perlbench.bc	expression-aware	Perl_mg_get	1	0	0	1.002607	200	1
benchmarks/spec2006/400.perlbench.bc	400.perlbench.bc	expression-aware	S_save_magic	1	0	0	1.002884	208	1
benchmarks/spec2006/400.perlbench.bc	400.perlbench.bc	expression-aware	restore_magic	1	0	0	1.002731	196	1
benchmarks/spec2006/400.perlbench.bc	400.perlbench.bc	expression-aware	Perl_mg_set	1	0	0	1.002665	152	1
benchmarks/spec2006/400.perlbench.bc	400.perlbench.bc	expression-aware	Perl_mg_length	1	0	0	1.002675	236	1
benchmarks/spec2006/400.perlbench.bc	400.perlbench.bc	expression-aware	Perl_mg_size	1	0	0	1.003355	236	1
benchmarks/spec2006/400.perlbench.bc	400.perlbench.bc	expression-aware	Perl_mg_clear	1	0	0	1.003200	184	1
benchmarks/spec2006/400.perlbench.bc	400.perlbench.bc	expression-aware	Perl_mg_find	1	0	0	1.002976	180	1
benchmarks/spec2006/400.perlbench.bc	400.perlbench.bc	expression-aware	Perl_mg_copy	1	0	0	1.003057	204	1
benchmarks/spec2006/400.perlbench.bc	400.perlbench.bc	expression-aware	Perl_mg_free	1	0	0	1.003111	188	1
benchmarks/spec2006/400.perlbench.bc	400.perlbench.bc	expression-aware	Perl_magic_regdata_cnt	1	0	0	1.002732	204	1
benchmarks/spec2006/400.perlbench.bc	400.perlbench.bc	expression-aware	Perl_magic_regdatum_get	1	0	0	1.002636	92	1
benchmarks/spec2006/400.perlbench.bc	400.perlbench.bc	expression-aware	Perl_magic_regdatum_set	1	0	0	1.002839	200	1
benchmarks/spec2006/400.perlbench.bc	400.perlbench.bc	expression-aware	Perl_magic_len	1	0	0	1.002750	232	1
benchmarks/spec2006/400.perlbench.bc	400.perlbench.bc	expression-aware	Perl_magic_get	1	0	0	1.002692	164	1
benchmarks/spec2006/400.perlbench.bc	400.perlbench.bc	expression-aware	Perl_magic_getuvar	1	0	0	1.002760	196	1
benchmarks/spec2006/400.perlbench.bc	400.perlbench.bc	expression-aware	Perl_magic_setenv	1	0	0	1.003126	184	1
benchmarks/spec2006/400.perlbench.bc	400.perlbench.bc	expression-aware	Perl_magic_clearenv	1	0	0	1.002881	188	1
benchmarks/spec2006/400.perlbench.bc	400.perlbench.bc	expression-aware	Perl_magic_set_all_env	1	0	0	1.002841	196	1
benchmarks/spec2006/400.perlbench.bc	400.perlbench.bc	expression-aware	Perl_magic_clear_all_env	1	0	0	1.002851	204	1
benchmarks/spec2006/400.perlbench.bc	400.perlbench.bc	expression-aware	Perl_magic_getsig	1	0	0	1.003104	204	1
benchmarks/spec2006/400.perlbench.bc	400.perlbench.bc	expression-aware	Perl_whichsig	1	0	0	1.002900	180	1
benchmarks/spec2006/400.perlbench.bc	400.perlbench.bc	expression-aware	Perl_magic_clearsig	1	0	0	1.002767	204	1
benchmarks/spec2006/400.perlbench.bc	400.perlbench.bc	expression-aware	Perl_despatch_signals	1	0	0	1.002892	204	1
benchmarks/spec2006/400.perlbench.bc	400.perlbench.bc	expression-aware	Perl_raise_signal	1	0	0	1.003010	204	1
benchmarks/spec2006/400.perlbench.bc	400.perlbench.bc	expression-aware	Perl_csighandler	1	0	0	1.002907	204	1
benchmarks/spec2006/400.perlbench.bc	400.perlbench.bc	expression-aware	Perl_magic_setsig	1	0	0	1.002916	208	1
benchmarks/spec2006/400.perlbench.bc	400.perlbench.bc	expression-aware	Perl_magic_setisa	1	0	0	1.002714	204	1
benchmarks/spec2006/400.perlbench.bc	400.perlbench.bc	expression-aware	Perl_magic_setamagic	1	0	0	1.002987	176	1
benchmarks/spec2006/400.perlbench.bc	400.perlbench.bc	expression-aware	Perl_magic_getnkeys	1	0	0	1.002564	192	1
benchmarks/spec2006/400.perlbench.bc	400.perlbench.bc	expression-aware	Perl_magic_setnkeys	1	0	0	1.002706	184	1
benchmarks/spec2006/400.perlbench.bc	400.perlbench.bc	expression-aware	Perl_magic_getpack	1	0	0	1.002895	208	1
benchmarks/spec2006/400.perlbench.bc	400.perlbench.bc	expression-aware	S_magic_methpack	1	0	0	1.003275	176	1
benchmarks/spec2006/400.perlbench.bc	400.perlbench.bc	expression-aware	S_magic_methcall	1	0	0	1.002995	208	1
benchmarks/spec2006/400.perlbench.bc	400.perlbench.bc	expression-aware	Perl_magic_setpack	1	0	0	1.002801	180	1
benchmarks/spec2006/400.perlbench.bc	400.perlbench.bc	expression-aware	Perl_magic_clearpack	1	0	0	1.002679	100	1
benchmarks/spec2006/400.perlbench.bc	400.perlbench.bc	expression-aware	Perl_magic_sizepack	1	0	0	1.002747	236	1
benchmarks/spec2006/400.perlbench.bc	400.perlbench.bc	expression-aware	Perl_magic_wipepack	1	0	0	1.002835	196	1
benchmarks/spec2006/400.perlbench.bc	400.perlbench.bc	expression-aware	Perl_magic_nextpack	1	0	0	1.002953	208	1
benchmarks/spec2006/400.perlbench.bc	400.perlbench.bc	expression-aware	Perl_magic_existspack	1	0	0	1.003767	208	1
benchmarks/spec2006/400.perlbench.bc	400.perlbench.bc	expression-aware	Perl_magic_scalarpack	1	0	0	1.002735	192	1
benchmarks/spec2006/400.perlbench.bc	400.perlbench.bc	expression-aware	Perl_magic_setdbline	1	0	0	1.002707	236	1
benchmarks/spec2006/400.perlbench.bc	400.perlbench.bc	expression-aware	Perl_magic_getarylen	1	0	0	1.005108	236	1
benchmarks/spec2006/400.perlbench.bc	400.perlbench.bc	expression-aware	Perl_magic_setarylen	1	0	0	1.002716	100	1
benchmarks/spec2006/400.perlbench.bc	400.perlbench.bc	expression-aware	Perl_magic_getpos	1	0	0	1.002839	84	1
benchmarks/spec2006/400.perlbench.bc	400.perlbench.bc	expression-aware	Perl_magic_setpos	1	0	0	1.002641	208	1
benchmarks/spec2006/400.perlbench.bc	400.perlbench.bc	expression-aware	Perl_magic_getglob	1	0	0	1.002666	84	1
benchmarks/spec2006/400.perlbench.bc	400.perlbench.bc	expression-aware	Perl_magic_setglob	1	0	0	1.003311	204	1
benchmarks/spec2006/400.perlbench.bc	400.perlbench.bc	expression-aware	Perl_magic_getsubstr	1	0	0	1.003074	204	1
benchmarks/spec2006/400.perlbench.bc	400.perlbench.bc	expression-aware	Perl_magic_setsubstr	1	0	0	1.002828	204	1
benchmarks/spec2006/400.perlbench.bc	400.perlbench.bc	expression-aware	Perl_magic_gettaint	1	0	0	1.002721	204	1
benchmarks/spec2006/400.perlbench.bc	400.perlbench.bc	expression-aware	Perl_magic_settaint	1	0	0	1.004608	204	1
benchmarks/spec2006/400.perlbench.bc	400.perlbench.bc	expression-aware	Perl_magic_getvec	1	0	0	1.002750	200	1
benchmarks/spec2006/400.perlbench.bc	400.perlbench.bc	expression-aware	Perl_magic_setvec	1	0	0	1.002701	232	1
benchmarks/spec2006/400.perlbench.bc	400.perlbench.bc	expression-aware	Perl_magic_getdefelem	1	0	0	1.002673	232	1
benchmarks/spec2006/400.perlbench.bc	400.perlbench.bc	expression-aware	Perl_magic_setdefelem	1	0	0	1.002783	200	1
benchmarks/spec2006/400.perlbench.bc	400.perlbench.bc	expression-aware	Perl_vivify_defelem	1	0	0	1.002764	208	1
benchmarks/spec2006/400.perlbench.bc	400.perlbench.bc	expression-aware	Perl_magic_killbackrefs	1	0	0	1.002769	176	1
benchmarks/spec2006/400.perlbench.bc	400.perlbench.bc	expression-aware	Perl_magic_setmglob	1	0	0	1.005723	1144	1
benchmarks/spec2006/400.perlbench.bc	400.perlbench.bc	expression-aware	Perl_magic_setbm	1	0	0	1.002907	204	1
benchmarks/spec2006/400.perlbench.bc	400.perlbench.bc	expression-aware	Perl_magic_setfm	1	0	0	1.002645	116	1
benchmarks/spec2006/400.perlbench.bc	400.perlbench.bc	expression-aware	Perl_magic_setuvar	1	0	0	1.002695	168	1
benchmarks/spec2006/400.perlbench.bc	400.perlbench.bc	expression-aware	Perl_magic_setregexp	1	0	0	1.002863	204	1
benchmarks/spec2006/400.perlbench.bc	400.perlbench.bc	expression-aware	Perl_magic_freeregexp	1	0	0	1.002846	232	1
benchmarks/spec2006/400.perlbench.bc	400.perlbench.bc	expression-aware	Perl_magic_setutf8	1	0	0	1.002832	204	1
benchmarks/spec2006/400.perlbench.bc	400.perlbench.bc	expression-aware	Perl_magic_set	1	0	0	1.002705	204	1
benchmarks/spec2006/400.perlbench.bc	400.perlbench.bc	expression-aware	Perl_sighandler	1	0	0	1.002468	204	1
benchmarks/spec2006/400.perlbench.bc	400.perlbench.bc	expression-aware	unwind_handler_stack	1	0	0	1.002760	204	1
benchmarks/spec2006/400.perlbench.bc	400.perlbench.bc	expression-aware	Perl_cast_ulong	1	0	0	1.002204	96	1
benchmarks/spec2006/400.perlbench.bc	400.perlbench.bc	expression-aware	Perl_cast_i32	1	0	0	1.002583	140	1
benchmarks/spec2006/400.perlbench.bc	400.perlbench.bc	expression-aware	Perl_cast_iv	1	0	0	1.002395	172	1
benchmarks/spec2006/400.perlbench.bc	400.perlbench.bc	expression-aware	Perl_cast_uv	1	0	0	1.002642	200	1
benchmarks/spec2006/400.perlbench.bc	400.perlbench.bc	expression-aware	Perl_huge	1	0	0	1.002743	196	1
benchmarks/spec2006/400.perlbench.bc	400.perlbench.bc	expression-aware	Perl_grok_bin	1	0	0	10.015405	132084	1
benchmarks/spec2006/400.perlbench.bc	400.perlbench.bc	expression-aware	Perl_grok_hex	1	0	0	10.015409	133004	1
benchmarks/spec2006/400.perlbench.bc	400.perlbench.bc	expression-aware	Perl_grok_oct	1	0	0	15.022556	124616	1
benchmarks/spec2006/400.perlbench.bc	400.perlbench.bc	expression-aware	Perl_scan_bin	1	0	0	1.002743	180	1
benchmarks/spec2006/400.perlbench.bc	400.perlbench.bc	expression-aware	Perl_scan_oct	1	0	0	1.003946	8	1
benchmarks/spec2006/400.perlbench.bc	400.perlbench.bc	expression-aware	Perl_scan_hex	1	0	0	1.002734	236	1
benchmarks/spec2006/400.perlbench.bc	400.perlbench.bc	expression-aware	Perl_grok_numeric_radix	1	0	0	1.002569	196	1
benchmarks/spec2006/400.perlbench.bc	400.perlbench.bc	expression-aware	Perl_grok_number	1	0	0	7.012069	231828	1
benchmarks/spec2006/400.perlbench.bc	400.perlbench.bc	expression-aware	Perl_my_atof	1	0	0	1.004168	196	1
benchmarks/spec2006/400.perlbench.bc	400.perlbench.bc	expression-aware	Perl_my_atof2	1	0	0	2.017566	132352	1
benchmarks/spec2006/400.perlbench.bc	400.perlbench.bc	expression-aware	S_mulexp10	1	0	0	1.003766	204	1
benchmarks/spec2006/400.perlbench.bc	400.perlbench.bc	expression-aware	Perl_allocmy	1	0	0	1.002966	236	1
benchmarks/spec2006/400.perlbench.bc	400.perlbench.bc	expression-aware	Perl_op_free	1	0	0	1.003484	560	1
benchmarks/spec2006/400.perlbench.bc	400.perlbench.bc	expression-aware	S_cop_free	1	0	0	1.003408	208	1
benchmarks/spec2006/400.perlbench.bc	400.perlbench.bc	expression-aware	Perl_op_clear	1	0	0	1.003571	208	1
benchmarks/spec2006/400.perlbench.bc	400.perlbench.bc	expression-aware	Perl_ck_ftst	1	0	0	1.003433	160	1
benchmarks/spec2006/400.perlbench.bc	400.perlbench.bc	expression-aware	Perl_newGVOP	1	0	0	1.003237	204	1
benchmarks/spec2006/400.perlbench.bc	400.perlbench.bc	expression-aware	S_newDEFSVOP	1	0	0	1.003195	208	1
benchmarks/spec2006/400.perlbench.bc	400.perlbench.bc	expression-aware	Perl_newUNOP	1	0	0	1.003613	204	1
benchmarks/spec2006/400.perlbench.bc	400.perlbench.bc	expression-aware	Perl_newOP	1	0	0	1.003145	84	1
benchmarks/spec2006/400.perlbench.bc	400.perlbench.bc	expression-aware	Perl_force_list	1	0	0	1.003771	208	1
benchmarks/spec2006/400.perlbench.bc	400.perlbench.bc	expression-aware	Perl_fold_constants	1	0	0	1.003344	208	1
benchmarks/spec2006/400.perlbench.bc	400.perlbench.bc	expression-aware	Perl_scalar	1	0	0	1.002912	180	1
benchmarks/spec2006/400.perlbench.bc	400.perlbench.bc	expression-aware	Perl_linklist	1	0	0	1.002993	196	1
benchmarks/spec2006/400.perlbench.bc	400.perlbench.bc	expression-aware	Perl_newSVOP	1	0	0	1.004740	180	1
benchmarks/spec2006/400.perlbench.bc	400.perlbench.bc	expression-aware	Perl_scalarvoid	1	0	0	1.005628	236	1
benchmarks/spec2006/400.perlbench.bc	400.perlbench.bc	expression-aware	Perl_custom_op_desc	1	0	0	1.005433	208	1
benchmarks/spec2006/400.perlbench.bc	400.perlbench.bc	expression-aware	S_no_bareword_allowed	1	0	0	1.004138	208	1
benchmarks/spec2006/400.perlbench.bc	400.perlbench.bc	expression-aware	Perl_op_null	1	0	0	1.002606	204	1
benchmarks/spec2006/400.perlbench.bc	400.perlbench.bc	expression-aware	Perl_scalarkids	1	0	0	1.003214	204	1
benchmarks/spec2006/400.perlbench.bc	400.perlbench.bc	expression-aware	Perl_newLISTOP	1	0	0	1.002689	200	1
benchmarks/spec2006/400.perlbench.bc	400.perlbench.bc	expression-aware	Perl_newSVREF	1	0	0	1.003055	224	1
benchmarks/spec2006/400.perlbench.bc	400.perlbench.bc	expression-aware	Perl_op_refcnt_lock	1	0	0	1.002793	204	1
benchmarks/spec2006/400.perlbench.bc	400.perlbench.bc	expression-aware	Perl_op_refcnt_unlock	1	0	0	1.002856	176	1
benchmarks/spec2006/400.perlbench.bc	400.perlbench.bc	expression-aware	Perl_listkids	1	0	0	1.002949	184	1
benchmarks/spec2006/400.perlbench.bc	400.perlbench.bc	expression-aware	Perl_list	1	0	0	1.003445	208	1
benchmarks/spec2006/400.perlbench.bc	400.perlbench.bc	expression-aware	Perl_gen_constant_list	1	0	0	1.002979	176	1
benchmarks/spec2006/400.perlbench.bc	400.perlbench.bc	expression-aware	Perl_scalarseq	1	0	0	1.003005	208	1
benchmarks/spec2006/400.perlbench.bc	400.perlbench.bc	expression-aware	Perl_mod	1	0	0	1.003237	240	1
benchmarks/spec2006/400.perlbench.bc	400.perlbench.bc	expression-aware	S_scalar_mod_type	1	0	0	1.003328	180	1
benchmarks/spec2006/400.perlbench.bc	400.perlbench.bc	expression-aware	Perl_ref	1	0	0	1.002998	188	1
benchmarks/spec2006/400.perlbench.bc	400.perlbench.bc	expression-aware	Perl_refkids	1	0	0	1.002718	204	1
benchmarks/spec2006/400.perlbench.bc	400.perlbench.bc	expression-aware	Perl_apply_attrs_string	1	0	0	1.002875	204	1
benchmarks/spec2006/400.perlbench.bc	400.perlbench.bc	expression-aware	Perl_append_elem	1	0	0	1.002893	200	1
benchmarks/spec2006/400.perlbench.bc	400.perlbench.bc	expression-aware	Perl_prepend_elem	1	0	0	1.002858	236	1
benchmarks/spec2006/400.perlbench.bc	400.perlbench.bc	expression-aware	Perl_load_module	1	0	0	1.002884	240	1
benchmarks/spec2006/400.perlbench.bc	400.perlbench.bc	expression-aware	Perl_vload_module	1	0	0	1.003031	208	1
benchmarks/spec2006/400.perlbench.bc	400.perlbench.bc	expression-aware	Perl_newNULLLIST	1	0	0	1.003074	196	1
benchmarks/spec2006/400.perlbench.bc	400.perlbench.bc	expression-aware	Perl_sawparens	1	0	0	1.002704	184	1
benchmarks/spec2006/400.perlbench.bc	400.perlbench.bc	expression-aware	Perl_utilize	1	0	0	1.003026	208	1
benchmarks/spec2006/400.perlbench.bc	400.perlbench.bc	expression-aware	Perl_convert	1	0	0	1.002881	204	1
benchmarks/spec2006/400.perlbench.bc	400.perlbench.bc	expression-aware	Perl_newSTATEOP	1	0	0	1.002913	208	1
benchmarks/spec2006/400.perlbench.bc	400.perlbench.bc	expression-aware	Perl_newATTRSUB	1	0	0	9.013051	118116	1
benchmarks/spec2006/400.perlbench.bc	400.perlbench.bc	expression-aware	Perl_cv_ckproto	1	0	0	1.002704	208	1
benchmarks/spec2006/400.perlbench.bc	400.perlbench.bc	expression-aware	Perl_op_const_sv	1	0	0	1.003353	196	1
benchmarks/spec2006/400.perlbench.bc	400.perlbench.bc	expression-aware	Perl_cv_const_sv	1	0	0	1.002778	140	1
benchmarks/spec2006/400.perlbench.bc	400.perlbench.bc	expression-aware	const_sv_xsub	1	0	0	1.003178	188	1
benchmarks/spec2006/400.perlbench.bc	400.perlbench.bc	expression-aware	Perl_newCONSTSUB	1	0	0	1.003022	200	1
benchmarks/spec2006/400.perlbench.bc	400.perlbench.bc	expression-aware	S_apply_attrs	1	0	0	1.003101	192	1
benchmarks/spec2006/400.perlbench.bc	400.perlbench.bc	expression-aware	Perl_cv_undef	1	0	0	1.004134	8	1
benchmarks/spec2006/400.perlbench.bc	400.perlbench.bc	expression-aware	S_dup_attrlist	1	0	0	1.002819	240	1
benchmarks/spec2006/400.perlbench.bc	400.perlbench.bc	expression-aware	Perl_newXS	1	0	0	1.002670	176	1
benchmarks/spec2006/400.perlbench.bc	400.perlbench.bc	expression-aware	Perl_my_attrs	1	0	0	1.002792	204	1
benchmarks/spec2006/400.perlbench.bc	400.perlbench.bc	expression-aware	S_my_kid	1	0	0	1.002781	176	1
benchmarks/spec2006/400.perlbench.bc	400.perlbench.bc	expression-aware	Perl_append_list	1	0	0	1.002661	176	1
benchmarks/spec2006/400.perlbench.bc	400.perlbench.bc	expression-aware	S_apply_attrs_my	1	0	0	1.002708	204	1
benchmarks/spec2006/400.perlbench.bc	400.perlbench.bc	expression-aware	Perl_my	1	0	0	1.003067	204	1
benchmarks/spec2006/400.perlbench.bc	400.perlbench.bc	expression-aware	Perl_bind_match	1	0	0	1.002798	204	1
benchmarks/spec2006/400.perlbench.bc	400.perlbench.bc	expression-aware	Perl_newBINOP	1	0	0	1.003024	208	1
benchmarks/spec2006/400.perlbench.bc	400.perlbench.bc	expression-aware	Perl_newPMOP	1	0	0	1.002586	204	1
benchmarks/spec2006/400.perlbench.bc	400.perlbench.bc	expression-aware	Perl_pmruntime	1	0	0	5.007025	174544	1
benchmarks/spec2006/400.perlbench.bc	400.perlbench.bc	expression-aware	Perl_pmtrans	1	0	0	1.003053	240	1
benchmarks/spec2006/400.perlbench.bc	400.perlbench.bc	expression-aware	uvcompare	1	0	0	1.002869	236	1
benchmarks/spec2006/400.perlbench.bc	400.perlbench.bc	expression-aware	Perl_invert	1	0	0	1.003175	184	1
benchmarks/spec2006/400.perlbench.bc	400.perlbench.bc	expression-aware	Perl_scope	1	0	0	1.003216	204	1
benchmarks/spec2006/400.perlbench.bc	400.perlbench.bc	expression-aware	Perl_save_hints	1	0	0	1.002676	224	1
benchmarks/spec2006/400.perlbench.bc	400.perlbench.bc	expression-aware	Perl_block_start	1	0	0	1.002901	208	1
benchmarks/spec2006/400.perlbench.bc	400.perlbench.bc	expression-aware	Perl_block_end	1	0	0	1.002715	204	1
benchmarks/spec2006/400.perlbench.bc	400.perlbench.bc	expression-aware	Perl_newPROG	1	0	0	1.003066	232	1
benchmarks/spec2006/400.perlbench.bc	400.perlbench.bc	expression-aware	Perl_localize	1	0	0	1.002740	232	1
benchmarks/spec2006/400.perlbench.bc	400.perlbench.bc	expression-aware	Perl_jmaybe	1	0	0	1.002908	180	1
benchmarks/spec2006/400.perlbench.bc	400.perlbench.bc	expression-aware	Perl_newPADOP	1	0	0	1.002706	208	1
benchmarks/spec2006/400.perlbench.bc	400.perlbench.bc	expression-aware	Perl_newPVOP	1	0	0	1.002964	208	1
benchmarks/spec2006/400.perlbench.bc	400.perlbench.bc	expression-aware	Perl_package	1	0	0	1.002304	176	1
benchmarks/spec2006/400.perlbench.bc	400.perlbench.bc	expression-aware	Perl_dofile	1	0	0	1.003117	204	1
benchmarks/spec2006/400.perlbench.bc	400.perlbench.bc	expression-aware	Perl_ck_subr	1	0	0	10.014722	204280	1
benchmarks/spec2006/400.perlbench.bc	400.perlbench.bc	expression-aware	S_gv_ename	1	0	0	1.003228	8	1
benchmarks/spec2006/400.perlbench.bc	400.perlbench.bc	expression-aware	S_too_many_arguments	1	0	0	1.005514	204	1
benchmarks/spec2006/400.perlbench.bc	400.perlbench.bc	expression-aware	S_bad_type	1	0	0	1.004482	204	1
benchmarks/spec2006/400.perlbench.bc	400.perlbench.bc	expression-aware	S_too_few_arguments	1	0	0	1.004698	188	1
benchmarks/spec2006/400.perlbench.bc	400.perlbench.bc	expression-aware	Perl_newSLICEOP	1	0	0	1.003438	192	1
benchmarks/spec2006/400.perlbench.bc	400.perlbench.bc	expression-aware	Perl_newASSIGNOP	1	0	0	3.007089	162624	1
benchmarks/spec2006/400.perlbench.bc	400.perlbench.bc	expression-aware	Perl_newLOGOP	1	0	0	1.005216	232	1
benchmarks/spec2006/400.perlbench.bc	400.perlbench.bc	expression-aware	S_list_assignment	1	0	0	1.004456	184	1
benchmarks/spec2006/400.perlbench.bc	400.perlbench.bc	expression-aware	S_new_logop	1	0	0	1.003731	204	1
benchmarks/spec2006/400.perlbench.bc	400.perlbench.bc	expression-aware	S_scalarboolean	1	0	0	1.004170	208	1
benchmarks/spec2006/400.perlbench.bc	400.perlbench.bc	expression-aware	Perl_newCONDOP	1	0	0	1.004126	192	1
benchmarks/spec2006/400.perlbench.bc	400.perlbench.bc	expression-aware	Perl_newRANGE	1	0	0	1.003711	204	1
benchmarks/spec2006/400.perlbench.bc	400.perlbench.bc	expression-aware	Perl_newLOOPOP	1	0	0	1.003090	204	1
benchmarks/spec2006/400.perlbench.bc	400.perlbench.bc	expression-aware	Perl_newWHILEOP	1	0	0	1.004190	204	1
benchmarks/spec2006/400.perlbench.bc	400.perlbench.bc	expression-aware	Perl_newFOROP	1	0	0	1.005271	196	1
benchmarks/spec2006/400.perlbench.bc	400.perlbench.bc	expression-aware	Perl_newLOOPEX	1	0	0	1.005396	204	1
benchmarks/spec2006/400.perlbench.bc	400.perlbench.bc	expression-aware	Perl_newMYSUB	1	0	0	1.003339	204	1
benchmarks/spec2006/400.perlbench.bc	400.perlbench.bc	expression-aware	Perl_newSUB	1	0	0	1.003658	180	1
benchmarks/spec2006/400.perlbench.bc	400.perlbench.bc	expression-aware	Perl_newFORM	1	0	0	1.003714	204	1
benchmarks/spec2006/400.perlbench.bc	400.perlbench.bc	expression-aware	Perl_newANONLIST	1	0	0	1.004657	208	1
benchmarks/spec2006/400.perlbench.bc	400.perlbench.bc	expression-aware	Perl_newANONHASH	1	0	0	1.005232	176	1
benchmarks/spec2006/400.perlbench.bc	400.perlbench.bc	expression-aware	Perl_newANONSUB	1	0	0	1.003904	232	1
benchmarks/spec2006/400.perlbench.bc	400.perlbench.bc	expression-aware	Perl_newANONATTRSUB	1	0	0	1.003120	188	1
benchmarks/spec2006/400.perlbench.bc	400.perlbench.bc	expression-aware	Perl_oopsAV	1	0	0	1.002167	204	1
benchmarks/spec2006/400.perlbench.bc	400.perlbench.bc	expression-aware	Perl_oopsHV	1	0	0	1.002912	236	1
benchmarks/spec2006/400.perlbench.bc	400.perlbench.bc	expression-aware	Perl_newAVREF	1	0	0	1.002929	184	1
benchmarks/spec2006/400.perlbench.bc	400.perlbench.bc	expression-aware	Perl_newGVREF	1	0	0	1.002842	204	1
benchmarks/spec2006/400.perlbench.bc	400.perlbench.bc	expression-aware	Perl_newHVREF	1	0	0	1.004374	1740	1
benchmarks/spec2006/400.perlbench.bc	400.perlbench.bc	expression-aware	Perl_oopsCV	1	0	0	1.002988	196	1
benchmarks/spec2006/400.perlbench.bc	400.perlbench.bc	expression-aware	Perl_newCVREF	1	0	0	1.003198	192	1
benchmarks/spec2006/400.perlbench.bc	400.perlbench.bc	expression-aware	Perl_ck_anoncode	1	0	0	1.002780	204	1
benchmarks/spec2006/400.perlbench.bc	400.perlbench.bc	expression-aware	Perl_ck_bitop	1	0	0	2.004217	118632	1
benchmarks/spec2006/400.perlbench.bc	400.perlbench.bc	expression-aware	Perl_ck_concat	1	0	0	1.003079	108	1
benchmarks/spec2006/400.perlbench.bc	400.perlbench.bc	expression-aware	Perl_ck_spair	1	0	0	1.002681	196	1
benchmarks/spec2006/400.perlbench.bc	400.perlbench.bc	expression-aware	Perl_ck_fun	1	0	0	10.015672	291276	1
benchmarks/spec2006/400.perlbench.bc	400.perlbench.bc	expression-aware	S_modkids	1	0	0	1.002862	208	1
benchmarks/spec2006/400.perlbench.bc	400.perlbench.bc	expression-aware	S_no_fh_allowed	1	0	0	1.002631	204	1
benchmarks/spec2006/400.perlbench.bc	400.perlbench.bc	expression-aware	S_is_handle_constructor	1	0	0	1.003044	204	1
benchmarks/spec2006/400.perlbench.bc	400.perlbench.bc	expression-aware	Perl_ck_delete	1	0	0	1.002779	200	1
benchmarks/spec2006/400.perlbench.bc	400.perlbench.bc	expression-aware	Perl_ck_die	1	0	0	1.003104	140	1
benchmarks/spec2006/400.perlbench.bc	400.perlbench.bc	expression-aware	Perl_ck_eof	1	0	0	1.003094	192	1
benchmarks/spec2006/400.perlbench.bc	400.perlbench.bc	expression-aware	Perl_ck_eval	1	0	0	1.002832	204	1
benchmarks/spec2006/400.perlbench.bc	400.perlbench.bc	expression-aware	Perl_ck_exit	1	0	0	1.002845	204	1
benchmarks/spec2006/400.perlbench.bc	400.perlbench.bc	expression-aware	Perl_ck_exec	1	0	0	1.002850	232	1
benchmarks/spec2006/400.perlbench.bc	400.perlbench.bc	expression-aware	Perl_ck_exists	1	0	0	1.003592	492	1
benchmarks/spec2006/400.perlbench.bc	400.perlbench.bc	expression-aware	Perl_ck_rvconst	1	0	0	1.002851	96	1
benchmarks/spec2006/400.perlbench.bc	400.perlbench.bc	expression-aware	Perl_ck_glob	1	0	0	1.003101	192	1
benchmarks/spec2006/400.perlbench.bc	400.perlbench.bc	expression-aware	Perl_ck_grep	1	0	0	1.003004	204	1
benchmarks/spec2006/400.perlbench.bc	400.perlbench.bc	expression-aware	Perl_ck_sort	1	0	0	1.002795	164	1
benchmarks/spec2006/400.perlbench.bc	400.perlbench.bc	expression-aware	S_simplify_sort	1	0	0	1.002710	204	1
benchmarks/spec2006/400.perlbench.bc	400.perlbench.bc	expression-aware	Perl_ck_index	1	0	0	1.003189	208	1
benchmarks/spec2006/400.perlbench.bc	400.perlbench.bc	expression-aware	Perl_ck_lengthconst	1	0	0	1.002825	204	1
benchmarks/spec2006/400.perlbench.bc	400.perlbench.bc	expression-aware	Perl_ck_lfun	1	0	0	1.002740	204	1
benchmarks/spec2006/400.perlbench.bc	400.perlbench.bc	expression-aware	Perl_ck_defined	1	0	0	1.002877	188	1
benchmarks/spec2006/400.perlbench.bc	400.perlbench.bc	expression-aware	Perl_ck_rfun	1	0	0	1.002974	180	1
benchmarks/spec2006/400.perlbench.bc	400.perlbench.bc	expression-aware	Perl_ck_listiob	1	0	0	1.003226	4	1
benchmarks/spec2006/400.perlbench.bc	400.perlbench.bc	expression-aware	Perl_ck_sassign	1	0	0	1.003008	204	1
benchmarks/spec2006/400.perlbench.bc	400.perlbench.bc	expression-aware	Perl_ck_match	1	0	0	1.002832	236	1
benchmarks/spec2006/400.perlbench.bc	400.perlbench.bc	expression-aware	Perl_ck_method	1	0	0	1.002774	204	1
benchmarks/spec2006/400.perlbench.bc	400.perlbench.bc	expression-aware	Perl_ck_null	1	0	0	1.003059	196	1
benchmarks/spec2006/400.perlbench.bc	400.perlbench.bc	expression-aware	Perl_ck_open	1	0	0	1.003043	232	1
benchmarks/spec2006/400.perlbench.bc	400.perlbench.bc	expression-aware	Perl_ck_repeat	1	0	0	1.003246	196	1
benchmarks/spec2006/400.perlbench.bc	400.perlbench.bc	expression-aware	Perl_ck_require	1	0	0	1.003167	196	1
benchmarks/spec2006/400.perlbench.bc	400.perlbench.bc	expression-aware	Perl_ck_return	1	0	0	1.002813	176	1
benchmarks/spec2006/400.perlbench.bc	400.perlbench.bc	expression-aware	Perl_ck_select	1	0	0	1.002900	200	1
benchmarks/spec2006/400.perlbench.bc	400.perlbench.bc	expression-aware	Perl_ck_shift	1	0	0	1.002811	204	1
benchmarks/spec2006/400.perlbench.bc	400.perlbench.bc	expression-aware	Perl_ck_split	1	0	0	1.002786	204	1
benchmarks/spec2006/400.perlbench.bc	400.perlbench.bc	expression-aware	Perl_ck_join	1	0	0	1.004641	204	1
benchmarks/spec2006/400.perlbench.bc	400.perlbench.bc	expression-aware	Perl_ck_svconst	1	0	0	1.002794	196	1
benchmarks/spec2006/400.perlbench.bc	400.perlbench.bc	expression-aware	Perl_ck_trunc	1	0	0	1.002675	200	1
benchmarks/spec2006/400.perlbench.bc	400.perlbench.bc	expression-aware	Perl_ck_substr	1	0	0	1.004206	76	1
benchmarks/spec2006/400.perlbench.bc	400.perlbench.bc	expression-aware	Perl_peep	1	0	0	32.049401	794120	1
benchmarks/spec2006/400.perlbench.bc	400.perlbench.bc	expression-aware	Perl_custom_op_name	1	0	0	1.002970	192	1
benchmarks/spec2006/400.perlbench.bc	400.perlbench.bc	expression-aware	Perl_pad_new	1	0	0	1.002928	208	1
benchmarks/spec2006/400.perlbench.bc	400.perlbench.bc	expression-aware	Perl_pad_undef	1	0	0	1.002864	204	1
benchmarks/spec2006/400.perlbench.bc	400.perlbench.bc	expression-aware	Perl_pad_add_name	1	0	0	1.002788	208	1
benchmarks/spec2006/400.perlbench.bc	400.perlbench.bc	expression-aware	Perl_pad_alloc	1	0	0	1.002905	208	1
benchmarks/spec2006/400.perlbench.bc	400.perlbench.bc	expression-aware	Perl_pad_reset	1	0	0	1.003131	232	1
benchmarks/spec2006/400.perlbench.bc	400.perlbench.bc	expression-aware	Perl_pad_add_anon	1	0	0	1.002959	208	1
benchmarks/spec2006/400.perlbench.bc	400.perlbench.bc	expression-aware	Perl_pad_check_dup	1	0	0	1.002686	192	1
benchmarks/spec2006/400.perlbench.bc	400.perlbench.bc	expression-aware	Perl_pad_findmy	1	0	0	1.002671	168	1
benchmarks/spec2006/400.perlbench.bc	400.perlbench.bc	expression-aware	S_pad_findlex	1	0	0	2.003336	153892	1
benchmarks/spec2006/400.perlbench.bc	400.perlbench.bc	expression-aware	Perl_pad_sv	1	0	0	1.002855	196	1
benchmarks/spec2006/400.perlbench.bc	400.perlbench.bc	expression-aware	Perl_pad_block_start	1	0	0	1.002671	180	1
benchmarks/spec2006/400.perlbench.bc	400.perlbench.bc	expression-aware	Perl_intro_my	1	0	0	1.002826	232	1
benchmarks/spec2006/400.perlbench.bc	400.perlbench.bc	expression-aware	Perl_pad_leavemy	1	0	0	1.003456	204	1
benchmarks/spec2006/400.perlbench.bc	400.perlbench.bc	expression-aware	Perl_pad_swipe	1	0	0	1.002995	204	1
benchmarks/spec2006/400.perlbench.bc	400.perlbench.bc	expression-aware	Perl_pad_tidy	1	0	0	1.002756	204	1
benchmarks/spec2006/400.perlbench.bc	400.perlbench.bc	expression-aware	Perl_pad_free	1	0	0	1.003164	188	1
benchmarks/spec2006/400.perlbench.bc	400.perlbench.bc	expression-aware	Perl_do_dump_pad	1	0	0	1.002790	208	1
benchmarks/spec2006/400.perlbench.bc	400.perlbench.bc	expression-aware	Perl_cv_clone	1	0	0	1.003579	8	1
benchmarks/spec2006/400.perlbench.bc	400.perlbench.bc	expression-aware	S_cv_clone2	1	0	0	1.002779	236	1
benchmarks/spec2006/400.perlbench.bc	400.perlbench.bc	expression-aware	Perl_pad_fixup_inner_anons	1	0	0	1.002905	188	1
benchmarks/spec2006/400.perlbench.bc	400.perlbench.bc	expression-aware	Perl_pad_push	1	0	0	1.001964	204	1
benchmarks/spec2006/400.perlbench.bc	400.perlbench.bc	expression-aware	perl_alloc	1	0	0	1.003496	184	1
benchmarks/spec2006/400.perlbench.bc	400.perlbench.bc	expression-aware	perl_construct	1	0	0	1.004884	232	1
benchmarks/spec2006/400.perlbench.bc	400.perlbench.bc	expression-aware	S_init_interp	1	0	0	1.002213	184	1
benchmarks/spec2006/400.perlbench.bc	400.perlbench.bc	expression-aware	Perl_init_stacks	1	0	0	1.003383	204	1
benchmarks/spec2006/400.perlbench.bc	400.perlbench.bc	expression-aware	S_init_ids	1	0	0	1.003247	180	1
benchmarks/spec2006/400.perlbench.bc	400.perlbench.bc	expression-aware	Perl_nothreadhook	1	0	0	1.002958	156	1
benchmarks/spec2006/400.perlbench.bc	400.perlbench.bc	expression-aware	perl_destruct	1	0	0	1.002994	208	1
benchmarks/spec2006/400.perlbench.bc	400.perlbench.bc	expression-aware	Perl_call_list	1	0	0	1.003083	184	1
benchmarks/spec2006/400.perlbench.bc	400.perlbench.bc	expression-aware	S_nuke_stacks	1	0	0	1.002771	180	1
benchmarks/spec2006/400.perlbench.bc	400.perlbench.bc	expression-aware	S_call_list_body	1	0	0	1.002780	204	1
benchmarks/spec2006/400.perlbench.bc	400.perlbench.bc	expression-aware	S_my_exit_jump	1	0	0	1.003083	4	1
benchmarks/spec2006/400.perlbench.bc	400.perlbench.bc	expression-aware	Perl_my_exit	1	0	0	1.003066	204	1
benchmarks/spec2006/400.perlbench.bc	400.perlbench.bc	expression-aware	Perl_call_sv	1	0	0	1.002992	232	1
benchmarks/spec2006/400.perlbench.bc	400.perlbench.bc	expression-aware	S_call_body	1	0	0	1.003075	180	1
benchmarks/spec2006/400.perlbench.bc	400.perlbench.bc	expression-aware	perl_free	1	0	0	1.002734	188	1
benchmarks/spec2006/400.perlbench.bc	400.perlbench.bc	expression-aware	Perl_call_atexit	1	0	0	1.002847	208	1
benchmarks/spec2006/400.perlbench.bc	400.perlbench.bc	expression-aware	perl_parse	1	0	0	2.004268	145992	1
benchmarks/spec2006/400.perlbench.bc	400.perlbench.bc	expression-aware	S_init_postdump_symbols	1	0	0	1.002735	208	1
benchmarks/spec2006/400.perlbench.bc	400.perlbench.bc	expression-aware	S_parse_body	1	-9	1	185.284195	210572	0
benchmarks/spec2006/400.perlbench.bc	400.perlbench.bc	expression-aware	S_init_main_stash	1	0	0	1.005825	232	1
benchmarks/spec2006/400.perlbench.bc	400.perlbench.bc	expression-aware	Perl_moreswitches	1	0	0	1.004661	236	1
benchmarks/spec2006/400.perlbench.bc	400.perlbench.bc	expression-aware	S_forbid_setid	1	0	0	1.004577	236	1
benchmarks/spec2006/400.perlbench.bc	400.perlbench.bc	expression-aware	read_e_script	1	0	0	1.003472	200	1
benchmarks/spec2006/400.perlbench.bc	400.perlbench.bc	expression-aware	S_incpush	1	0	0	1.003538	204	1
benchmarks/spec2006/400.perlbench.bc	400.perlbench.bc	expression-aware	S_init_perllib	1	0	0	1.003193	220	1
benchmarks/spec2006/400.perlbench.bc	400.perlbench.bc	expression-aware	S_open_script	1	0	0	1.002737	208	1
benchmarks/spec2006/400.perlbench.bc	400.perlbench.bc	expression-aware	S_validate_suid	1	0	0	1.002902	192	1
benchmarks/spec2006/400.perlbench.bc	400.perlbench.bc	expression-aware	S_find_beginning	1	0	0	1.003128	204	1
benchmarks/spec2006/400.perlbench.bc	400.perlbench.bc	expression-aware	S_init_predump_symbols	1	0	0	1.002902	204	1
benchmarks/spec2006/400.perlbench.bc	400.perlbench.bc	expression-aware	S_init_lexer	1	0	0	1.002876	240	1
benchmarks/spec2006/400.perlbench.bc	400.perlbench.bc	expression-aware	Perl_my_unexec	1	0	0	1.002838	208	1
benchmarks/spec2006/400.perlbench.bc	400.perlbench.bc	expression-aware	Perl_get_sv	1	0	0	1.002684	204	1
benchmarks/spec2006/400.perlbench.bc	400.perlbench.bc	expression-aware	S_incpush_if_exists	1	0	0	1.002758	232	1
benchmarks/spec2006/400.perlbench.bc	400.perlbench.bc	expression-aware	Perl_init_debugger	1	0	0	1.002782	204	1
benchmarks/spec2006/400.perlbench.bc	400.perlbench.bc	expression-aware	S_usage	1	0	0	1.002862	180	1
benchmarks/spec2006/400.perlbench.bc	400.perlbench.bc	expression-aware	Perl_init_argv_symbols	1	0	0	1.002933	192	1
benchmarks/spec2006/400.perlbench.bc	400.perlbench.bc	expression-aware	Perl_magicname	1	0	0	1.002792	208	1
benchmarks/spec2006/400.perlbench.bc	400.perlbench.bc	expression-aware	S_set_caret_X	1	0	0	1.002685	232	1
benchmarks/spec2006/400.perlbench.bc	400.perlbench.bc	expression-aware	Perl_get_av	1	0	0	1.002739	196	1
benchmarks/spec2006/400.perlbench.bc	400.perlbench.bc	expression-aware	perl_run	1	0	0	1.003047	192	1
benchmarks/spec2006/400.perlbench.bc	400.perlbench.bc	expression-aware	S_run_body	1	0	0	1.002907	204	1
benchmarks/spec2006/400.perlbench.bc	400.perlbench.bc	expression-aware	Perl_get_hv	1	0	0	1.002852	200	1
benchmarks/spec2006/400.perlbench.bc	400.perlbench.bc	expression-aware	Perl_get_cv	1	0	0	1.003301	180	1
benchmarks/spec2006/400.perlbench.bc	400.perlbench.bc	expression-aware	Perl_call_argv	1	0	0	1.002911	176	1
benchmarks/spec2006/400.perlbench.bc	400.perlbench.bc	expression-aware	Perl_call_pv	1	0	0	1.003135	184	1
benchmarks/spec2006/400.perlbench.bc	400.perlbench.bc	expression-aware	Perl_call_method	1	0	0	1.003296	200	1
benchmarks/spec2006/400.perlbench.bc	400.perlbench.bc	expression-aware	Perl_eval_sv	1	0	0	1.002189	204	1
benchmarks/spec2006/400.perlbench.bc	400.perlbench.bc	expression-aware	Perl_eval_pv	1	0	0	1.002788	180	1
benchmarks/spec2006/400.perlbench.bc	400.perlbench.bc	expression-aware	Perl_require_pv	1	0	0	1.002284	200	1
benchmarks/spec2006/400.perlbench.bc	400.perlbench.bc	expression-aware	Perl_doing_taint	1	0	0	1.003267	204	1
benchmarks/spec2006/400.perlbench.bc	400.perlbench.bc	expression-aware	Perl_my_failure_exit	1	0	0	1.003112	184	1
benchmarks/spec2006/400.perlbench.bc	400.perlbench.bc	expression-aware	PerlIOBuf_pushed	1	0	0	1.002840	204	1
benchmarks/spec2006/400.perlbench.bc	400.perlbench.bc	expression-aware	PerlIOBuf_popped	1	0	0	1.002782	100	1
benchmarks/spec2006/400.perlbench.bc	400.perlbench.bc	expression-aware	PerlIOBuf_open	1	0	0	1.004118	956	1
benchmarks/spec2006/400.perlbench.bc	400.perlbench.bc	expression-aware	PerlIOBase_binmode	1	0	0	1.003208	232	1
benchmarks/spec2006/400.perlbench.bc	400.perlbench.bc	expression-aware	PerlIOBase_fileno	1	0	0	1.003053	232	1
benchmarks/spec2006/400.perlbench.bc	400.perlbench.bc	expression-aware	PerlIOBuf_dup	1	0	0	1.003112	204	1
benchmarks/spec2006/400.perlbench.bc	400.perlbench.bc	expression-aware	PerlIOBuf_read	1	0	0	1.002722	188	1
benchmarks/spec2006/400.perlbench.bc	400.perlbench.bc	expression-aware	PerlIOBuf_unread	1	0	0	1.002964	204	1
benchmarks/spec2006/400.perlbench.bc	400.perlbench.bc	expression-aware	PerlIOBuf_write	1	0	0	1.003117	208	1
benchmarks/spec2006/400.perlbench.bc	400.perlbench.bc	expression-aware	PerlIOBuf_seek	1	0	0	1.003284	196	1
benchmarks/spec2006/400.perlbench.bc	400.perlbench.bc	expression-aware	PerlIOBuf_tell	1	0	0	1.004321	184	1
benchmarks/spec2006/400.perlbench.bc	400.perlbench.bc	expression-aware	PerlIOBuf_close	1	0	0	1.005790	668	1
benchmarks/spec2006/400.perlbench.bc	400.perlbench.bc	expression-aware	PerlIOBuf_flush	1	0	0	1.002848	236	1
benchmarks/spec2006/400.perlbench.bc	400.perlbench.bc	expression-aware	PerlIOBuf_fill	1	0	0	1.003193	204	1
benchmarks/spec2006/400.perlbench.bc	400.perlbench.bc	expression-aware	PerlIOBase_eof	1	0	0	1.002920	236	1
benchmarks/spec2006/400.perlbench.bc	400.perlbench.bc	expression-aware	PerlIOBase_error	1	0	0	1.003143	204	1
benchmarks/spec2006/400.perlbench.bc	400.perlbench.bc	expression-aware	PerlIOBase_clearerr	1	0	0	1.003396	200	1
benchmarks/spec2006/400.perlbench.bc	400.perlbench.bc	expression-aware	PerlIOBase_setlinebuf	1	0	0	1.003415	196	1
benchmarks/spec2006/400.perlbench.bc	400.perlbench.bc	expression-aware	PerlIOBuf_get_base	1	0	0	1.003401	188	1
benchmarks/spec2006/400.perlbench.bc	400.perlbench.bc	expression-aware	PerlIOBuf_bufsiz	1	0	0	1.002961	200	1
benchmarks/spec2006/400.perlbench.bc	400.perlbench.bc	expression-aware	PerlIOBuf_get_ptr	1	0	0	1.002949	204	1
benchmarks/spec2006/400.perlbench.bc	400.perlbench.bc	expression-aware	PerlIOBuf_get_cnt	1	0	0	1.003134	196	1
benchmarks/spec2006/400.perlbench.bc	400.perlbench.bc	expression-aware	PerlIOBuf_set_ptrcnt	1	0	0	1.003089	208	1
benchmarks/spec2006/400.perlbench.bc	400.perlbench.bc	expression-aware	Perl_PerlIO_get_base	1	0	0	1.002947	204	1
benchmarks/spec2006/400.perlbench.bc	400.perlbench.bc	expression-aware	Perl_PerlIO_get_cnt	1	0	0	1.003137	208	1
benchmarks/spec2006/400.perlbench.bc	400.perlbench.bc	expression-aware	Perl_PerlIO_clearerr	1	0	0	1.002920	240	1
benchmarks/spec2006/400.perlbench.bc	400.perlbench.bc	expression-aware	Perl_PerlIO_flush	1	0	0	1.003380	240	1
benchmarks/spec2006/400.perlbench.bc	400.perlbench.bc	expression-aware	PerlIOBase_flush_linebuf	1	0	0	1.002971	184	1
benchmarks/spec2006/400.perlbench.bc	400.perlbench.bc	expression-aware	PerlIO_fast_gets	1	0	0	1.003472	204	1
benchmarks/spec2006/400.perlbench.bc	400.perlbench.bc	expression-aware	Perl_PerlIO_fill	1	0	0	1.002319	208	1
benchmarks/spec2006/400.perlbench.bc	400.perlbench.bc	expression-aware	Perl_PerlIO_error	1	0	0	1.152131	27008	1
benchmarks/spec2006/400.perlbench.bc	400.perlbench.bc	expression-aware	Perl_PerlIO_eof	1	0	0	1.003424	4	1
benchmarks/spec2006/400.perlbench.bc	400.perlbench.bc	expression-aware	Perl_PerlIO_get_ptr	1	0	0	1.004036	204	1
benchmarks/spec2006/400.perlbench.bc	400.perlbench.bc	expression-aware	Perl_PerlIO_set_ptrcnt	1	0	0	1.004155	204	1
benchmarks/spec2006/400.perlbench.bc	400.perlbench.bc	expression-aware	Perl_PerlIO_read	1	0	0	1.003187	204	1
benchmarks/spec2006/400.perlbench.bc	400.perlbench.bc	expression-aware	PerlIOBase_read	1	0	0	1.004312	192	1
benchmarks/spec2006/400.perlbench.bc	400.perlbench.bc	expression-aware	PerlIO_debug	1	0	0	1.162325	204	1
benchmarks/spec2006/400.perlbench.bc	400.perlbench.bc	expression-aware	Perl_PerlIO_write	1	0	0	1.004773	208	1
benchmarks/spec2006/400.perlbench.bc	400.perlbench.bc	expression-aware	Perl_PerlIO_seek	1	0	0	1.005485	184	1
benchmarks/spec2006/400.perlbench.bc	400.perlbench.bc	expression-aware	Perl_PerlIO_tell	1	0	0	2.012744	118520	1
benchmarks/spec2006/400.perlbench.bc	400.perlbench.bc	expression-aware	PerlIOBase_close	1	0	0	1.004772	180	1
benchmarks/spec2006/400.perlbench.bc	400.perlbench.bc	expression-aware	PerlIOBase_unread	1	0	0	1.004849	184	1
benchmarks/spec2006/400.perlbench.bc	400.perlbench.bc	expression-aware	PerlIO_push	1	0	0	1.004161	204	1
benchmarks/spec2006/400.perlbench.bc	400.perlbench.bc	expression-aware	PerlIO_pop	1	0	0	1.132667	26772	1
benchmarks/spec2006/400.perlbench.bc	400.perlbench.bc	expression-aware	PerlIOPending_pushed	1	0	0	1.003734	184	1
benchmarks/spec2006/400.perlbench.bc	400.perlbench.bc	expression-aware	PerlIOPending_read	1	0	0	1.004289	232	1
benchmarks/spec2006/400.perlbench.bc	400.perlbench.bc	expression-aware	PerlIOPending_seek	1	0	0	1.003371	204	1
benchmarks/spec2006/400.perlbench.bc	400.perlbench.bc	expression-aware	PerlIOPending_close	1	0	0	1.004367	204	1
benchmarks/spec2006/400.perlbench.bc	400.perlbench.bc	expression-aware	PerlIOPending_flush	1	0	0	1.003241	204	1
benchmarks/spec2006/400.perlbench.bc	400.perlbench.bc	expression-aware	PerlIOPending_fill	1	0	0	1.004692	204	1
benchmarks/spec2006/400.perlbench.bc	400.perlbench.bc	expression-aware	PerlIOPending_set_ptrcnt	1	0	0	1.003492	196	1
benchmarks/spec2006/400.perlbench.bc	400.perlbench.bc	expression-aware	Perl_PerlIO_close	1	0	0	1.004696	204	1
benchmarks/spec2006/400.perlbench.bc	400.perlbench.bc	expression-aware	PerlIO__close	1	0	0	1.003422	208	1
benchmarks/spec2006/400.perlbench.bc	400.perlbench.bc	expression-aware	PerlIOBase_pushed	1	0	0	1.004220	180	1
benchmarks/spec2006/400.perlbench.bc	400.perlbench.bc	expression-aware	PerlIOBase_dup	1	0	0	1.003591	236	1
benchmarks/spec2006/400.perlbench.bc	400.perlbench.bc	expression-aware	PerlIO_modestr	1	0	0	2.012283	118556	1
benchmarks/spec2006/400.perlbench.bc	400.perlbench.bc	expression-aware	Perl_PerlIO_fileno	1	0	0	1.003705	204	1
benchmarks/spec2006/400.perlbench.bc	400.perlbench.bc	expression-aware	PerlIO_layer_fetch	1	0	0	1.003076	204	1
benchmarks/spec2006/400.perlbench.bc	400.perlbench.bc	expression-aware	PerlIO_arg_fetch	1	0	0	1.004139	208	1
benchmarks/spec2006/400.perlbench.bc	400.perlbench.bc	expression-aware	PerlIO_default_layer	1	0	0	1.003370	204	1
benchmarks/spec2006/400.perlbench.bc	400.perlbench.bc	expression-aware	PerlIO_default_layers	1	0	0	1.003872	176	1
benchmarks/spec2006/400.perlbench.bc	400.perlbench.bc	expression-aware	PerlIOStdio_pushed	1	0	0	1.003551	208	1
benchmarks/spec2006/400.perlbench.bc	400.perlbench.bc	expression-aware	PerlIOBase_popped	1	0	0	1.004097	204	1
benchmarks/spec2006/400.perlbench.bc	400.perlbench.bc	expression-aware	PerlIOStdio_open	1	0	0	1.004026	164	1
benchmarks/spec2006/400.perlbench.bc	400.perlbench.bc	expression-aware	PerlIOStdio_fileno	1	0	0	1.003430	204	1
benchmarks/spec2006/400.perlbench.bc	400.perlbench.bc	expression-aware	PerlIOStdio_dup	1	0	0	1.004025	164	1
benchmarks/spec2006/400.perlbench.bc	400.perlbench.bc	expression-aware	PerlIOStdio_read	1	0	0	1.002922	208	1
benchmarks/spec2006/400.perlbench.bc	400.perlbench.bc	expression-aware	PerlIOStdio_unread	1	0	0	1.002638	204	1
benchmarks/spec2006/400.perlbench.bc	400.perlbench.bc	expression-aware	PerlIOStdio_write	1	0	0	1.002940	180	1
benchmarks/spec2006/400.perlbench.bc	400.perlbench.bc	expression-aware	PerlIOStdio_seek	1	0	0	1.003166	180	1
benchmarks/spec2006/400.perlbench.bc	400.perlbench.bc	expression-aware	PerlIOStdio_tell	1	0	0	1.023493	204	1
benchmarks/spec2006/400.perlbench.bc	400.perlbench.bc	expression-aware	PerlIOStdio_close	1	0	0	1.004151	204	1
benchmarks/spec2006/400.perlbench.bc	400.perlbench.bc	expression-aware	PerlIOStdio_flush	1	0	0	1.003713	204	1
benchmarks/spec2006/400.perlbench.bc	400.perlbench.bc	expression-aware	PerlIOStdio_fill	1	0	0	1.003427	176	1
benchmarks/spec2006/400.perlbench.bc	400.perlbench.bc	expression-aware	PerlIOStdio_eof	1	0	0	1.003714	204	1
benchmarks/spec2006/400.perlbench.bc	400.perlbench.bc	expression-aware	PerlIOStdio_error	1	0	0	1.003274	12	1
benchmarks/spec2006/400.perlbench.bc	400.perlbench.bc	expression-aware	PerlIOStdio_clearerr	1	0	0	1.003568	232	1
benchmarks/spec2006/400.perlbench.bc	400.perlbench.bc	expression-aware	PerlIOStdio_setlinebuf	1	0	0	1.003485	176	1
benchmarks/spec2006/400.perlbench.bc	400.perlbench.bc	expression-aware	PerlIOStdio_get_base	1	0	0	1.002988	232	1
benchmarks/spec2006/400.perlbench.bc	400.perlbench.bc	expression-aware	PerlIOStdio_get_bufsiz	1	0	0	1.002452	204	1
benchmarks/spec2006/400.perlbench.bc	400.perlbench.bc	expression-aware	PerlIOStdio_get_ptr	1	0	0	1.004474	208	1
benchmarks/spec2006/400.perlbench.bc	400.perlbench.bc	expression-aware	PerlIOStdio_get_cnt	1	0	0	2.004834	204	1
benchmarks/spec2006/400.perlbench.bc	400.perlbench.bc	expression-aware	PerlIOUnix_refcnt_dec	1	0	0	1.007192	204	1
benchmarks/spec2006/400.perlbench.bc	400.perlbench.bc	expression-aware	PerlIOStdio_invalidate_fileno	1	0	0	1.004287	200	1
benchmarks/spec2006/400.perlbench.bc	400.perlbench.bc	expression-aware	PerlIO_has_cntptr	1	0	0	1.003194	188	1
benchmarks/spec2006/400.perlbench.bc	400.perlbench.bc	expression-aware	PerlIOUnix_refcnt_inc	1	0	0	1.003364	236	1
benchmarks/spec2006/400.perlbench.bc	400.perlbench.bc	expression-aware	PerlIOStdio_mode	1	0	0	1.002907	204	1
benchmarks/spec2006/400.perlbench.bc	400.perlbench.bc	expression-aware	PerlIO_allocate	1	0	0	1.003462	176	1
benchmarks/spec2006/400.perlbench.bc	400.perlbench.bc	expression-aware	PerlIO_list_alloc	1	0	0	1.003649	204	1
benchmarks/spec2006/400.perlbench.bc	400.perlbench.bc	expression-aware	PerlIO_define_layer	1	0	0	1.003046	232	1
benchmarks/spec2006/400.perlbench.bc	400.perlbench.bc	expression-aware	PerlIO_find_layer	1	0	0	1.003622	184	1
benchmarks/spec2006/400.perlbench.bc	400.perlbench.bc	expression-aware	PerlIO_list_push	1	0	0	1.004631	236	1
benchmarks/spec2006/400.perlbench.bc	400.perlbench.bc	expression-aware	PerlIO_parse_layers	1	0	0	2.004270	137428	1
benchmarks/spec2006/400.perlbench.bc	400.perlbench.bc	expression-aware	PerlIO_default_buffer	1	0	0	1.004005	236	1
benchmarks/spec2006/400.perlbench.bc	400.perlbench.bc	expression-aware	PerlIOUtf8_pushed	1	0	0	1.003389	208	1
benchmarks/spec2006/400.perlbench.bc	400.perlbench.bc	expression-aware	PerlIOPop_pushed	1	0	0	1.002683	204	1
benchmarks/spec2006/400.perlbench.bc	400.perlbench.bc	expression-aware	PerlIOCrlf_pushed	1	0	0	1.003649	204	1
benchmarks/spec2006/400.perlbench.bc	400.perlbench.bc	expression-aware	PerlIOCrlf_binmode	1	0	0	1.003804	204	1
benchmarks/spec2006/400.perlbench.bc	400.perlbench.bc	expression-aware	PerlIOCrlf_unread	1	0	0	1.003081	180	1
benchmarks/spec2006/400.perlbench.bc	400.perlbench.bc	expression-aware	PerlIOCrlf_write	1	0	0	1.002923	196	1
benchmarks/spec2006/400.perlbench.bc	400.perlbench.bc	expression-aware	PerlIOCrlf_flush	1	0	0	1.003380	204	1
benchmarks/spec2006/400.perlbench.bc	400.perlbench.bc	expression-aware	PerlIOCrlf_get_cnt	1	0	0	1.004001	208	1
benchmarks/spec2006/400.perlbench.bc	400.perlbench.bc	expression-aware	PerlIOCrlf_set_ptrcnt	1	0	0	1.003076	208	1
benchmarks/spec2006/400.perlbench.bc	400.perlbench.bc	expression-aware	PerlIORaw_pushed	1	0	0	1.003869	184	1
benchmarks/spec2006/400.perlbench.bc	400.perlbench.bc	expression-aware	PerlIORaw_open	1	0	0	1.003996	204	1
benchmarks/spec2006/400.perlbench.bc	400.perlbench.bc	expression-aware	PerlIOUnix_pushed	1	0	0	1.002783	204	1
benchmarks/spec2006/400.perlbench.bc	400.perlbench.bc	expression-aware	PerlIOUnix_open	1	0	0	1.003424	208	1
benchmarks/spec2006/400.perlbench.bc	400.perlbench.bc	expression-aware	PerlIOUnix_fileno	1	0	0	1.003006	204	1
benchmarks/spec2006/400.perlbench.bc	400.perlbench.bc	expression-aware	PerlIOUnix_dup	1	0	0	1.003722	176	1
benchmarks/spec2006/400.perlbench.bc	400.perlbench.bc	expression-aware	PerlIOUnix_read	1	0	0	1.017787	204	1
benchmarks/spec2006/400.perlbench.bc	400.perlbench.bc	expression-aware	PerlIOUnix_write	1	0	0	1.102834	204	1
benchmarks/spec2006/400.perlbench.bc	400.perlbench.bc	expression-aware	PerlIOUnix_seek	1	0	0	1.002863	204	1
benchmarks/spec2006/400.perlbench.bc	400.perlbench.bc	expression-aware	PerlIOUnix_tell	1	0	0	1.003078	208	1
benchmarks/spec2006/400.perlbench.bc	400.perlbench.bc	expression-aware	PerlIOUnix_close	1	0	0	1.006124	784	1
benchmarks/spec2006/400.perlbench.bc	400.perlbench.bc	expression-aware	PerlIOBase_noop_ok	1	0	0	1.003181	180	1
benchmarks/spec2006/400.perlbench.bc	400.perlbench.bc	expression-aware	PerlIOBase_noop_fail	1	0	0	1.003550	204	1
benchmarks/spec2006/400.perlbench.bc	400.perlbench.bc	expression-aware	PerlIOUnix_setfd	1	0	0	1.003523	236	1
benchmarks/spec2006/400.perlbench.bc	400.perlbench.bc	expression-aware	PerlIOUnix_oflags	1	0	0	1.003373	236	1
benchmarks/spec2006/400.perlbench.bc	400.perlbench.bc	expression-aware	perlsio_binmode	1	0	0	1.003095	204	1
benchmarks/spec2006/400.perlbench.bc	400.perlbench.bc	expression-aware	PerlIO_intmode2str	1	0	0	1.003545	204	1
benchmarks/spec2006/400.perlbench.bc	400.perlbench.bc	expression-aware	PerlIO_fdupopen	1	0	0	1.003049	204	1
benchmarks/spec2006/400.perlbench.bc	400.perlbench.bc	expression-aware	PerlIO_cleantable	1	0	0	1.002838	184	1
benchmarks/spec2006/400.perlbench.bc	400.perlbench.bc	expression-aware	PerlIO_list_free	1	0	0	1.149950	208	1
benchmarks/spec2006/400.perlbench.bc	400.perlbench.bc	expression-aware	PerlIO_clone_list	1	0	0	1.003520	204	1
benchmarks/spec2006/400.perlbench.bc	400.perlbench.bc	expression-aware	PerlIO_sv_dup	1	0	0	1.002875	208	1
benchmarks/spec2006/400.perlbench.bc	400.perlbench.bc	expression-aware	PerlIO_clone	1	0	0	1.002936	232	1
benchmarks/spec2006/400.perlbench.bc	400.perlbench.bc	expression-aware	PerlIO_destruct	1	0	0	1.003192	180	1
benchmarks/spec2006/400.perlbench.bc	400.perlbench.bc	expression-aware	PerlIO_get_layers	1	0	0	1.110960	208	1
benchmarks/spec2006/400.perlbench.bc	400.perlbench.bc	expression-aware	PerlIO_tab_sv	1	0	0	1.003149	196	1
benchmarks/spec2006/400.perlbench.bc	400.perlbench.bc	expression-aware	XS_PerlIO__Layer__NoWarnings	1	0	0	1.003407	196	1
benchmarks/spec2006/400.perlbench.bc	400.perlbench.bc	expression-aware	XS_PerlIO__Layer__find	1	0	0	1.003191	176	1
benchmarks/spec2006/400.perlbench.bc	400.perlbench.bc	expression-aware	Perl_boot_core_PerlIO	1	0	0	1.004972	208	1
benchmarks/spec2006/400.perlbench.bc	400.perlbench.bc	expression-aware	PerlIO_stdstreams	1	0	0	1.003576	208	1
benchmarks/spec2006/400.perlbench.bc	400.perlbench.bc	expression-aware	PerlIO_fdopen	1	0	0	1.004529	204	1
benchmarks/spec2006/400.perlbench.bc	400.perlbench.bc	expression-aware	PerlIO_openn	1	0	0	1.003228	228	1
benchmarks/spec2006/400.perlbench.bc	400.perlbench.bc	expression-aware	PerlIO_tmpfile	1	0	0	1.002819	196	1
benchmarks/spec2006/400.perlbench.bc	400.perlbench.bc	expression-aware	PerlIO_context_layers	1	0	0	1.004090	4	1
benchmarks/spec2006/400.perlbench.bc	400.perlbench.bc	expression-aware	PerlIO_apply_layers	1	0	0	1.003293	192	1
benchmarks/spec2006/400.perlbench.bc	400.perlbench.bc	expression-aware	PerlIO_resolve_layers	1	0	0	1.004235	180	1
benchmarks/spec2006/400.perlbench.bc	400.perlbench.bc	expression-aware	PerlIO_apply_layera	1	0	0	1.003256	208	1
benchmarks/spec2006/400.perlbench.bc	400.perlbench.bc	expression-aware	PerlIO_layer_from_ref	1	0	0	1.003019	208	1
benchmarks/spec2006/400.perlbench.bc	400.perlbench.bc	expression-aware	PerlIO_binmode	1	0	0	1.003214	192	1
benchmarks/spec2006/400.perlbench.bc	400.perlbench.bc	expression-aware	Perl_PerlIO_unread	1	0	0	1.004491	232	1
benchmarks/spec2006/400.perlbench.bc	400.perlbench.bc	expression-aware	PerlIO_isutf8	1	0	0	1.003358	204	1
benchmarks/spec2006/400.perlbench.bc	400.perlbench.bc	expression-aware	Perl_PerlIO_setlinebuf	1	0	0	1.003056	236	1
benchmarks/spec2006/400.perlbench.bc	400.perlbench.bc	expression-aware	PerlIO_has_base	1	0	0	1.115965	236	1
benchmarks/spec2006/400.perlbench.bc	400.perlbench.bc	expression-aware	PerlIO_canset_cnt	1	0	0	1.003884	176	1
benchmarks/spec2006/400.perlbench.bc	400.perlbench.bc	expression-aware	Perl_PerlIO_get_bufsiz	1	0	0	1.004099	208	1
benchmarks/spec2006/400.perlbench.bc	400.perlbench.bc	expression-aware	Perl_PerlIO_set_cnt	1	0	0	1.003606	204	1
benchmarks/spec2006/400.perlbench.bc	400.perlbench.bc	expression-aware	PerlIO_init	1	0	0	1.004004	204	1
benchmarks/spec2006/400.perlbench.bc	400.perlbench.bc	expression-aware	PerlIO_cleanup	1	0	0	1.004062	204	1
benchmarks/spec2006/400.perlbench.bc	400.perlbench.bc	expression-aware	PerlIO_importFILE	1	0	0	1.016683	196	1
benchmarks/spec2006/400.perlbench.bc	400.perlbench.bc	expression-aware	PerlIOStdio_set_ptrcnt	1	0	0	1.003663	204	1
benchmarks/spec2006/400.perlbench.bc	400.perlbench.bc	expression-aware	PerlIO_exportFILE	1	0	0	1.003209	192	1
benchmarks/spec2006/400.perlbench.bc	400.perlbench.bc	expression-aware	PerlIO_findFILE	1	0	0	1.003138	204	1
benchmarks/spec2006/400.perlbench.bc	400.perlbench.bc	expression-aware	PerlIO_releaseFILE	1	0	0	1.004068	236	1
benchmarks/spec2006/400.perlbench.bc	400.perlbench.bc	expression-aware	Perl_PerlIO_stdin	1	0	0	1.005391	208	1
benchmarks/spec2006/400.perlbench.bc	400.perlbench.bc	expression-aware	Perl_PerlIO_stdout	1	0	0	1.002871	236	1
benchmarks/spec2006/400.perlbench.bc	400.perlbench.bc	expression-aware	Perl_PerlIO_stderr	1	0	0	1.003038	204	1
benchmarks/spec2006/400.perlbench.bc	400.perlbench.bc	expression-aware	PerlIO_getname	1	0	0	1.004030	200	1
benchmarks/spec2006/400.perlbench.bc	400.perlbench.bc	expression-aware	PerlIO_open	1	0	0	1.003128	188	1
benchmarks/spec2006/400.perlbench.bc	400.perlbench.bc	expression-aware	PerlIO_reopen	1	0	0	1.002892	180	1
benchmarks/spec2006/400.perlbench.bc	400.perlbench.bc	expression-aware	PerlIO_getc	1	0	0	1.003189	200	1
benchmarks/spec2006/400.perlbench.bc	400.perlbench.bc	expression-aware	PerlIO_ungetc	1	0	0	1.003029	208	1
benchmarks/spec2006/400.perlbench.bc	400.perlbench.bc	expression-aware	PerlIO_putc	1	0	0	1.004010	204	1
benchmarks/spec2006/400.perlbench.bc	400.perlbench.bc	expression-aware	PerlIO_puts	1	0	0	1.002877	240	1
benchmarks/spec2006/400.perlbench.bc	400.perlbench.bc	expression-aware	PerlIO_rewind	1	0	0	1.003182	236	1
benchmarks/spec2006/400.perlbench.bc	400.perlbench.bc	expression-aware	PerlIO_vprintf	1	0	0	1.003670	232	1
benchmarks/spec2006/400.perlbench.bc	400.perlbench.bc	expression-aware	PerlIO_printf	1	0	0	1.003967	184	1
benchmarks/spec2006/400.perlbench.bc	400.perlbench.bc	expression-aware	PerlIO_stdoutf	1	0	0	1.004296	208	1
benchmarks/spec2006/400.perlbench.bc	400.perlbench.bc	expression-aware	PerlIO_setpos	1	0	0	1.002979	200	1
benchmarks/spec2006/400.perlbench.bc	400.perlbench.bc	expression-aware	PerlIO_getpos	1	0	0	1.002976	192	1
benchmarks/spec2006/400.perlbench.bc	400.perlbench.bc	expression-aware	PerlIO_vsprintf	1	0	0	1.003423	204	1
benchmarks/spec2006/400.perlbench.bc	400.perlbench.bc	expression-aware	PerlIO_sprintf	1	0	0	1.002803	176	1
benchmarks/spec2006/400.perlbench.bc	400.perlbench.bc	expression-aware	main	1	0	0	1.003054	8	1
benchmarks/spec2006/400.perlbench.bc	400.perlbench.bc	expression-aware	xs_init	1	0	0	1.003714	204	1
benchmarks/spec2006/400.perlbench.bc	400.perlbench.bc	expression-aware	Perl_yyparse	1	0	0	75.108716	1181780	1
benchmarks/spec2006/400.perlbench.bc	400.perlbench.bc	expression-aware	yydestruct	1	0	0	1.003277	204	1
benchmarks/spec2006/400.perlbench.bc	400.perlbench.bc	expression-aware	Perl_pp_stub	1	0	0	1.003876	236	1
benchmarks/spec2006/400.perlbench.bc	400.perlbench.bc	expression-aware	Perl_pp_scalar	1	0	0	1.003722	192	1
benchmarks/spec2006/400.perlbench.bc	400.perlbench.bc	expression-aware	Perl_pp_padav	1	0	0	1.003687	184	1
benchmarks/spec2006/400.perlbench.bc	400.perlbench.bc	expression-aware	Perl_pp_padhv	1	0	0	1.003230	184	1
benchmarks/spec2006/400.perlbench.bc	400.perlbench.bc	expression-aware	Perl_pp_padany	1	0	0	1.003621	204	1
benchmarks/spec2006/400.perlbench.bc	400.perlbench.bc	expression-aware	Perl_pp_rv2gv	1	0	0	3.005373	142876	1
benchmarks/spec2006/400.perlbench.bc	400.perlbench.bc	expression-aware	Perl_pp_rv2sv	1	0	0	1.024052	176	1
benchmarks/spec2006/400.perlbench.bc	400.perlbench.bc	expression-aware	Perl_pp_av2arylen	1	0	0	1.003017	168	1
benchmarks/spec2006/400.perlbench.bc	400.perlbench.bc	expression-aware	Perl_pp_pos	1	0	0	1.003046	232	1
benchmarks/spec2006/400.perlbench.bc	400.perlbench.bc	expression-aware	Perl_pp_rv2cv	1	0	0	1.003594	188	1
benchmarks/spec2006/400.perlbench.bc	400.perlbench.bc	expression-aware	Perl_pp_prototype	1	0	0	1.003013	164	1
benchmarks/spec2006/400.perlbench.bc	400.perlbench.bc	expression-aware	Perl_pp_anoncode	1	0	0	1.003643	196	1
benchmarks/spec2006/400.perlbench.bc	400.perlbench.bc	expression-aware	Perl_pp_srefgen	1	0	0	1.005300	192	1
benchmarks/spec2006/400.perlbench.bc	400.perlbench.bc	expression-aware	S_refto	1	0	0	1.002833	188	1
benchmarks/spec2006/400.perlbench.bc	400.perlbench.bc	expression-aware	Perl_pp_refgen	1	0	0	1.004043	236	1
benchmarks/spec2006/400.perlbench.bc	400.perlbench.bc	expression-aware	Perl_pp_ref	1	0	0	1.003468	236	1
benchmarks/spec2006/400.perlbench.bc	400.perlbench.bc	expression-aware	Perl_pp_bless	1	0	0	1.003765	176	1
benchmarks/spec2006/400.perlbench.bc	400.perlbench.bc	expression-aware	Perl_pp_gelem	1	0	0	1.004088	204	1
benchmarks/spec2006/400.perlbench.bc	400.perlbench.bc	expression-aware	Perl_pp_study	1	0	0	1.004085	188	1
benchmarks/spec2006/400.perlbench.bc	400.perlbench.bc	expression-aware	Perl_pp_trans	1	0	0	1.003433	208	1
benchmarks/spec2006/400.perlbench.bc	400.perlbench.bc	expression-aware	Perl_pp_schop	1	0	0	1.003753	188	1
benchmarks/spec2006/400.perlbench.bc	400.perlbench.bc	expression-aware	Perl_pp_chop	1	0	0	1.003582	204	1
benchmarks/spec2006/400.perlbench.bc	400.perlbench.bc	expression-aware	Perl_pp_schomp	1	0	0	1.006123	176	1
benchmarks/spec2006/400.perlbench.bc	400.perlbench.bc	expression-aware	Perl_pp_chomp	1	0	0	1.012269	192	1
benchmarks/spec2006/400.perlbench.bc	400.perlbench.bc	expression-aware	Perl_pp_defined	1	0	0	1.003392	204	1
benchmarks/spec2006/400.perlbench.bc	400.perlbench.bc	expression-aware	Perl_pp_undef	1	0	0	1.002898	180	1
benchmarks/spec2006/400.perlbench.bc	400.perlbench.bc	expression-aware	Perl_pp_predec	1	0	0	1.003068	208	1
benchmarks/spec2006/400.perlbench.bc	400.perlbench.bc	expression-aware	Perl_pp_postinc	1	0	0	1.003390	192	1
benchmarks/spec2006/400.perlbench.bc	400.perlbench.bc	expression-aware	Perl_pp_postdec	1	0	0	1.002731	204	1
benchmarks/spec2006/400.perlbench.bc	400.perlbench.bc	expression-aware	Perl_pp_pow	1	0	0	16.023273	169436	1
benchmarks/spec2006/400.perlbench.bc	400.perlbench.bc	expression-aware	Perl_pp_multiply	1	0	0	1.003047	204	1
benchmarks/spec2006/400.perlbench.bc	400.perlbench.bc	expression-aware	Perl_pp_divide	1	0	0	1.003438	204	1
benchmarks/spec2006/400.perlbench.bc	400.perlbench.bc	expression-aware	Perl_pp_modulo	1	0	0	1.003294	232	1
benchmarks/spec2006/400.perlbench.bc	400.perlbench.bc	expression-aware	Perl_pp_repeat	1	0	0	1.003271	236	1
benchmarks/spec2006/400.perlbench.bc	400.perlbench.bc	expression-aware	Perl_pp_subtract	1	0	0	1.003970	208	1
benchmarks/spec2006/400.perlbench.bc	400.perlbench.bc	expression-aware	Perl_pp_left_shift	1	0	0	1.003086	192	1
benchmarks/spec2006/400.perlbench.bc	400.perlbench.bc	expression-aware	Perl_pp_right_shift	1	0	0	1.002836	204	1
benchmarks/spec2006/400.perlbench.bc	400.perlbench.bc	expression-aware	Perl_pp_lt	1	0	0	1.003198	188	1
benchmarks/spec2006/400.perlbench.bc	400.perlbench.bc	expression-aware	Perl_pp_gt	1	0	0	1.003169	188	1
benchmarks/spec2006/400.perlbench.bc	400.perlbench.bc	expression-aware	Perl_pp_le	1	0	0	1.004455	1196	1
benchmarks/spec2006/400.perlbench.bc	400.perlbench.bc	expression-aware	Perl_pp_ge	1	0	0	1.003274	204	1
benchmarks/spec2006/400.perlbench.bc	400.perlbench.bc	expression-aware	Perl_pp_ne	1	0	0	1.003641	180	1
benchmarks/spec2006/400.perlbench.bc	400.perlbench.bc	expression-aware	Perl_pp_ncmp	1	0	0	1.003189	204	1
benchmarks/spec2006/400.perlbench.bc	400.perlbench.bc	expression-aware	Perl_pp_slt	1	0	0	1.084431	240	1
benchmarks/spec2006/400.perlbench.bc	400.perlbench.bc	expression-aware	Perl_pp_sgt	1	0	0	1.004087	224	1
benchmarks/spec2006/400.perlbench.bc	400.perlbench.bc	expression-aware	Perl_pp_sle	1	0	0	1.003006	192	1
benchmarks/spec2006/400.perlbench.bc	400.perlbench.bc	expression-aware	Perl_pp_sge	1	0	0	1.003260	188	1
benchmarks/spec2006/400.perlbench.bc	400.perlbench.bc	expression-aware	Perl_pp_seq	1	0	0	1.003409	204	1
benchmarks/spec2006/400.perlbench.bc	400.perlbench.bc	expression-aware	Perl_pp_sne	1	0	0	1.030570	200	1
benchmarks/spec2006/400.perlbench.bc	400.perlbench.bc	expression-aware	Perl_pp_scmp	1	0	0	1.002937	180	1
benchmarks/spec2006/400.perlbench.bc	400.perlbench.bc	expression-aware	Perl_pp_bit_and	1	0	0	1.003171	204	1
benchmarks/spec2006/400.perlbench.bc	400.perlbench.bc	expression-aware	Perl_pp_bit_xor	1	0	0	1.003815	204	1
benchmarks/spec2006/400.perlbench.bc	400.perlbench.bc	expression-aware	Perl_pp_bit_or	1	0	0	1.003040	208	1
benchmarks/spec2006/400.perlbench.bc	400.perlbench.bc	expression-aware	Perl_pp_negate	1	0	0	2.004067	143704	1
benchmarks/spec2006/400.perlbench.bc	400.perlbench.bc	expression-aware	Perl_pp_not	1	0	0	1.002991	192	1
benchmarks/spec2006/400.perlbench.bc	400.perlbench.bc	expression-aware	Perl_pp_complement	1	0	0	1.003539	196	1
benchmarks/spec2006/400.perlbench.bc	400.perlbench.bc	expression-aware	Perl_pp_i_multiply	1	0	0	1.002857	196	1
benchmarks/spec2006/400.perlbench.bc	400.perlbench.bc	expression-aware	Perl_pp_i_divide	1	0	0	1.003027	184	1
benchmarks/spec2006/400.perlbench.bc	400.perlbench.bc	expression-aware	Perl_pp_i_modulo	1	0	0	1.003225	204	1
benchmarks/spec2006/400.perlbench.bc	400.perlbench.bc	expression-aware	Perl_pp_i_modulo_0	1	0	0	1.004009	200	1
benchmarks/spec2006/400.perlbench.bc	400.perlbench.bc	expression-aware	Perl_pp_i_modulo_1	1	0	0	1.032010	232	1
benchmarks/spec2006/400.perlbench.bc	400.perlbench.bc	expression-aware	Perl_pp_i_add	1	0	0	1.002842	204	1
benchmarks/spec2006/400.perlbench.bc	400.perlbench.bc	expression-aware	Perl_pp_i_subtract	1	0	0	1.002874	180	1
benchmarks/spec2006/400.perlbench.bc	400.perlbench.bc	expression-aware	Perl_pp_i_lt	1	0	0	1.005169	236	1
benchmarks/spec2006/400.perlbench.bc	400.perlbench.bc	expression-aware	Perl_pp_i_gt	1	0	0	1.003023	200	1
benchmarks/spec2006/400.perlbench.bc	400.perlbench.bc	expression-aware	Perl_pp_i_le	1	0	0	1.003476	204	1
benchmarks/spec2006/400.perlbench.bc	400.perlbench.bc	expression-aware	Perl_pp_i_ge	1	0	0	1.009553	208	1
benchmarks/spec2006/400.perlbench.bc	400.perlbench.bc	expression-aware	Perl_pp_i_eq	1	0	0	1.003265	204	1
benchmarks/spec2006/400.perlbench.bc	400.perlbench.bc	expression-aware	Perl_pp_i_ne	1	0	0	1.003119	204	1
benchmarks/spec2006/400.perlbench.bc	400.perlbench.bc	expression-aware	Perl_pp_i_ncmp	1	0	0	1.003229	204	1
benchmarks/spec2006/400.perlbench.bc	400.perlbench.bc	expression-aware	Perl_pp_i_negate	1	0	0	1.003203	236	1
benchmarks/spec2006/400.perlbench.bc	400.perlbench.bc	expression-aware	Perl_pp_atan2	1	0	0	1.002879	176	1
benchmarks/spec2006/400.perlbench.bc	400.perlbench.bc	expression-aware	Perl_pp_sin	1	0	0	1.002878	204	1
benchmarks/spec2006/400.perlbench.bc	400.perlbench.bc	expression-aware	Perl_pp_cos	1	0	0	1.003024	204	1
benchmarks/spec2006/400.perlbench.bc	400.perlbench.bc	expression-aware	Perl_pp_rand	1	0	0	1.003171	204	1
benchmarks/spec2006/400.perlbench.bc	400.perlbench.bc	expression-aware	Perl_pp_srand	1	0	0	1.003157	204	1
benchmarks/spec2006/400.perlbench.bc	400.perlbench.bc	expression-aware	Perl_pp_exp	1	0	0	1.002963	188	1
benchmarks/spec2006/400.perlbench.bc	400.perlbench.bc	expression-aware	Perl_pp_log	1	0	0	1.003125	204	1
benchmarks/spec2006/400.perlbench.bc	400.perlbench.bc	expression-aware	Perl_pp_sqrt	1	0	0	1.003033	204	1
benchmarks/spec2006/400.perlbench.bc	400.perlbench.bc	expression-aware	Perl_pp_int	1	0	0	1.002904	184	1
benchmarks/spec2006/400.perlbench.bc	400.perlbench.bc	expression-aware	Perl_pp_abs	1	0	0	1.003053	204	1
benchmarks/spec2006/400.perlbench.bc	400.perlbench.bc	expression-aware	Perl_pp_hex	1	0	0	1.003294	196	1
benchmarks/spec2006/400.perlbench.bc	400.perlbench.bc	expression-aware	Perl_pp_oct	1	0	0	1.002933	180	1
benchmarks/spec2006/400.perlbench.bc	400.perlbench.bc	expression-aware	Perl_pp_length	1	0	0	1.002866	204	1
benchmarks/spec2006/400.perlbench.bc	400.perlbench.bc	expression-aware	Perl_pp_substr	1	0	0	1.003050	164	1
benchmarks/spec2006/400.perlbench.bc	400.perlbench.bc	expression-aware	Perl_pp_vec	1	0	0	1.003320	236	1
benchmarks/spec2006/400.perlbench.bc	400.perlbench.bc	expression-aware	Perl_pp_index	1	0	0	1.003824	200	1
benchmarks/spec2006/400.perlbench.bc	400.perlbench.bc	expression-aware	Perl_pp_rindex	1	0	0	1.003875	16	1
benchmarks/spec2006/400.perlbench.bc	400.perlbench.bc	expression-aware	Perl_pp_sprintf	1	0	0	1.003319	180	1
benchmarks/spec2006/400.perlbench.bc	400.perlbench.bc	expression-aware	Perl_pp_ord	1	0	0	1.003212	208	1
benchmarks/spec2006/400.perlbench.bc	400.perlbench.bc	expression-aware	Perl_pp_chr	1	0	0	1.003022	200	1
benchmarks/spec2006/400.perlbench.bc	400.perlbench.bc	expression-aware	Perl_pp_crypt	1	0	0	1.009363	176	1
benchmarks/spec2006/400.perlbench.bc	400.perlbench.bc	expression-aware	Perl_pp_ucfirst	1	0	0	1.003171	208	1
benchmarks/spec2006/400.perlbench.bc	400.perlbench.bc	expression-aware	Perl_pp_lcfirst	1	0	0	1.003047	204	1
benchmarks/spec2006/400.perlbench.bc	400.perlbench.bc	expression-aware	Perl_pp_uc	1	0	0	1.003080	236	1
benchmarks/spec2006/400.perlbench.bc	400.perlbench.bc	expression-aware	Perl_pp_lc	1	0	0	1.003162	204	1
benchmarks/spec2006/400.perlbench.bc	400.perlbench.bc	expression-aware	Perl_pp_quotemeta	1	0	0	1.051298	204	1
benchmarks/spec2006/400.perlbench.bc	400.perlbench.bc	expression-aware	Perl_pp_aslice	1	0	0	1.003376	204	1
benchmarks/spec2006/400.perlbench.bc	400.perlbench.bc	expression-aware	Perl_pp_each	1	0	0	1.003300	180	1
benchmarks/spec2006/400.perlbench.bc	400.perlbench.bc	expression-aware	Perl_pp_values	1	0	0	1.003277	208	1
benchmarks/spec2006/400.perlbench.bc	400.perlbench.bc	expression-aware	Perl_pp_keys	1	0	0	1.003407	200	1
benchmarks/spec2006/400.perlbench.bc	400.perlbench.bc	expression-aware	Perl_pp_delete	1	0	0	1.005285	176	1
benchmarks/spec2006/400.perlbench.bc	400.perlbench.bc	expression-aware	Perl_pp_exists	1	0	0	1.022978	11916	1
benchmarks/spec2006/400.perlbench.bc	400.perlbench.bc	expression-aware	Perl_pp_hslice	1	0	0	2.004757	128960	1
benchmarks/spec2006/400.perlbench.bc	400.perlbench.bc	expression-aware	Perl_pp_list	1	0	0	1.003129	208	1
benchmarks/spec2006/400.perlbench.bc	400.perlbench.bc	expression-aware	Perl_pp_lslice	1	0	0	1.003413	224	1
benchmarks/spec2006/400.perlbench.bc	400.perlbench.bc	expression-aware	Perl_pp_anonlist	1	0	0	1.003295	204	1
benchmarks/spec2006/400.perlbench.bc	400.perlbench.bc	expression-aware	Perl_pp_anonhash	1	0	0	1.002917	208	1
benchmarks/spec2006/400.perlbench.bc	400.perlbench.bc	expression-aware	Perl_pp_splice	1	0	0	1.003617	208	1
benchmarks/spec2006/400.perlbench.bc	400.perlbench.bc	expression-aware	Perl_pp_push	1	0	0	1.003016	176	1
benchmarks/spec2006/400.perlbench.bc	400.perlbench.bc	expression-aware	Perl_pp_pop	1	0	0	1.002902	204	1
benchmarks/spec2006/400.perlbench.bc	400.perlbench.bc	expression-aware	Perl_pp_shift	1	0	0	1.003786	184	1
benchmarks/spec2006/400.perlbench.bc	400.perlbench.bc	expression-aware	Perl_pp_unshift	1	0	0	1.003557	204	1
benchmarks/spec2006/400.perlbench.bc	400.perlbench.bc	expression-aware	Perl_pp_reverse	1	0	0	1.003075	196	1
benchmarks/spec2006/400.perlbench.bc	400.perlbench.bc	expression-aware	Perl_pp_split	1	-9	1	185.314003	929196	0
benchmarks/spec2006/400.perlbench.bc	400.perlbench.bc	expression-aware	Perl_pp_lock	1	0	0	1.003112	188	1
benchmarks/spec2006/400.perlbench.bc	400.perlbench.bc	expression-aware	Perl_pp_threadsv	1	0	0	1.004230	204	1
benchmarks/spec2006/400.perlbench.bc	400.perlbench.bc	expression-aware	Perl_pp_wantarray	1	0	0	1.002826	204	1
benchmarks/spec2006/400.perlbench.bc	400.perlbench.bc	expression-aware	S_dopoptosub	1	0	0	1.054156	24524	1
benchmarks/spec2006/400.perlbench.bc	400.perlbench.bc	expression-aware	S_dopoptosub_at	1	0	0	1.020208	204	1
benchmarks/spec2006/400.perlbench.bc	400.perlbench.bc	expression-aware	Perl_pp_regcmaybe	1	0	0	1.083801	11856	1
benchmarks/spec2006/400.perlbench.bc	400.perlbench.bc	expression-aware	Perl_pp_regcreset	1	0	0	1.003076	80	1
benchmarks/spec2006/400.perlbench.bc	400.perlbench.bc	expression-aware	Perl_pp_regcomp	1	0	0	1.004948	208	1
benchmarks/spec2006/400.perlbench.bc	400.perlbench.bc	expression-aware	Perl_pp_substcont	1	0	0	1.139592	192	1
benchmarks/spec2006/400.perlbench.bc	400.perlbench.bc	expression-aware	Perl_rxres_restore	1	0	0	1.017126	208	1
benchmarks/spec2006/400.perlbench.bc	400.perlbench.bc	expression-aware	Perl_rxres_free	1	0	0	1.004171	232	1
benchmarks/spec2006/400.perlbench.bc	400.perlbench.bc	expression-aware	Perl_rxres_save	1	0	0	1.003627	204	1
benchmarks/spec2006/400.perlbench.bc	400.perlbench.bc	expression-aware	Perl_pp_formline	1	0	0	152.229531	962612	1
benchmarks/spec2006/400.perlbench.bc	400.perlbench.bc	expression-aware	S_doparseform	1	0	0	2.005163	118504	1
benchmarks/spec2006/400.perlbench.bc	400.perlbench.bc	expression-aware	S_num_overflow	1	0	0	1.003927	204	1
benchmarks/spec2006/400.perlbench.bc	400.perlbench.bc	expression-aware	Perl_pp_grepstart	1	0	0	1.004105	180	1
benchmarks/spec2006/400.perlbench.bc	400.perlbench.bc	expression-aware	Perl_block_gimme	1	0	0	1.006488	200	1
benchmarks/spec2006/400.perlbench.bc	400.perlbench.bc	expression-aware	Perl_pp_mapstart	1	0	0	1.003110	180	1
benchmarks/spec2006/400.perlbench.bc	400.perlbench.bc	expression-aware	Perl_pp_mapwhile	1	0	0	1.003129	4	1
benchmarks/spec2006/400.perlbench.bc	400.perlbench.bc	expression-aware	Perl_pp_range	1	0	0	1.003224	236	1
benchmarks/spec2006/400.perlbench.bc	400.perlbench.bc	expression-aware	Perl_dowantarray	1	0	0	1.003069	204	1
benchmarks/spec2006/400.perlbench.bc	400.perlbench.bc	expression-aware	Perl_pp_flip	1	0	0	1.003221	208	1
benchmarks/spec2006/400.perlbench.bc	400.perlbench.bc	expression-aware	Perl_pp_flop	1	0	0	76.111770	134708	1
benchmarks/spec2006/400.perlbench.bc	400.perlbench.bc	expression-aware	Perl_is_lvalue_sub	1	0	0	1.003334	236	1
benchmarks/spec2006/400.perlbench.bc	400.perlbench.bc	expression-aware	Perl_dounwind	1	0	0	1.003201	208	1
benchmarks/spec2006/400.perlbench.bc	400.perlbench.bc	expression-aware	Perl_qerror	1	0	0	1.004065	188	1
benchmarks/spec2006/400.perlbench.bc	400.perlbench.bc	expression-aware	Perl_die_where	1	0	0	1.004481	208	1
benchmarks/spec2006/400.perlbench.bc	400.perlbench.bc	expression-aware	S_dopoptoeval	1	0	0	1.003754	188	1
benchmarks/spec2006/400.perlbench.bc	400.perlbench.bc	expression-aware	Perl_pp_xor	1	0	0	1.002988	204	1
benchmarks/spec2006/400.perlbench.bc	400.perlbench.bc	expression-aware	Perl_pp_andassign	1	0	0	1.003290	176	1
benchmarks/spec2006/400.perlbench.bc	400.perlbench.bc	expression-aware	Perl_pp_orassign	1	0	0	1.003294	204	1
benchmarks/spec2006/400.perlbench.bc	400.perlbench.bc	expression-aware	Perl_pp_caller	1	-9	1	185.309947	172952	0
benchmarks/spec2006/400.perlbench.bc	400.perlbench.bc	expression-aware	Perl_pp_reset	1	0	0	1.004099	208	1
benchmarks/spec2006/400.perlbench.bc	400.perlbench.bc	expression-aware	Perl_pp_lineseq	1	0	0	1.032091	10500	1
benchmarks/spec2006/400.perlbench.bc	400.perlbench.bc	expression-aware	Perl_pp_dbstate	1	0	0	1.003042	176	1
benchmarks/spec2006/400.perlbench.bc	400.perlbench.bc	expression-aware	Perl_pp_scope	1	0	0	1.002269	232	1
benchmarks/spec2006/400.perlbench.bc	400.perlbench.bc	expression-aware	Perl_pp_enteriter	1	0	0	1.003181	188	1
benchmarks/spec2006/400.perlbench.bc	400.perlbench.bc	expression-aware	Perl_pp_enterloop	1	0	0	1.002894	204	1
benchmarks/spec2006/400.perlbench.bc	400.perlbench.bc	expression-aware	Perl_pp_leaveloop	1	0	0	1.004207	188	1
benchmarks/spec2006/400.perlbench.bc	400.perlbench.bc	expression-aware	Perl_pp_return	1	0	0	1.002769	164	1
benchmarks/spec2006/400.perlbench.bc	400.perlbench.bc	expression-aware	Perl_pp_last	1	0	0	1.003238	236	1
benchmarks/spec2006/400.perlbench.bc	400.perlbench.bc	expression-aware	S_dopoptoloop	1	0	0	1.003114	192	1
benchmarks/spec2006/400.perlbench.bc	400.perlbench.bc	expression-aware	S_dopoptolabel	1	0	0	1.002898	176	1
benchmarks/spec2006/400.perlbench.bc	400.perlbench.bc	expression-aware	Perl_pp_next	1	0	0	1.003159	204	1
benchmarks/spec2006/400.perlbench.bc	400.perlbench.bc	expression-aware	Perl_pp_redo	1	0	0	1.003208	188	1
benchmarks/spec2006/400.perlbench.bc	400.perlbench.bc	expression-aware	Perl_pp_dump	1	0	0	1.003082	176	1
benchmarks/spec2006/400.perlbench.bc	400.perlbench.bc	expression-aware	Perl_pp_goto	1	-9	1	185.305491	289268	0
benchmarks/spec2006/400.perlbench.bc	400.perlbench.bc	expression-aware	S_dofindlabel	1	0	0	1.003251	232	1
benchmarks/spec2006/400.perlbench.bc	400.perlbench.bc	expression-aware	Perl_pp_exit	1	0	0	1.003661	204	1
benchmarks/spec2006/400.perlbench.bc	400.perlbench.bc	expression-aware	Perl_sv_compile_2op	1	0	0	1.003195	204	1
benchmarks/spec2006/400.perlbench.bc	400.perlbench.bc	expression-aware	Perl_find_runcv	1	0	0	1.003254	236	1
benchmarks/spec2006/400.perlbench.bc	400.perlbench.bc	expression-aware	S_doeval	1	0	0	1.003500	200	1
benchmarks/spec2006/400.perlbench.bc	400.perlbench.bc	expression-aware	Perl_pp_require	1	-9	1	185.299511	614032	0
benchmarks/spec2006/400.perlbench.bc	400.perlbench.bc	expression-aware	S_path_is_absolute	1	0	0	1.003254	180	1
benchmarks/spec2006/400.perlbench.bc	400.perlbench.bc	expression-aware	S_doopen_pm	1	0	0	1.055289	204	1
benchmarks/spec2006/400.perlbench.bc	400.perlbench.bc	expression-aware	run_user_filter	1	0	0	1.003034	204	1
benchmarks/spec2006/400.perlbench.bc	400.perlbench.bc	expression-aware	S_docatch	1	0	0	1.002831	236	1
benchmarks/spec2006/400.perlbench.bc	400.perlbench.bc	expression-aware	S_docatch_body	1	0	0	1.003413	204	1
benchmarks/spec2006/400.perlbench.bc	400.perlbench.bc	expression-aware	Perl_pp_dofile	1	0	0	1.003247	208	1
benchmarks/spec2006/400.perlbench.bc	400.perlbench.bc	expression-aware	Perl_pp_entereval	1	0	0	1.003148	164	1
benchmarks/spec2006/400.perlbench.bc	400.perlbench.bc	expression-aware	S_save_lines	1	0	0	1.003076	204	1
benchmarks/spec2006/400.perlbench.bc	400.perlbench.bc	expression-aware	Perl_pp_leaveeval	1	0	0	1.003319	208	1
benchmarks/spec2006/400.perlbench.bc	400.perlbench.bc	expression-aware	Perl_pp_entertry	1	0	0	1.003163	188	1
benchmarks/spec2006/400.perlbench.bc	400.perlbench.bc	expression-aware	Perl_pp_leavetry	1	0	0	1.002961	204	1
benchmarks/spec2006/400.perlbench.bc	400.perlbench.bc	expression-aware	Perl_pp_const	1	0	0	1.002885	204	1
benchmarks/spec2006/400.perlbench.bc	400.perlbench.bc	expression-aware	Perl_pp_nextstate	1	0	0	1.002617	204	1
benchmarks/spec2006/400.perlbench.bc	400.perlbench.bc	expression-aware	Perl_pp_gvsv	1	0	0	1.003104	236	1
benchmarks/spec2006/400.perlbench.bc	400.perlbench.bc	expression-aware	Perl_pp_null	1	0	0	1.002926	188	1
benchmarks/spec2006/400.perlbench.bc	400.perlbench.bc	expression-aware	Perl_pp_setstate	1	0	0	1.003744	180	1
benchmarks/spec2006/400.perlbench.bc	400.perlbench.bc	expression-aware	Perl_pp_pushmark	1	0	0	1.003654	208	1
benchmarks/spec2006/400.perlbench.bc	400.perlbench.bc	expression-aware	Perl_pp_stringify	1	0	0	1.002909	204	1
benchmarks/spec2006/400.perlbench.bc	400.perlbench.bc	expression-aware	Perl_pp_gv	1	0	0	1.002968	192	1
benchmarks/spec2006/400.perlbench.bc	400.perlbench.bc	expression-aware	Perl_pp_and	1	0	0	1.003162	188	1
benchmarks/spec2006/400.perlbench.bc	400.perlbench.bc	expression-aware	Perl_pp_sassign	1	0	0	1.003185	204	1
benchmarks/spec2006/400.perlbench.bc	400.perlbench.bc	expression-aware	Perl_pp_cond_expr	1	0	0	1.003002	180	1
benchmarks/spec2006/400.perlbench.bc	400.perlbench.bc	expression-aware	Perl_pp_unstack	1	0	0	1.002897	204	1
benchmarks/spec2006/400.perlbench.bc	400.perlbench.bc	expression-aware	Perl_pp_concat	1	0	0	1.003417	188	1
benchmarks/spec2006/400.perlbench.bc	400.perlbench.bc	expression-aware	Perl_pp_padsv	1	0	0	1.004644	204	1
benchmarks/spec2006/400.perlbench.bc	400.perlbench.bc	expression-aware	Perl_vivify_ref	1	0	0	1.004087	204	1
benchmarks/spec2006/400.perlbench.bc	400.perlbench.bc	expression-aware	Perl_pp_readline	1	0	0	1.002953	196	1
benchmarks/spec2006/400.perlbench.bc	400.perlbench.bc	expression-aware	Perl_do_readline	1	-9	1	185.283836	240092	0
benchmarks/spec2006/400.perlbench.bc	400.perlbench.bc	expression-aware	Perl_pp_eq	1	0	0	1.003395	204	1
benchmarks/spec2006/400.perlbench.bc	400.perlbench.bc	expression-aware	Perl_pp_preinc	1	0	0	1.003160	196	1
benchmarks/spec2006/400.perlbench.bc	400.perlbench.bc	expression-aware	Perl_pp_or	1	0	0	1.003017	184	1
benchmarks/spec2006/400.perlbench.bc	400.perlbench.bc	expression-aware	Perl_pp_add	1	0	0	1.002871	204	1
benchmarks/spec2006/400.perlbench.bc	400.perlbench.bc	expression-aware	Perl_pp_aelemfast	1	0	0	1.003312	176	1
benchmarks/spec2006/400.perlbench.bc	400.perlbench.bc	expression-aware	Perl_pp_join	1	0	0	1.003527	188	1
benchmarks/spec2006/400.perlbench.bc	400.perlbench.bc	expression-aware	Perl_pp_pushre	1	0	0	1.003436	232	1
benchmarks/spec2006/400.perlbench.bc	400.perlbench.bc	expression-aware	Perl_pp_print	1	0	0	24.035533	143164	1
benchmarks/spec2006/400.perlbench.bc	400.perlbench.bc	expression-aware	Perl_pp_rv2av	1	0	0	3.005666	148616	1
benchmarks/spec2006/400.perlbench.bc	400.perlbench.bc	expression-aware	Perl_pp_rv2hv	1	0	0	5.008728	140016	1
benchmarks/spec2006/400.perlbench.bc	400.perlbench.bc	expression-aware	Perl_pp_aassign	1	0	0	1.019355	184	1
benchmarks/spec2006/400.perlbench.bc	400.perlbench.bc	expression-aware	S_do_maybe_phash	1	0	0	1.003422	184	1
benchmarks/spec2006/400.perlbench.bc	400.perlbench.bc	expression-aware	S_do_oddball	1	0	0	1.003060	204	1
benchmarks/spec2006/400.perlbench.bc	400.perlbench.bc	expression-aware	Perl_pp_qr	1	0	0	1.003286	208	1
benchmarks/spec2006/400.perlbench.bc	400.perlbench.bc	expression-aware	Perl_pp_match	1	-9	1	185.290782	324560	0
benchmarks/spec2006/400.perlbench.bc	400.perlbench.bc	expression-aware	Perl_pp_enter	1	0	0	1.002731	200	1
benchmarks/spec2006/400.perlbench.bc	400.perlbench.bc	expression-aware	Perl_pp_helem	1	0	0	1.003321	236	1
benchmarks/spec2006/400.perlbench.bc	400.perlbench.bc	expression-aware	Perl_pp_leave	1	0	0	1.003326	204	1
benchmarks/spec2006/400.perlbench.bc	400.perlbench.bc	expression-aware	Perl_pp_iter	1	0	0	1.003840	200	1
benchmarks/spec2006/400.perlbench.bc	400.perlbench.bc	expression-aware	Perl_pp_subst	1	0	0	147.216141	323160	1
benchmarks/spec2006/400.perlbench.bc	400.perlbench.bc	expression-aware	Perl_pp_grepwhile	1	0	0	1.002819	204	1
benchmarks/spec2006/400.perlbench.bc	400.perlbench.bc	expression-aware	Perl_pp_leavesub	1	0	0	1.003391	192	1
benchmarks/spec2006/400.perlbench.bc	400.perlbench.bc	expression-aware	Perl_pp_leavesublv	1	0	0	5.008394	286864	1
benchmarks/spec2006/400.perlbench.bc	400.perlbench.bc	expression-aware	Perl_pp_entersub	1	0	0	46.069982	244624	1
benchmarks/spec2006/400.perlbench.bc	400.perlbench.bc	expression-aware	S_get_db_sub	1	0	0	1.003177	204	1
benchmarks/spec2006/400.perlbench.bc	400.perlbench.bc	expression-aware	Perl_sub_crush_depth	1	0	0	1.025371	164	1
benchmarks/spec2006/400.perlbench.bc	400.perlbench.bc	expression-aware	Perl_pp_aelem	1	0	0	1.003163	164	1
benchmarks/spec2006/400.perlbench.bc	400.perlbench.bc	expression-aware	Perl_pp_method	1	0	0	1.003172	204	1
benchmarks/spec2006/400.perlbench.bc	400.perlbench.bc	expression-aware	S_method_common	1	0	0	1.003196	204	1
benchmarks/spec2006/400.perlbench.bc	400.perlbench.bc	expression-aware	Perl_pp_method_named	1	0	0	1.003501	204	1
benchmarks/spec2006/400.perlbench.bc	400.perlbench.bc	expression-aware	Perl_unpack_str	1	0	0	1.003975	188	1
benchmarks/spec2006/400.perlbench.bc	400.perlbench.bc	expression-aware	S_unpack_rec	1	-9	1	185.334943	1725356	0
benchmarks/spec2006/400.perlbench.bc	400.perlbench.bc	expression-aware	S_next_symbol	1	0	0	2.034939	142632	1
benchmarks/spec2006/400.perlbench.bc	400.perlbench.bc	expression-aware	S_mul128	1	0	0	1.003232	180	1
benchmarks/spec2006/400.perlbench.bc	400.perlbench.bc	expression-aware	S_group_end	1	0	0	1.003547	204	1
benchmarks/spec2006/400.perlbench.bc	400.perlbench.bc	expression-aware	S_get_num	1	0	0	1.003196	232	1
benchmarks/spec2006/400.perlbench.bc	400.perlbench.bc	expression-aware	S_measure_struct	1	0	0	1.003011	208	1
benchmarks/spec2006/400.perlbench.bc	400.perlbench.bc	expression-aware	Perl_unpackstring	1	0	0	1.003623	208	1
benchmarks/spec2006/400.perlbench.bc	400.perlbench.bc	expression-aware	Perl_pp_unpack	1	0	0	1.004476	208	1
benchmarks/spec2006/400.perlbench.bc	400.perlbench.bc	expression-aware	Perl_pack_cat	1	0	0	1.003176	184	1
benchmarks/spec2006/400.perlbench.bc	400.perlbench.bc	expression-aware	S_pack_rec	1	-9	1	185.332686	1748288	0
benchmarks/spec2006/400.perlbench.bc	400.perlbench.bc	expression-aware	S_is_an_int	1	0	0	1.004327	204	1
benchmarks/spec2006/400.perlbench.bc	400.perlbench.bc	expression-aware	S_div128	1	0	0	1.004746	208	1
benchmarks/spec2006/400.perlbench.bc	400.perlbench.bc	expression-aware	S_doencodes	1	0	0	1.002957	204	1
benchmarks/spec2006/400.perlbench.bc	400.perlbench.bc	expression-aware	Perl_packlist	1	0	0	1.002606	196	1
benchmarks/spec2006/400.perlbench.bc	400.perlbench.bc	expression-aware	Perl_pp_pack	1	0	0	1.003081	204	1
benchmarks/spec2006/400.perlbench.bc	400.perlbench.bc	expression-aware	Perl_sortsv	1	0	0	1.003109	204	1
benchmarks/spec2006/400.perlbench.bc	400.perlbench.bc	expression-aware	S_mergesortsv	1	0	0	7.012327	182968	1
benchmarks/spec2006/400.perlbench.bc	400.perlbench.bc	expression-aware	S_qsortsv	1	0	0	1.003254	204	1
benchmarks/spec2006/400.perlbench.bc	400.perlbench.bc	expression-aware	cmpindir_desc	1	0	0	1.003559	208	1
benchmarks/spec2006/400.perlbench.bc	400.perlbench.bc	expression-aware	cmpindir	1	0	0	1.003604	204	1
benchmarks/spec2006/400.perlbench.bc	400.perlbench.bc	expression-aware	S_qsortsvu	1	0	0	18.026698	319912	1
benchmarks/spec2006/400.perlbench.bc	400.perlbench.bc	expression-aware	cmp_desc	1	0	0	1.028220	188	1
benchmarks/spec2006/400.perlbench.bc	400.perlbench.bc	expression-aware	dynprep	1	0	0	2.004790	130636	1
benchmarks/spec2006/400.perlbench.bc	400.perlbench.bc	expression-aware	S_sortsv_desc	1	0	0	1.002932	180	1
benchmarks/spec2006/400.perlbench.bc	400.perlbench.bc	expression-aware	Perl_pp_sort	1	0	0	1.003839	204	1
benchmarks/spec2006/400.perlbench.bc	400.perlbench.bc	expression-aware	sortcv_stacked	1	0	0	1.002825	204	1
benchmarks/spec2006/400.perlbench.bc	400.perlbench.bc	expression-aware	sortcv	1	0	0	1.002908	204	1
benchmarks/spec2006/400.perlbench.bc	400.perlbench.bc	expression-aware	sortcv_xsub	1	0	0	1.017419	184	1
benchmarks/spec2006/400.perlbench.bc	400.perlbench.bc	expression-aware	amagic_i_ncmp	1	0	0	1.003027	204	1
benchmarks/spec2006/400.perlbench.bc	400.perlbench.bc	expression-aware	sv_i_ncmp	1	0	0	1.003450	208	1
benchmarks/spec2006/400.perlbench.bc	400.perlbench.bc	expression-aware	amagic_ncmp	1	0	0	1.003756	176	1
benchmarks/spec2006/400.perlbench.bc	400.perlbench.bc	expression-aware	sv_ncmp	1	0	0	1.004022	1652	1
benchmarks/spec2006/400.perlbench.bc	400.perlbench.bc	expression-aware	amagic_cmp	1	0	0	1.003238	208	1
benchmarks/spec2006/400.perlbench.bc	400.perlbench.bc	expression-aware	Perl_pp_backtick	1	0	0	1.002781	92	1
benchmarks/spec2006/400.perlbench.bc	400.perlbench.bc	expression-aware	Perl_pp_glob	1	0	0	1.003141	204	1
benchmarks/spec2006/400.perlbench.bc	400.perlbench.bc	expression-aware	Perl_pp_rcatline	1	0	0	1.002841	164	1
benchmarks/spec2006/400.perlbench.bc	400.perlbench.bc	expression-aware	Perl_pp_warn	1	0	0	1.003127	180	1
benchmarks/spec2006/400.perlbench.bc	400.perlbench.bc	expression-aware	Perl_pp_die	1	0	0	1.003181	200	1
benchmarks/spec2006/400.perlbench.bc	400.perlbench.bc	expression-aware	Perl_pp_open	1	0	0	1.003070	208	1
benchmarks/spec2006/400.perlbench.bc	400.perlbench.bc	expression-aware	Perl_pp_close	1	0	0	1.003207	208	1
benchmarks/spec2006/400.perlbench.bc	400.perlbench.bc	expression-aware	Perl_pp_pipe_op	1	0	0	1.003418	204	1
benchmarks/spec2006/400.perlbench.bc	400.perlbench.bc	expression-aware	Perl_pp_fileno	1	0	0	1.003495	188	1
benchmarks/spec2006/400.perlbench.bc	400.perlbench.bc	expression-aware	Perl_pp_umask	1	0	0	1.002990	200	1
benchmarks/spec2006/400.perlbench.bc	400.perlbench.bc	expression-aware	Perl_pp_binmode	1	0	0	1.003160	192	1
benchmarks/spec2006/400.perlbench.bc	400.perlbench.bc	expression-aware	Perl_pp_tie	1	0	0	1.021298	180	1
benchmarks/spec2006/400.perlbench.bc	400.perlbench.bc	expression-aware	Perl_pp_untie	1	0	0	1.003166	192	1
benchmarks/spec2006/400.perlbench.bc	400.perlbench.bc	expression-aware	Perl_pp_tied	1	0	0	1.003851	208	1
benchmarks/spec2006/400.perlbench.bc	400.perlbench.bc	expression-aware	Perl_pp_dbmopen	1	0	0	1.007518	204	1
benchmarks/spec2006/400.perlbench.bc	400.perlbench.bc	expression-aware	Perl_pp_dbmclose	1	0	0	1.003725	176	1
benchmarks/spec2006/400.perlbench.bc	400.perlbench.bc	expression-aware	Perl_pp_sselect	1	0	0	1.002949	208	1
benchmarks/spec2006/400.perlbench.bc	400.perlbench.bc	expression-aware	Perl_setdefout	1	0	0	1.003497	176	1
benchmarks/spec2006/400.perlbench.bc	400.perlbench.bc	expression-aware	Perl_pp_select	1	0	0	1.003893	208	1
benchmarks/spec2006/400.perlbench.bc	400.perlbench.bc	expression-aware	Perl_pp_getc	1	0	0	1.003875	180	1
benchmarks/spec2006/400.perlbench.bc	400.perlbench.bc	expression-aware	Perl_pp_read	1	0	0	1.004129	204	1
benchmarks/spec2006/400.perlbench.bc	400.perlbench.bc	expression-aware	Perl_pp_sysread	1	-9	1	185.302861	223044	0
benchmarks/spec2006/400.perlbench.bc	400.perlbench.bc	expression-aware	Perl_pp_enterwrite	1	0	0	1.003644	196	1
benchmarks/spec2006/400.perlbench.bc	400.perlbench.bc	expression-aware	S_doform	1	0	0	1.003734	204	1
benchmarks/spec2006/400.perlbench.bc	400.perlbench.bc	expression-aware	Perl_pp_leavewrite	1	0	0	15.023307	156024	1
benchmarks/spec2006/400.perlbench.bc	400.perlbench.bc	expression-aware	Perl_pp_prtf	1	0	0	1.002979	236	1
benchmarks/spec2006/400.perlbench.bc	400.perlbench.bc	expression-aware	Perl_pp_sysopen	1	0	0	1.002895	204	1
benchmarks/spec2006/400.perlbench.bc	400.perlbench.bc	expression-aware	Perl_pp_syswrite	1	0	0	1.003610	196	1
benchmarks/spec2006/400.perlbench.bc	400.perlbench.bc	expression-aware	Perl_pp_send	1	0	0	1.002870	232	1
benchmarks/spec2006/400.perlbench.bc	400.perlbench.bc	expression-aware	Perl_pp_recv	1	0	0	1.003310	236	1
benchmarks/spec2006/400.perlbench.bc	400.perlbench.bc	expression-aware	Perl_pp_eof	1	0	0	1.003444	184	1
benchmarks/spec2006/400.perlbench.bc	400.perlbench.bc	expression-aware	Perl_pp_tell	1	0	0	1.003446	168	1
benchmarks/spec2006/400.perlbench.bc	400.perlbench.bc	expression-aware	Perl_pp_seek	1	0	0	1.003155	204	1
benchmarks/spec2006/400.perlbench.bc	400.perlbench.bc	expression-aware	Perl_pp_sysseek	1	0	0	1.002910	108	1
benchmarks/spec2006/400.perlbench.bc	400.perlbench.bc	expression-aware	Perl_pp_truncate	1	0	0	1.008302	204	1
benchmarks/spec2006/400.perlbench.bc	400.perlbench.bc	expression-aware	Perl_pp_fcntl	1	0	0	1.003407	188	1
benchmarks/spec2006/400.perlbench.bc	400.perlbench.bc	expression-aware	Perl_pp_ioctl	1	0	0	1.003143	204	1
benchmarks/spec2006/400.perlbench.bc	400.perlbench.bc	expression-aware	Perl_pp_flock	1	0	0	1.003230	192	1
benchmarks/spec2006/400.perlbench.bc	400.perlbench.bc	expression-aware	Perl_pp_socket	1	0	0	1.004402	192	1
benchmarks/spec2006/400.perlbench.bc	400.perlbench.bc	expression-aware	Perl_pp_sockpair	1	0	0	1.007143	196	1
benchmarks/spec2006/400.perlbench.bc	400.perlbench.bc	expression-aware	Perl_pp_bind	1	0	0	2.006604	118560	1
benchmarks/spec2006/400.perlbench.bc	400.perlbench.bc	expression-aware	Perl_pp_connect	1	0	0	1.003997	236	1
benchmarks/spec2006/400.perlbench.bc	400.perlbench.bc	expression-aware	Perl_pp_listen	1	0	0	1.002987	188	1
benchmarks/spec2006/400.perlbench.bc	400.perlbench.bc	expression-aware	Perl_pp_accept	1	0	0	1.003233	232	1
benchmarks/spec2006/400.perlbench.bc	400.perlbench.bc	expression-aware	Perl_pp_shutdown	1	0	0	1.003301	188	1
benchmarks/spec2006/400.perlbench.bc	400.perlbench.bc	expression-aware	Perl_pp_gsockopt	1	0	0	1.003076	208	1
benchmarks/spec2006/400.perlbench.bc	400.perlbench.bc	expression-aware	Perl_pp_ssockopt	1	0	0	1.003042	188	1
benchmarks/spec2006/400.perlbench.bc	400.perlbench.bc	expression-aware	Perl_pp_getsockname	1	0	0	1.003165	204	1
benchmarks/spec2006/400.perlbench.bc	400.perlbench.bc	expression-aware	Perl_pp_getpeername	1	0	0	1.003285	204	1
benchmarks/spec2006/400.perlbench.bc	400.perlbench.bc	expression-aware	Perl_pp_lstat	1	0	0	1.003254	184	1
benchmarks/spec2006/400.perlbench.bc	400.perlbench.bc	expression-aware	Perl_pp_stat	1	0	0	1.003045	240	1
benchmarks/spec2006/400.perlbench.bc	400.perlbench.bc	expression-aware	Perl_pp_ftrread	1	0	0	1.002912	208	1
benchmarks/spec2006/400.perlbench.bc	400.perlbench.bc	expression-aware	Perl_pp_ftrwrite	1	0	0	1.002899	208	1
benchmarks/spec2006/400.perlbench.bc	400.perlbench.bc	expression-aware	Perl_pp_ftrexec	1	0	0	1.002975	196	1
benchmarks/spec2006/400.perlbench.bc	400.perlbench.bc	expression-aware	Perl_pp_fteread	1	0	0	1.003385	140	1
benchmarks/spec2006/400.perlbench.bc	400.perlbench.bc	expression-aware	Perl_pp_ftewrite	1	0	0	1.002994	232	1
benchmarks/spec2006/400.perlbench.bc	400.perlbench.bc	expression-aware	Perl_pp_fteexec	1	0	0	1.003255	240	1
benchmarks/spec2006/400.perlbench.bc	400.perlbench.bc	expression-aware	Perl_pp_ftis	1	0	0	1.004421	208	1
benchmarks/spec2006/400.perlbench.bc	400.perlbench.bc	expression-aware	Perl_pp_fteowned	1	0	0	1.003058	200	1
benchmarks/spec2006/400.perlbench.bc	400.perlbench.bc	expression-aware	Perl_pp_ftrowned	1	0	0	1.003257	236	1
benchmarks/spec2006/400.perlbench.bc	400.perlbench.bc	expression-aware	Perl_pp_ftzero	1	0	0	1.003217	236	1
benchmarks/spec2006/400.perlbench.bc	400.perlbench.bc	expression-aware	Perl_pp_ftsize	1	0	0	1.002720	236	1
benchmarks/spec2006/400.perlbench.bc	400.perlbench.bc	expression-aware	Perl_pp_ftmtime	1	0	0	1.003085	204	1
benchmarks/spec2006/400.perlbench.bc	400.perlbench.bc	expression-aware	Perl_pp_ftatime	1	0	0	1.003493	232	1
benchmarks/spec2006/400.perlbench.bc	400.perlbench.bc	expression-aware	Perl_pp_ftctime	1	0	0	1.137926	26456	1
benchmarks/spec2006/400.perlbench.bc	400.perlbench.bc	expression-aware	Perl_pp_ftsock	1	0	0	1.002801	208	1
benchmarks/spec2006/400.perlbench.bc	400.perlbench.bc	expression-aware	Perl_pp_ftchr	1	0	0	1.003400	196	1
benchmarks/spec2006/400.perlbench.bc	400.perlbench.bc	expression-aware	Perl_pp_ftblk	1	0	0	1.002943	168	1
benchmarks/spec2006/400.perlbench.bc	400.perlbench.bc	expression-aware	Perl_pp_ftfile	1	0	0	1.003919	204	1
benchmarks/spec2006/400.perlbench.bc	400.perlbench.bc	expression-aware	Perl_pp_ftdir	1	0	0	1.003557	236	1
benchmarks/spec2006/400.perlbench.bc	400.perlbench.bc	expression-aware	Perl_pp_ftpipe	1	0	0	1.002964	204	1
benchmarks/spec2006/400.perlbench.bc	400.perlbench.bc	expression-aware	Perl_pp_ftlink	1	0	0	1.003005	196	1
benchmarks/spec2006/400.perlbench.bc	400.perlbench.bc	expression-aware	Perl_pp_ftsuid	1	0	0	1.003827	208	1
benchmarks/spec2006/400.perlbench.bc	400.perlbench.bc	expression-aware	Perl_pp_ftsgid	1	0	0	1.002658	204	1
benchmarks/spec2006/400.perlbench.bc	400.perlbench.bc	expression-aware	Perl_pp_ftsvtx	1	0	0	1.003160	200	1
benchmarks/spec2006/400.perlbench.bc	400.perlbench.bc	expression-aware	Perl_pp_fttty	1	0	0	1.003184	208	1
benchmarks/spec2006/400.perlbench.bc	400.perlbench.bc	expression-aware	Perl_pp_fttext	1	0	0	14.020793	160944	1
benchmarks/spec2006/400.perlbench.bc	400.perlbench.bc	expression-aware	Perl_pp_ftbinary	1	0	0	1.003143	200	1
benchmarks/spec2006/400.perlbench.bc	400.perlbench.bc	expression-aware	Perl_pp_chdir	1	0	0	1.003112	164	1
benchmarks/spec2006/400.perlbench.bc	400.perlbench.bc	expression-aware	Perl_pp_chown	1	0	0	1.003534	196	1
benchmarks/spec2006/400.perlbench.bc	400.perlbench.bc	expression-aware	Perl_pp_chroot	1	0	0	1.004666	180	1
benchmarks/spec2006/400.perlbench.bc	400.perlbench.bc	expression-aware	Perl_pp_unlink	1	0	0	1.026612	204	1
benchmarks/spec2006/400.perlbench.bc	400.perlbench.bc	expression-aware	Perl_pp_chmod	1	0	0	1.002872	184	1
benchmarks/spec2006/400.perlbench.bc	400.perlbench.bc	expression-aware	Perl_pp_utime	1	0	0	1.002943	204	1
benchmarks/spec2006/400.perlbench.bc	400.perlbench.bc	expression-aware	Perl_pp_rename	1	0	0	1.003117	208	1
benchmarks/spec2006/400.perlbench.bc	400.perlbench.bc	expression-aware	Perl_pp_link	1	0	0	1.003060	188	1
benchmarks/spec2006/400.perlbench.bc	400.perlbench.bc	expression-aware	Perl_pp_symlink	1	0	0	1.003094	188	1
benchmarks/spec2006/400.perlbench.bc	400.perlbench.bc	expression-aware	Perl_pp_readlink	1	0	0	1.003596	204	1
benchmarks/spec2006/400.perlbench.bc	400.perlbench.bc	expression-aware	Perl_pp_mkdir	1	0	0	1.003262	188	1
benchmarks/spec2006/400.perlbench.bc	400.perlbench.bc	expression-aware	Perl_pp_rmdir	1	0	0	1.004227	204	1
benchmarks/spec2006/400.perlbench.bc	400.perlbench.bc	expression-aware	Perl_pp_open_dir	1	0	0	1.005607	204	1
benchmarks/spec2006/400.perlbench.bc	400.perlbench.bc	expression-aware	Perl_pp_readdir	1	0	0	1.003178	184	1
benchmarks/spec2006/400.perlbench.bc	400.perlbench.bc	expression-aware	Perl_pp_telldir	1	0	0	1.003363	188	1
benchmarks/spec2006/400.perlbench.bc	400.perlbench.bc	expression-aware	Perl_pp_seekdir	1	0	0	1.003325	208	1
benchmarks/spec2006/400.perlbench.bc	400.perlbench.bc	expression-aware	Perl_pp_rewinddir	1	0	0	1.003322	184	1
benchmarks/spec2006/400.perlbench.bc	400.perlbench.bc	expression-aware	Perl_pp_closedir	1	0	0	1.003034	232	1
benchmarks/spec2006/400.perlbench.bc	400.perlbench.bc	expression-aware	Perl_pp_fork	1	0	0	1.003266	188	1
benchmarks/spec2006/400.perlbench.bc	400.perlbench.bc	expression-aware	Perl_pp_wait	1	0	0	1.003247	192	1
benchmarks/spec2006/400.perlbench.bc	400.perlbench.bc	expression-aware	Perl_pp_waitpid	1	0	0	1.003011	204	1
benchmarks/spec2006/400.perlbench.bc	400.perlbench.bc	expression-aware	Perl_pp_system	1	0	0	1.002912	200	1
benchmarks/spec2006/400.perlbench.bc	400.perlbench.bc	expression-aware	Perl_pp_exec	1	0	0	1.020255	204	1
benchmarks/spec2006/400.perlbench.bc	400.perlbench.bc	expression-aware	Perl_pp_kill	1	0	0	1.003262	164	1
benchmarks/spec2006/400.perlbench.bc	400.perlbench.bc	expression-aware	Perl_pp_getppid	1	0	0	1.003290	208	1
benchmarks/spec2006/400.perlbench.bc	400.perlbench.bc	expression-aware	Perl_pp_getpgrp	1	0	0	1.003202	204	1
benchmarks/spec2006/400.perlbench.bc	400.perlbench.bc	expression-aware	Perl_pp_setpgrp	1	0	0	1.003489	208	1
benchmarks/spec2006/400.perlbench.bc	400.perlbench.bc	expression-aware	Perl_pp_getpriority	1	0	0	1.003469	232	1
benchmarks/spec2006/400.perlbench.bc	400.perlbench.bc	expression-aware	Perl_pp_setpriority	1	0	0	1.002895	204	1
benchmarks/spec2006/400.perlbench.bc	400.perlbench.bc	expression-aware	Perl_pp_time	1	0	0	1.002927	204	1
benchmarks/spec2006/400.perlbench.bc	400.perlbench.bc	expression-aware	Perl_pp_tms	1	0	0	1.002834	204	1
benchmarks/spec2006/400.perlbench.bc	400.perlbench.bc	expression-aware	Perl_pp_localtime	1	0	0	1.003149	232	1
benchmarks/spec2006/400.perlbench.bc	400.perlbench.bc	expression-aware	Perl_pp_gmtime	1	0	0	1.002405	208	1
benchmarks/spec2006/400.perlbench.bc	400.perlbench.bc	expression-aware	Perl_pp_alarm	1	0	0	1.003104	180	1
benchmarks/spec2006/400.perlbench.bc	400.perlbench.bc	expression-aware	Perl_pp_sleep	1	0	0	1.002837	12	1
benchmarks/spec2006/400.perlbench.bc	400.perlbench.bc	expression-aware	Perl_pp_shmget	1	0	0	1.002811	224	1
benchmarks/spec2006/400.perlbench.bc	400.perlbench.bc	expression-aware	Perl_pp_semget	1	0	0	1.002497	208	1
benchmarks/spec2006/400.perlbench.bc	400.perlbench.bc	expression-aware	Perl_pp_shmctl	1	0	0	1.003079	204	1
benchmarks/spec2006/400.perlbench.bc	400.perlbench.bc	expression-aware	Perl_pp_semctl	1	0	0	1.003220	200	1
benchmarks/spec2006/400.perlbench.bc	400.perlbench.bc	expression-aware	Perl_pp_shmread	1	0	0	1.003222	188	1
benchmarks/spec2006/400.perlbench.bc	400.perlbench.bc	expression-aware	Perl_pp_shmwrite	1	0	0	1.003237	204	1
benchmarks/spec2006/400.perlbench.bc	400.perlbench.bc	expression-aware	Perl_pp_msgget	1	0	0	1.003333	192	1
benchmarks/spec2006/400.perlbench.bc	400.perlbench.bc	expression-aware	Perl_pp_msgctl	1	0	0	1.003531	196	1
benchmarks/spec2006/400.perlbench.bc	400.perlbench.bc	expression-aware	Perl_pp_msgsnd	1	0	0	1.003151	204	1
benchmarks/spec2006/400.perlbench.bc	400.perlbench.bc	expression-aware	Perl_pp_msgrcv	1	0	0	1.002997	208	1
benchmarks/spec2006/400.perlbench.bc	400.perlbench.bc	expression-aware	Perl_pp_semop	1	0	0	1.002956	208	1
benchmarks/spec2006/400.perlbench.bc	400.perlbench.bc	expression-aware	Perl_pp_ghbyname	1	0	0	1.034816	236	1
benchmarks/spec2006/400.perlbench.bc	400.perlbench.bc	expression-aware	Perl_pp_ghbyaddr	1	0	0	1.002937	184	1
benchmarks/spec2006/400.perlbench.bc	400.perlbench.bc	expression-aware	Perl_pp_ghostent	1	0	0	1.002950	204	1
benchmarks/spec2006/400.perlbench.bc	400.perlbench.bc	expression-aware	Perl_pp_gnbyname	1	0	0	1.004112	204	1
benchmarks/spec2006/400.perlbench.bc	400.perlbench.bc	expression-aware	Perl_pp_gnbyaddr	1	0	0	1.002341	204	1
benchmarks/spec2006/400.perlbench.bc	400.perlbench.bc	expression-aware	Perl_pp_gnetent	1	0	0	1.003237	208	1
benchmarks/spec2006/400.perlbench.bc	400.perlbench.bc	expression-aware	Perl_pp_gpbyname	1	0	0	1.003297	240	1
benchmarks/spec2006/400.perlbench.bc	400.perlbench.bc	expression-aware	Perl_pp_gpbynumber	1	0	0	1.003169	208	1
benchmarks/spec2006/400.perlbench.bc	400.perlbench.bc	expression-aware	Perl_pp_gprotoent	1	0	0	1.003233	204	1
benchmarks/spec2006/400.perlbench.bc	400.perlbench.bc	expression-aware	Perl_pp_gsbyname	1	0	0	1.003613	196	1
benchmarks/spec2006/400.perlbench.bc	400.perlbench.bc	expression-aware	Perl_pp_gsbyport	1	0	0	1.003287	204	1
benchmarks/spec2006/400.perlbench.bc	400.perlbench.bc	expression-aware	Perl_pp_gservent	1	0	0	1.002969	204	1
benchmarks/spec2006/400.perlbench.bc	400.perlbench.bc	expression-aware	Perl_pp_shostent	1	0	0	1.003170	204	1
benchmarks/spec2006/400.perlbench.bc	400.perlbench.bc	expression-aware	Perl_pp_snetent	1	0	0	1.003206	208	1
benchmarks/spec2006/400.perlbench.bc	400.perlbench.bc	expression-aware	Perl_pp_sprotoent	1	0	0	1.002967	204	1
benchmarks/spec2006/400.perlbench.bc	400.perlbench.bc	expression-aware	Perl_pp_sservent	1	0	0	1.003549	188	1
benchmarks/spec2006/400.perlbench.bc	400.perlbench.bc	expression-aware	Perl_pp_ehostent	1	0	0	1.004137	204	1
benchmarks/spec2006/400.perlbench.bc	400.perlbench.bc	expression-aware	Perl_pp_enetent	1	0	0	1.002895	124	1
benchmarks/spec2006/400.perlbench.bc	400.perlbench.bc	expression-aware	Perl_pp_eprotoent	1	0	0	1.003928	192	1
benchmarks/spec2006/400.perlbench.bc	400.perlbench.bc	expression-aware	Perl_pp_eservent	1	0	0	1.003058	192	1
benchmarks/spec2006/400.perlbench.bc	400.perlbench.bc	expression-aware	Perl_pp_gpwnam	1	0	0	1.002976	204	1
benchmarks/spec2006/400.perlbench.bc	400.perlbench.bc	expression-aware	Perl_pp_gpwuid	1	0	0	1.003164	192	1
benchmarks/spec2006/400.perlbench.bc	400.perlbench.bc	expression-aware	Perl_pp_gpwent	1	0	0	1.003299	204	1
benchmarks/spec2006/400.perlbench.bc	400.perlbench.bc	expression-aware	Perl_pp_spwent	1	0	0	1.003447	180	1
benchmarks/spec2006/400.perlbench.bc	400.perlbench.bc	expression-aware	Perl_pp_epwent	1	0	0	1.003127	204	1
benchmarks/spec2006/400.perlbench.bc	400.perlbench.bc	expression-aware	Perl_pp_ggrnam	1	0	0	1.003139	204	1
benchmarks/spec2006/400.perlbench.bc	400.perlbench.bc	expression-aware	Perl_pp_ggrgid	1	0	0	1.026734	208	1
benchmarks/spec2006/400.perlbench.bc	400.perlbench.bc	expression-aware	Perl_pp_ggrent	1	0	0	1.003403	204	1
benchmarks/spec2006/400.perlbench.bc	400.perlbench.bc	expression-aware	Perl_pp_sgrent	1	0	0	1.003111	200	1
benchmarks/spec2006/400.perlbench.bc	400.perlbench.bc	expression-aware	Perl_pp_egrent	1	0	0	1.003194	180	1
benchmarks/spec2006/400.perlbench.bc	400.perlbench.bc	expression-aware	Perl_pp_getlogin	1	0	0	1.003056	240	1
benchmarks/spec2006/400.perlbench.bc	400.perlbench.bc	expression-aware	Perl_pp_syscall	1	0	0	1.003277	232	1
benchmarks/spec2006/400.perlbench.bc	400.perlbench.bc	expression-aware	Perl_reginitcolors	1	0	0	1.003088	204	1
benchmarks/spec2006/400.perlbench.bc	400.perlbench.bc	expression-aware	Perl_pregcomp	1	-9	1	185.296414	466056	0
benchmarks/spec2006/400.perlbench.bc	400.perlbench.bc	expression-aware	clear_re	1	0	0	1.004448	180	1
benchmarks/spec2006/400.perlbench.bc	400.perlbench.bc	expression-aware	S_reg	1	0	0	185.283602	342380	1
benchmarks/spec2006/400.perlbench.bc	400.perlbench.bc	expression-aware	Perl_regnext	1	0	0	2.010645	118632	1
benchmarks/spec2006/400.perlbench.bc	400.perlbench.bc	expression-aware	S_cl_init	1	0	0	2.040716	118488	1
benchmarks/spec2006/400.perlbench.bc	400.perlbench.bc	expression-aware	S_study_chunk	1	-9	1	185.403940	3295260	0
benchmarks/spec2006/400.perlbench.bc	400.perlbench.bc	expression-aware	S_scan_commit	1	0	0	1.003081	232	1
benchmarks/spec2006/400.perlbench.bc	400.perlbench.bc	expression-aware	S_cl_is_anything	1	0	0	1.003576	240	1
benchmarks/spec2006/400.perlbench.bc	400.perlbench.bc	expression-aware	S_add_data	1	0	0	1.003163	232	1
benchmarks/spec2006/400.perlbench.bc	400.perlbench.bc	expression-aware	S_cl_init_zero	1	0	0	1.003521	164	1
benchmarks/spec2006/400.perlbench.bc	400.perlbench.bc	expression-aware	S_cl_or	1	0	0	1.003848	164	1
benchmarks/spec2006/400.perlbench.bc	400.perlbench.bc	expression-aware	S_cl_and	1	0	0	1.003373	236	1
benchmarks/spec2006/400.perlbench.bc	400.perlbench.bc	expression-aware	S_cl_anything	1	0	0	1.005086	236	1
benchmarks/spec2006/400.perlbench.bc	400.perlbench.bc	expression-aware	S_re_croak2	1	0	0	1.004804	176	1
benchmarks/spec2006/400.perlbench.bc	400.perlbench.bc	expression-aware	S_nextchar	1	0	0	1.003995	76	1
benchmarks/spec2006/400.perlbench.bc	400.perlbench.bc	expression-aware	Perl_save_re_context	1	0	0	1.006800	104	1
benchmarks/spec2006/400.perlbench.bc	400.perlbench.bc	expression-aware	S_reg_node	1	0	0	1.010176	204	1
benchmarks/spec2006/400.perlbench.bc	400.perlbench.bc	expression-aware	S_reganode	1	0	0	1.003804	208	1
benchmarks/spec2006/400.perlbench.bc	400.perlbench.bc	expression-aware	S_regtail	1	0	0	1.002512	204	1
benchmarks/spec2006/400.perlbench.bc	400.perlbench.bc	expression-aware	S_regbranch	1	0	0	1.003267	204	1
benchmarks/spec2006/400.perlbench.bc	400.perlbench.bc	expression-aware	S_reginsert	1	0	0	1.003830	204	1
benchmarks/spec2006/400.perlbench.bc	400.perlbench.bc	expression-aware	S_regoptail	1	0	0	1.004227	184	1
benchmarks/spec2006/400.perlbench.bc	400.perlbench.bc	expression-aware	S_regpiece	1	-9	1	185.281612	165116	0
benchmarks/spec2006/400.perlbench.bc	400.perlbench.bc	expression-aware	S_regatom	1	-9	1	185.311556	549288	0
benchmarks/spec2006/400.perlbench.bc	400.perlbench.bc	expression-aware	S_regcurly	1	0	0	1.014356	192	1
benchmarks/spec2006/400.perlbench.bc	400.perlbench.bc	expression-aware	S_regclass	1	0	0	1.013655	196	1
benchmarks/spec2006/400.perlbench.bc	400.perlbench.bc	expression-aware	S_regwhite	1	0	0	1.003052	236	1
benchmarks/spec2006/400.perlbench.bc	400.perlbench.bc	expression-aware	S_reguni	1	0	0	1.002922	204	1
benchmarks/spec2006/400.perlbench.bc	400.perlbench.bc	expression-aware	S_checkposixcc	1	0	0	1.002979	204	1
benchmarks/spec2006/400.perlbench.bc	400.perlbench.bc	expression-aware	S_regpposixcc	1	0	0	1.014336	232	1
benchmarks/spec2006/400.perlbench.bc	400.perlbench.bc	expression-aware	Perl_regdump	1	0	0	1.003105	200	1
benchmarks/spec2006/400.perlbench.bc	400.perlbench.bc	expression-aware	Perl_regprop	1	0	0	1.014482	232	1
benchmarks/spec2006/400.perlbench.bc	400.perlbench.bc	expression-aware	Perl_re_intuit_string	1	0	0	1.003067	204	1
benchmarks/spec2006/400.perlbench.bc	400.perlbench.bc	expression-aware	Perl_pregfree	1	0	0	1.003154	184	1
benchmarks/spec2006/400.perlbench.bc	400.perlbench.bc	expression-aware	Perl_pregexec	1	0	0	1.002997	4	1
benchmarks/spec2006/400.perlbench.bc	400.perlbench.bc	expression-aware	Perl_regexec_flags	1	-9	1	185.316313	421452	0
benchmarks/spec2006/400.perlbench.bc	400.perlbench.bc	expression-aware	S_cache_re	1	0	0	1.003016	236	1
benchmarks/spec2006/400.perlbench.bc	400.perlbench.bc	expression-aware	Perl_re_intuit_start	1	-9	1	185.337770	1654304	0
benchmarks/spec2006/400.perlbench.bc	400.perlbench.bc	expression-aware	S_regtry	1	0	0	1.002494	184	1
benchmarks/spec2006/400.perlbench.bc	400.perlbench.bc	expression-aware	S_reghop3	1	0	0	1.014205	204	1
benchmarks/spec2006/400.perlbench.bc	400.perlbench.bc	expression-aware	S_to_utf8_substr	1	0	0	1.003165	16	1
benchmarks/spec2006/400.perlbench.bc	400.perlbench.bc	expression-aware	S_to_byte_substr	1	0	0	1.014312	196	1
benchmarks/spec2006/400.perlbench.bc	400.perlbench.bc	expression-aware	S_reghop	1	0	0	1.003631	132	1
benchmarks/spec2006/400.perlbench.bc	400.perlbench.bc	expression-aware	S_find_byclass	1	0	0	20.031878	368932	1
benchmarks/spec2006/400.perlbench.bc	400.perlbench.bc	expression-aware	restore_pos	1	0	0	1.002978	196	1
benchmarks/spec2006/400.perlbench.bc	400.perlbench.bc	expression-aware	S_reginclass	1	-9	1	185.320461	507608	0
benchmarks/spec2006/400.perlbench.bc	400.perlbench.bc	expression-aware	Perl_regclass_swash	1	0	0	1.005063	208	1
benchmarks/spec2006/400.perlbench.bc	400.perlbench.bc	expression-aware	S_regmatch	1	-9	1	185.552396	6857416	0
benchmarks/spec2006/400.perlbench.bc	400.perlbench.bc	expression-aware	S_regcppush	1	0	0	1.003014	204	1
benchmarks/spec2006/400.perlbench.bc	400.perlbench.bc	expression-aware	S_regcppop	1	0	0	1.014807	208	1
benchmarks/spec2006/400.perlbench.bc	400.perlbench.bc	expression-aware	S_regrepeat_hard	1	0	0	1.004416	204	1
benchmarks/spec2006/400.perlbench.bc	400.perlbench.bc	expression-aware	S_regrepeat	1	0	0	1.002830	172	1
benchmarks/spec2006/400.perlbench.bc	400.perlbench.bc	expression-aware	S_regcp_set_to	1	0	0	1.003944	184	1
benchmarks/spec2006/400.perlbench.bc	400.perlbench.bc	expression-aware	S_reghopmaybe	1	0	0	1.003104	240	1
benchmarks/spec2006/400.perlbench.bc	400.perlbench.bc	expression-aware	S_reghopmaybe3	1	0	0	1.005327	1660	1
benchmarks/spec2006/400.perlbench.bc	400.perlbench.bc	expression-aware	Perl_runops_standard	1	0	0	1.003369	236	1
benchmarks/spec2006/400.perlbench.bc	400.perlbench.bc	expression-aware	Perl_stack_grow	1	0	0	1.003160	200	1
benchmarks/spec2006/400.perlbench.bc	400.perlbench.bc	expression-aware	Perl_new_stackinfo	1	0	0	1.003009	236	1
benchmarks/spec2006/400.perlbench.bc	400.perlbench.bc	expression-aware	Perl_cxinc	1	0	0	1.004504	380	1
benchmarks/spec2006/400.perlbench.bc	400.perlbench.bc	expression-aware	Perl_push_return	1	0	0	1.003272	208	1
benchmarks/spec2006/400.perlbench.bc	400.perlbench.bc	expression-aware	Perl_pop_return	1	0	0	1.003076	232	1
benchmarks/spec2006/400.perlbench.bc	400.perlbench.bc	expression-aware	Perl_push_scope	1	0	0	1.003432	188	1
benchmarks/spec2006/400.perlbench.bc	400.perlbench.bc	expression-aware	Perl_pop_scope	1	0	0	1.003152	196	1
benchmarks/spec2006/400.perlbench.bc	400.perlbench.bc	expression-aware	Perl_leave_scope	1	0	0	1.014305	196	1
benchmarks/spec2006/400.perlbench.bc	400.perlbench.bc	expression-aware	Perl_markstack_grow	1	0	0	1.005022	204	1
benchmarks/spec2006/400.perlbench.bc	400.perlbench.bc	expression-aware	Perl_savestack_grow	1	0	0	1.014281	192	1
benchmarks/spec2006/400.perlbench.bc	400.perlbench.bc	expression-aware	Perl_savestack_grow_cnt	1	0	0	1.003960	232	1
benchmarks/spec2006/400.perlbench.bc	400.perlbench.bc	expression-aware	Perl_tmps_grow	1	0	0	1.014866	188	1
benchmarks/spec2006/400.perlbench.bc	400.perlbench.bc	expression-aware	Perl_free_tmps	1	0	0	1.002983	180	1
benchmarks/spec2006/400.perlbench.bc	400.perlbench.bc	expression-aware	Perl_save_scalar	1	0	0	1.002849	200	1
benchmarks/spec2006/400.perlbench.bc	400.perlbench.bc	expression-aware	S_save_scalar_at	1	0	0	1.003526	208	1
benchmarks/spec2006/400.perlbench.bc	400.perlbench.bc	expression-aware	Perl_save_sptr	1	0	0	1.004077	192	1
benchmarks/spec2006/400.perlbench.bc	400.perlbench.bc	expression-aware	Perl_save_svref	1	0	0	1.003140	204	1
benchmarks/spec2006/400.perlbench.bc	400.perlbench.bc	expression-aware	Perl_save_generic_svref	1	0	0	1.004234	204	1
benchmarks/spec2006/400.perlbench.bc	400.perlbench.bc	expression-aware	Perl_save_generic_pvref	1	0	0	1.003380	204	1
benchmarks/spec2006/400.perlbench.bc	400.perlbench.bc	expression-aware	Perl_save_shared_pvref	1	0	0	1.003220	208	1
benchmarks/spec2006/400.perlbench.bc	400.perlbench.bc	expression-aware	Perl_save_gp	1	0	0	1.002926	204	1
benchmarks/spec2006/400.perlbench.bc	400.perlbench.bc	expression-aware	Perl_save_ary	1	0	0	1.014069	208	1
benchmarks/spec2006/400.perlbench.bc	400.perlbench.bc	expression-aware	Perl_save_hash	1	0	0	1.004196	232	1
benchmarks/spec2006/400.perlbench.bc	400.perlbench.bc	expression-aware	Perl_save_item	1	0	0	1.013605	204	1
benchmarks/spec2006/400.perlbench.bc	400.perlbench.bc	expression-aware	Perl_save_int	1	0	0	1.002973	188	1
benchmarks/spec2006/400.perlbench.bc	400.perlbench.bc	expression-aware	Perl_save_long	1	0	0	1.003031	240	1
benchmarks/spec2006/400.perlbench.bc	400.perlbench.bc	expression-aware	Perl_save_bool	1	0	0	1.002880	208	1
benchmarks/spec2006/400.perlbench.bc	400.perlbench.bc	expression-aware	Perl_save_I32	1	0	0	1.002867	204	1
benchmarks/spec2006/400.perlbench.bc	400.perlbench.bc	expression-aware	Perl_save_I16	1	0	0	1.002803	204	1
benchmarks/spec2006/400.perlbench.bc	400.perlbench.bc	expression-aware	Perl_save_I8	1	0	0	1.002996	176	1
benchmarks/spec2006/400.perlbench.bc	400.perlbench.bc	expression-aware	Perl_save_iv	1	0	0	1.002860	204	1
benchmarks/spec2006/400.perlbench.bc	400.perlbench.bc	expression-aware	Perl_save_pptr	1	0	0	1.003382	192	1
benchmarks/spec2006/400.perlbench.bc	400.perlbench.bc	expression-aware	Perl_save_vptr	1	0	0	1.003493	192	1
benchmarks/spec2006/400.perlbench.bc	400.perlbench.bc	expression-aware	Perl_save_padsv	1	0	0	1.003173	208	1
benchmarks/spec2006/400.perlbench.bc	400.perlbench.bc	expression-aware	Perl_save_threadsv	1	0	0	1.002899	204	1
benchmarks/spec2006/400.perlbench.bc	400.perlbench.bc	expression-aware	Perl_save_nogv	1	0	0	1.014467	204	1
benchmarks/spec2006/400.perlbench.bc	400.perlbench.bc	expression-aware	Perl_save_hptr	1	0	0	1.003990	208	1
benchmarks/spec2006/400.perlbench.bc	400.perlbench.bc	expression-aware	Perl_save_aptr	1	0	0	1.003098	200	1
benchmarks/spec2006/400.perlbench.bc	400.perlbench.bc	expression-aware	Perl_save_freesv	1	0	0	1.003249	192	1
benchmarks/spec2006/400.perlbench.bc	400.perlbench.bc	expression-aware	Perl_save_mortalizesv	1	0	0	1.002924	236	1
benchmarks/spec2006/400.perlbench.bc	400.perlbench.bc	expression-aware	Perl_save_freeop	1	0	0	1.003097	204	1
benchmarks/spec2006/400.perlbench.bc	400.perlbench.bc	expression-aware	Perl_save_freepv	1	0	0	1.003483	204	1
benchmarks/spec2006/400.perlbench.bc	400.perlbench.bc	expression-aware	Perl_save_clearsv	1	0	0	1.002887	208	1
benchmarks/spec2006/400.perlbench.bc	400.perlbench.bc	expression-aware	Perl_save_delete	1	0	0	1.013124	204	1
benchmarks/spec2006/400.perlbench.bc	400.perlbench.bc	expression-aware	Perl_save_list	1	0	0	1.003649	188	1
benchmarks/spec2006/400.perlbench.bc	400.perlbench.bc	expression-aware	Perl_save_destructor	1	0	0	1.003069	208	1
benchmarks/spec2006/400.perlbench.bc	400.perlbench.bc	expression-aware	Perl_save_destructor_x	1	0	0	1.013811	224	1
benchmarks/spec2006/400.perlbench.bc	400.perlbench.bc	expression-aware	Perl_save_aelem	1	0	0	1.013954	208	1
benchmarks/spec2006/400.perlbench.bc	400.perlbench.bc	expression-aware	Perl_save_helem	1	0	0	1.013650	208	1
benchmarks/spec2006/400.perlbench.bc	400.perlbench.bc	expression-aware	Perl_save_op	1	0	0	1.003560	204	1
benchmarks/spec2006/400.perlbench.bc	400.perlbench.bc	expression-aware	Perl_save_alloc	1	0	0	1.003180	208	1
benchmarks/spec2006/400.perlbench.bc	400.perlbench.bc	expression-aware	Perl_cx_dump	1	0	0	1.002930	204	1
benchmarks/spec2006/400.perlbench.bc	400.perlbench.bc	expression-aware	Perl_sv_add_arena	1	0	0	1.013594	192	1
benchmarks/spec2006/400.perlbench.bc	400.perlbench.bc	expression-aware	Perl_sv_report_used	1	0	0	1.003175	204	1
benchmarks/spec2006/400.perlbench.bc	400.perlbench.bc	expression-aware	Perl_sv_clean_objs	1	0	0	1.003131	208	1
benchmarks/spec2006/400.perlbench.bc	400.perlbench.bc	expression-aware	do_clean_objs	1	0	0	1.003582	236	1
benchmarks/spec2006/400.perlbench.bc	400.perlbench.bc	expression-aware	S_visit	1	0	0	1.014260	200	1
benchmarks/spec2006/400.perlbench.bc	400.perlbench.bc	expression-aware	do_clean_named_objs	1	0	0	1.003039	204	1
benchmarks/spec2006/400.perlbench.bc	400.perlbench.bc	expression-aware	Perl_sv_free	1	0	0	1.003268	204	1
benchmarks/spec2006/400.perlbench.bc	400.perlbench.bc	expression-aware	Perl_sv_clear	1	0	0	2.004339	118752	1
benchmarks/spec2006/400.perlbench.bc	400.perlbench.bc	expression-aware	Perl_newRV	1	0	0	1.013155	14960	1
benchmarks/spec2006/400.perlbench.bc	400.perlbench.bc	expression-aware	Perl_sv_backoff	1	0	0	1.003243	208	1
benchmarks/spec2006/400.perlbench.bc	400.perlbench.bc	expression-aware	S_sv_del_backref	1	0	0	1.004279	204	1
benchmarks/spec2006/400.perlbench.bc	400.perlbench.bc	expression-aware	S_del_xiv	1	0	0	1.004051	204	1
benchmarks/spec2006/400.perlbench.bc	400.perlbench.bc	expression-aware	S_del_xnv	1	0	0	1.014872	204	1
benchmarks/spec2006/400.perlbench.bc	400.perlbench.bc	expression-aware	S_del_xrv	1	0	0	1.003495	188	1
benchmarks/spec2006/400.perlbench.bc	400.perlbench.bc	expression-aware	S_del_xpv	1	0	0	1.012658	204	1
benchmarks/spec2006/400.perlbench.bc	400.perlbench.bc	expression-aware	S_del_xpviv	1	0	0	1.003153	200	1
benchmarks/spec2006/400.perlbench.bc	400.perlbench.bc	expression-aware	S_del_xpvnv	1	0	0	1.002999	208	1
benchmarks/spec2006/400.perlbench.bc	400.perlbench.bc	expression-aware	S_del_xpvmg	1	0	0	1.002901	204	1
benchmarks/spec2006/400.perlbench.bc	400.perlbench.bc	expression-aware	S_del_xpvlv	1	0	0	1.003135	208	1
benchmarks/spec2006/400.perlbench.bc	400.perlbench.bc	expression-aware	S_del_xpvav	1	0	0	1.013059	204	1
benchmarks/spec2006/400.perlbench.bc	400.perlbench.bc	expression-aware	S_del_xpvhv	1	0	0	1.003073	188	1
benchmarks/spec2006/400.perlbench.bc	400.perlbench.bc	expression-aware	S_del_xpvcv	1	0	0	1.003154	236	1
benchmarks/spec2006/400.perlbench.bc	400.perlbench.bc	expression-aware	S_del_xpvbm	1	0	0	1.003022	192	1
benchmarks/spec2006/400.perlbench.bc	400.perlbench.bc	expression-aware	Perl_newRV_noinc	1	0	0	1.004306	184	1
benchmarks/spec2006/400.perlbench.bc	400.perlbench.bc	expression-aware	S_more_sv	1	0	0	1.003162	204	1
benchmarks/spec2006/400.perlbench.bc	400.perlbench.bc	expression-aware	Perl_sv_upgrade	1	0	0	1.003339	188	1
benchmarks/spec2006/400.perlbench.bc	400.perlbench.bc	expression-aware	Perl_sv_force_normal	1	0	0	1.003363	188	1
benchmarks/spec2006/400.perlbench.bc	400.perlbench.bc	expression-aware	S_new_xiv	1	0	0	1.002932	240	1
benchmarks/spec2006/400.perlbench.bc	400.perlbench.bc	expression-aware	S_new_xnv	1	0	0	1.002987	188	1
benchmarks/spec2006/400.perlbench.bc	400.perlbench.bc	expression-aware	S_new_xrv	1	0	0	1.003279	240	1
benchmarks/spec2006/400.perlbench.bc	400.perlbench.bc	expression-aware	S_new_xpv	1	0	0	1.013824	15008	1
benchmarks/spec2006/400.perlbench.bc	400.perlbench.bc	expression-aware	S_new_xpviv	1	0	0	1.003170	196	1
benchmarks/spec2006/400.perlbench.bc	400.perlbench.bc	expression-aware	S_new_xpvnv	1	0	0	1.003030	200	1
benchmarks/spec2006/400.perlbench.bc	400.perlbench.bc	expression-aware	S_new_xpvmg	1	0	0	1.002033	196	1
benchmarks/spec2006/400.perlbench.bc	400.perlbench.bc	expression-aware	S_new_xpvlv	1	0	0	1.002074	204	1
benchmarks/spec2006/400.perlbench.bc	400.perlbench.bc	expression-aware	S_new_xpvav	1	0	0	1.002905	208	1
benchmarks/spec2006/400.perlbench.bc	400.perlbench.bc	expression-aware	S_new_xpvhv	1	0	0	1.003305	204	1
benchmarks/spec2006/400.perlbench.bc	400.perlbench.bc	expression-aware	S_new_xpvcv	1	0	0	1.013069	188	1
benchmarks/spec2006/400.perlbench.bc	400.perlbench.bc	expression-aware	S_new_xpvbm	1	0	0	1.003343	184	1
benchmarks/spec2006/400.perlbench.bc	400.perlbench.bc	expression-aware	S_more_xpvbm	1	0	0	1.003032	12	1
benchmarks/spec2006/400.perlbench.bc	400.perlbench.bc	expression-aware	S_more_xpvcv	1	0	0	1.002952	192	1
benchmarks/spec2006/400.perlbench.bc	400.perlbench.bc	expression-aware	S_more_xpvhv	1	0	0	1.003104	208	1
benchmarks/spec2006/400.perlbench.bc	400.perlbench.bc	expression-aware	S_more_xpvav	1	0	0	1.002907	204	1
benchmarks/spec2006/400.perlbench.bc	400.perlbench.bc	expression-aware	S_more_xpvlv	1	0	0	1.014871	180	1
benchmarks/spec2006/400.perlbench.bc	400.perlbench.bc	expression-aware	S_more_xpvmg	1	0	0	1.003082	208	1
benchmarks/spec2006/400.perlbench.bc	400.perlbench.bc	expression-aware	S_more_xpvnv	1	0	0	1.002926	200	1
benchmarks/spec2006/400.perlbench.bc	400.perlbench.bc	expression-aware	S_more_xpviv	1	0	0	1.003129	184	1
benchmarks/spec2006/400.perlbench.bc	400.perlbench.bc	expression-aware	S_more_xpv	1	0	0	1.003280	204	1
benchmarks/spec2006/400.perlbench.bc	400.perlbench.bc	expression-aware	S_more_xrv	1	0	0	1.003077	240	1
benchmarks/spec2006/400.perlbench.bc	400.perlbench.bc	expression-aware	S_more_xnv	1	0	0	1.002834	188	1
benchmarks/spec2006/400.perlbench.bc	400.perlbench.bc	expression-aware	S_more_xiv	1	0	0	1.013713	204	1
benchmarks/spec2006/400.perlbench.bc	400.perlbench.bc	expression-aware	Perl_sv_force_normal_flags	1	0	0	1.013902	204	1
benchmarks/spec2006/400.perlbench.bc	400.perlbench.bc	expression-aware	Perl_sv_grow	1	0	0	1.002893	196	1
benchmarks/spec2006/400.perlbench.bc	400.perlbench.bc	expression-aware	Perl_sv_unref_flags	1	0	0	1.013066	208	1
benchmarks/spec2006/400.perlbench.bc	400.perlbench.bc	expression-aware	S_sv_unglob	1	0	0	1.003983	180	1
benchmarks/spec2006/400.perlbench.bc	400.perlbench.bc	expression-aware	Perl_sv_unmagic	1	0	0	1.003875	192	1
benchmarks/spec2006/400.perlbench.bc	400.perlbench.bc	expression-aware	Perl_sv_2mortal	1	0	0	1.003115	204	1
benchmarks/spec2006/400.perlbench.bc	400.perlbench.bc	expression-aware	Perl_sv_unref	1	0	0	1.002895	204	1
benchmarks/spec2006/400.perlbench.bc	400.perlbench.bc	expression-aware	Perl_sv_clean_all	1	0	0	1.055196	176	1
benchmarks/spec2006/400.perlbench.bc	400.perlbench.bc	expression-aware	do_clean_all	1	0	0	1.003146	208	1
benchmarks/spec2006/400.perlbench.bc	400.perlbench.bc	expression-aware	Perl_sv_free_arenas	1	0	0	1.003988	180	1
benchmarks/spec2006/400.perlbench.bc	400.perlbench.bc	expression-aware	Perl_report_uninit	1	0	0	1.003042	236	1
benchmarks/spec2006/400.perlbench.bc	400.perlbench.bc	expression-aware	Perl_sv_setiv	1	0	0	1.003037	180	1
benchmarks/spec2006/400.perlbench.bc	400.perlbench.bc	expression-aware	Perl_sv_reftype	1	0	0	1.002955	192	1
benchmarks/spec2006/400.perlbench.bc	400.perlbench.bc	expression-aware	Perl_sv_taint	1	0	0	1.002807	184	1
benchmarks/spec2006/400.perlbench.bc	400.perlbench.bc	expression-aware	Perl_sv_magic	1	0	0	1.003099	196	1
benchmarks/spec2006/400.perlbench.bc	400.perlbench.bc	expression-aware	Perl_sv_magicext	1	0	0	1.013637	204	1
benchmarks/spec2006/400.perlbench.bc	400.perlbench.bc	expression-aware	Perl_sv_rvweaken	1	0	0	1.002981	204	1
benchmarks/spec2006/400.perlbench.bc	400.perlbench.bc	expression-aware	S_sv_add_backref	1	0	0	1.002901	176	1
benchmarks/spec2006/400.perlbench.bc	400.perlbench.bc	expression-aware	Perl_sv_setiv_mg	1	0	0	1.004325	236	1
benchmarks/spec2006/400.perlbench.bc	400.perlbench.bc	expression-aware	Perl_sv_setuv	1	0	0	1.003037	184	1
benchmarks/spec2006/400.perlbench.bc	400.perlbench.bc	expression-aware	Perl_sv_setuv_mg	1	0	0	1.003129	232	1
benchmarks/spec2006/400.perlbench.bc	400.perlbench.bc	expression-aware	Perl_sv_setnv	1	0	0	1.015964	236	1
benchmarks/spec2006/400.perlbench.bc	400.perlbench.bc	expression-aware	Perl_sv_setnv_mg	1	0	0	1.002970	208	1
benchmarks/spec2006/400.perlbench.bc	400.perlbench.bc	expression-aware	Perl_looks_like_number	1	0	0	1.004067	208	1
benchmarks/spec2006/400.perlbench.bc	400.perlbench.bc	expression-aware	Perl_sv_2pv_flags	1	0	0	4.007359	157268	1
benchmarks/spec2006/400.perlbench.bc	400.perlbench.bc	expression-aware	Perl_newSV	1	0	0	1.003548	188	1
benchmarks/spec2006/400.perlbench.bc	400.perlbench.bc	expression-aware	Perl_sv_setpvf	1	0	0	1.002990	188	1
benchmarks/spec2006/400.perlbench.bc	400.perlbench.bc	expression-aware	uiv_2buf	1	0	0	1.015221	208	1
benchmarks/spec2006/400.perlbench.bc	400.perlbench.bc	expression-aware	Perl_newSVpv	1	0	0	1.005314	96	1
benchmarks/spec2006/400.perlbench.bc	400.perlbench.bc	expression-aware	Perl_sv_setpvn	1	0	0	1.005613	204	1
benchmarks/spec2006/400.perlbench.bc	400.perlbench.bc	expression-aware	Perl_sv_vsetpvf	1	0	0	1.003835	240	1
benchmarks/spec2006/400.perlbench.bc	400.perlbench.bc	expression-aware	Perl_sv_vsetpvfn	1	0	0	1.006564	208	1
benchmarks/spec2006/400.perlbench.bc	400.perlbench.bc	expression-aware	Perl_sv_vcatpvfn	1	-9	1	185.378726	3155704	0
benchmarks/spec2006/400.perlbench.bc	400.perlbench.bc	expression-aware	Perl_sv_pvn_force_flags	1	0	0	1.003043	204	1
benchmarks/spec2006/400.perlbench.bc	400.perlbench.bc	expression-aware	Perl_sv_catpv	1	0	0	1.004225	204	1
benchmarks/spec2006/400.perlbench.bc	400.perlbench.bc	expression-aware	Perl_sv_catsv_flags	1	0	0	1.003051	188	1
benchmarks/spec2006/400.perlbench.bc	400.perlbench.bc	expression-aware	Perl_sv_2nv	1	0	0	1.013276	188	1
benchmarks/spec2006/400.perlbench.bc	400.perlbench.bc	expression-aware	F0convert	1	0	0	1.004008	200	1
benchmarks/spec2006/400.perlbench.bc	400.perlbench.bc	expression-aware	Perl_sv_catpvn_flags	1	0	0	1.003297	204	1
benchmarks/spec2006/400.perlbench.bc	400.perlbench.bc	expression-aware	Perl_newSVpvn	1	0	0	1.013278	200	1
benchmarks/spec2006/400.perlbench.bc	400.perlbench.bc	expression-aware	Perl_sv_utf8_upgrade_flags	1	0	0	1.003085	184	1
benchmarks/spec2006/400.perlbench.bc	400.perlbench.bc	expression-aware	S_expect_number	1	0	0	1.003174	184	1
benchmarks/spec2006/400.perlbench.bc	400.perlbench.bc	expression-aware	Perl_sv_2iv	1	0	0	1.002826	236	1
benchmarks/spec2006/400.perlbench.bc	400.perlbench.bc	expression-aware	Perl_sv_pos_u2b	1	0	0	1.004162	1412	1
benchmarks/spec2006/400.perlbench.bc	400.perlbench.bc	expression-aware	Perl_sv_len_utf8	1	0	0	1.002936	232	1
benchmarks/spec2006/400.perlbench.bc	400.perlbench.bc	expression-aware	Perl_sv_2uv	1	0	0	1.003020	236	1
benchmarks/spec2006/400.perlbench.bc	400.perlbench.bc	expression-aware	Perl_sv_newmortal	1	0	0	1.003328	188	1
benchmarks/spec2006/400.perlbench.bc	400.perlbench.bc	expression-aware	Perl_sv_catpvf	1	0	0	1.003433	204	1
benchmarks/spec2006/400.perlbench.bc	400.perlbench.bc	expression-aware	Perl_sv_vcatpvf	1	0	0	1.003298	240	1
benchmarks/spec2006/400.perlbench.bc	400.perlbench.bc	expression-aware	S_asUV	1	0	0	1.002940	204	1
benchmarks/spec2006/400.perlbench.bc	400.perlbench.bc	expression-aware	S_not_a_number	1	0	0	1.003184	16	1
benchmarks/spec2006/400.perlbench.bc	400.perlbench.bc	expression-aware	S_sv_2iuv_non_preserve	1	0	0	1.003137	204	1
benchmarks/spec2006/400.perlbench.bc	400.perlbench.bc	expression-aware	S_utf8_mg_pos	1	0	0	1.014082	204	1
benchmarks/spec2006/400.perlbench.bc	400.perlbench.bc	expression-aware	S_utf8_mg_pos_init	1	0	0	1.002974	204	1
benchmarks/spec2006/400.perlbench.bc	400.perlbench.bc	expression-aware	S_asIV	1	0	0	1.002933	204	1
benchmarks/spec2006/400.perlbench.bc	400.perlbench.bc	expression-aware	Perl_sv_recode_to_utf8	1	0	0	1.003281	184	1
benchmarks/spec2006/400.perlbench.bc	400.perlbench.bc	expression-aware	Perl_sv_2pv_nolen	1	0	0	1.003035	204	1
benchmarks/spec2006/400.perlbench.bc	400.perlbench.bc	expression-aware	Perl_sv_2pv	1	0	0	1.003206	208	1
benchmarks/spec2006/400.perlbench.bc	400.perlbench.bc	expression-aware	Perl_sv_copypv	1	0	0	1.003096	204	1
benchmarks/spec2006/400.perlbench.bc	400.perlbench.bc	expression-aware	Perl_sv_2pvbyte_nolen	1	0	0	1.002910	196	1
benchmarks/spec2006/400.perlbench.bc	400.perlbench.bc	expression-aware	Perl_sv_2pvbyte	1	0	0	1.003161	236	1
benchmarks/spec2006/400.perlbench.bc	400.perlbench.bc	expression-aware	Perl_sv_utf8_downgrade	1	0	0	1.003142	204	1
benchmarks/spec2006/400.perlbench.bc	400.perlbench.bc	expression-aware	Perl_sv_2pvutf8_nolen	1	0	0	1.002937	196	1
benchmarks/spec2006/400.perlbench.bc	400.perlbench.bc	expression-aware	Perl_sv_2pvutf8	1	0	0	1.002964	180	1
benchmarks/spec2006/400.perlbench.bc	400.perlbench.bc	expression-aware	Perl_sv_2bool	1	0	0	1.003325	200	1
benchmarks/spec2006/400.perlbench.bc	400.perlbench.bc	expression-aware	Perl_sv_utf8_upgrade	1	0	0	1.003404	196	1
benchmarks/spec2006/400.perlbench.bc	400.perlbench.bc	expression-aware	Perl_sv_utf8_encode	1	0	0	1.002064	204	1
benchmarks/spec2006/400.perlbench.bc	400.perlbench.bc	expression-aware	Perl_sv_utf8_decode	1	0	0	1.003003	192	1
benchmarks/spec2006/400.perlbench.bc	400.perlbench.bc	expression-aware	Perl_sv_setsv	1	0	0	1.002685	204	1
benchmarks/spec2006/400.perlbench.bc	400.perlbench.bc	expression-aware	Perl_sv_setsv_flags	1	0	0	1.003010	236	1
benchmarks/spec2006/400.perlbench.bc	400.perlbench.bc	expression-aware	Perl_sv_tainted	1	0	0	1.007004	240	1
benchmarks/spec2006/400.perlbench.bc	400.perlbench.bc	expression-aware	Perl_sv_cmp	1	0	0	1.002959	196	1
benchmarks/spec2006/400.perlbench.bc	400.perlbench.bc	expression-aware	Perl_sv_setsv_mg	1	0	0	1.002924	184	1
benchmarks/spec2006/400.perlbench.bc	400.perlbench.bc	expression-aware	Perl_sv_setpvn_mg	1	0	0	1.002920	204	1
benchmarks/spec2006/400.perlbench.bc	400.perlbench.bc	expression-aware	Perl_sv_setpv	1	0	0	1.003885	204	1
benchmarks/spec2006/400.perlbench.bc	400.perlbench.bc	expression-aware	Perl_sv_setpv_mg	1	0	0	1.004559	1672	1
benchmarks/spec2006/400.perlbench.bc	400.perlbench.bc	expression-aware	Perl_sv_usepvn	1	0	0	1.003153	184	1
benchmarks/spec2006/400.perlbench.bc	400.perlbench.bc	expression-aware	Perl_sv_usepvn_mg	1	0	0	1.003159	236	1
benchmarks/spec2006/400.perlbench.bc	400.perlbench.bc	expression-aware	Perl_sv_chop	1	0	0	1.014055	228	1
benchmarks/spec2006/400.perlbench.bc	400.perlbench.bc	expression-aware	Perl_sv_catpvn	1	0	0	1.003065	204	1
benchmarks/spec2006/400.perlbench.bc	400.perlbench.bc	expression-aware	Perl_sv_catpvn_mg	1	0	0	1.003232	208	1
benchmarks/spec2006/400.perlbench.bc	400.perlbench.bc	expression-aware	Perl_sv_catsv	1	0	0	1.015565	208	1
benchmarks/spec2006/400.perlbench.bc	400.perlbench.bc	expression-aware	Perl_sv_catsv_mg	1	0	0	1.003048	192	1
benchmarks/spec2006/400.perlbench.bc	400.perlbench.bc	expression-aware	Perl_sv_catpv_mg	1	0	0	1.002938	204	1
benchmarks/spec2006/400.perlbench.bc	400.perlbench.bc	expression-aware	Perl_sv_insert	1	0	0	1.002988	232	1
benchmarks/spec2006/400.perlbench.bc	400.perlbench.bc	expression-aware	Perl_sv_replace	1	0	0	1.003243	208	1
benchmarks/spec2006/400.perlbench.bc	400.perlbench.bc	expression-aware	Perl_sv_newref	1	0	0	1.003026	180	1
benchmarks/spec2006/400.perlbench.bc	400.perlbench.bc	expression-aware	Perl_sv_len	1	0	0	1.015160	204	1
benchmarks/spec2006/400.perlbench.bc	400.perlbench.bc	expression-aware	Perl_sv_pos_b2u	1	0	0	1.002858	188	1
benchmarks/spec2006/400.perlbench.bc	400.perlbench.bc	expression-aware	Perl_sv_eq	1	0	0	1.003119	200	1
benchmarks/spec2006/400.perlbench.bc	400.perlbench.bc	expression-aware	Perl_sv_cmp_locale	1	0	0	1.013458	200	1
benchmarks/spec2006/400.perlbench.bc	400.perlbench.bc	expression-aware	Perl_sv_gets	1	0	0	66.101419	213272	1
benchmarks/spec2006/400.perlbench.bc	400.perlbench.bc	expression-aware	Perl_sv_inc	1	0	0	2.004113	137280	1
benchmarks/spec2006/400.perlbench.bc	400.perlbench.bc	expression-aware	Perl_sv_dec	1	0	0	1.003200	236	1
benchmarks/spec2006/400.perlbench.bc	400.perlbench.bc	expression-aware	Perl_sv_mortalcopy	1	0	0	1.004297	176	1
benchmarks/spec2006/400.perlbench.bc	400.perlbench.bc	expression-aware	Perl_newSVpvn_share	1	0	0	1.004471	200	1
benchmarks/spec2006/400.perlbench.bc	400.perlbench.bc	expression-aware	Perl_newSVpvf	1	0	0	1.006065	192	1
benchmarks/spec2006/400.perlbench.bc	400.perlbench.bc	expression-aware	Perl_vnewSVpvf	1	0	0	1.004497	232	1
benchmarks/spec2006/400.perlbench.bc	400.perlbench.bc	expression-aware	Perl_newSVnv	1	0	0	1.005136	204	1
benchmarks/spec2006/400.perlbench.bc	400.perlbench.bc	expression-aware	Perl_newSViv	1	0	0	1.004543	196	1
benchmarks/spec2006/400.perlbench.bc	400.perlbench.bc	expression-aware	Perl_newSVuv	1	0	0	1.006009	180	1
benchmarks/spec2006/400.perlbench.bc	400.perlbench.bc	expression-aware	Perl_newSVsv	1	0	0	1.005314	164	1
benchmarks/spec2006/400.perlbench.bc	400.perlbench.bc	expression-aware	Perl_sv_reset	1	0	0	1.005688	204	1
benchmarks/spec2006/400.perlbench.bc	400.perlbench.bc	expression-aware	Perl_sv_2io	1	0	0	1.005998	16	1
benchmarks/spec2006/400.perlbench.bc	400.perlbench.bc	expression-aware	Perl_sv_2cv	1	0	0	2.015077	125488	1
benchmarks/spec2006/400.perlbench.bc	400.perlbench.bc	expression-aware	Perl_sv_true	1	0	0	1.005872	200	1
benchmarks/spec2006/400.perlbench.bc	400.perlbench.bc	expression-aware	Perl_sv_iv	1	0	0	1.004983	232	1
benchmarks/spec2006/400.perlbench.bc	400.perlbench.bc	expression-aware	Perl_sv_uv	1	0	0	1.004359	188	1
benchmarks/spec2006/400.perlbench.bc	400.perlbench.bc	expression-aware	Perl_sv_nv	1	0	0	1.006226	180	1
benchmarks/spec2006/400.perlbench.bc	400.perlbench.bc	expression-aware	Perl_sv_pv	1	0	0	1.006120	188	1
benchmarks/spec2006/400.perlbench.bc	400.perlbench.bc	expression-aware	Perl_sv_pvn	1	0	0	1.006309	204	1
benchmarks/spec2006/400.perlbench.bc	400.perlbench.bc	expression-aware	Perl_sv_pvn_nomg	1	0	0	1.004293	184	1
benchmarks/spec2006/400.perlbench.bc	400.perlbench.bc	expression-aware	Perl_sv_pvn_force	1	0	0	1.006065	184	1
benchmarks/spec2006/400.perlbench.bc	400.perlbench.bc	expression-aware	Perl_sv_pvbyte	1	0	0	1.003781	176	1
benchmarks/spec2006/400.perlbench.bc	400.perlbench.bc	expression-aware	Perl_sv_pvbyten	1	0	0	1.003256	208	1
benchmarks/spec2006/400.perlbench.bc	400.perlbench.bc	expression-aware	Perl_sv_pvbyten_force	1	0	0	1.014344	208	1
benchmarks/spec2006/400.perlbench.bc	400.perlbench.bc	expression-aware	Perl_sv_pvutf8	1	0	0	1.005016	204	1
benchmarks/spec2006/400.perlbench.bc	400.perlbench.bc	expression-aware	Perl_sv_pvutf8n	1	0	0	1.003804	232	1
benchmarks/spec2006/400.perlbench.bc	400.perlbench.bc	expression-aware	Perl_sv_pvutf8n_force	1	0	0	1.003439	204	1
benchmarks/spec2006/400.perlbench.bc	400.perlbench.bc	expression-aware	Perl_sv_isobject	1	0	0	1.003106	160	1
benchmarks/spec2006/400.perlbench.bc	400.perlbench.bc	expression-aware	Perl_sv_isa	1	0	0	1.002969	16	1
benchmarks/spec2006/400.perlbench.bc	400.perlbench.bc	expression-aware	Perl_newSVrv	1	0	0	1.002950	204	1
benchmarks/spec2006/400.perlbench.bc	400.perlbench.bc	expression-aware	Perl_sv_bless	1	0	0	1.002076	236	1
benchmarks/spec2006/400.perlbench.bc	400.perlbench.bc	expression-aware	Perl_sv_setref_pv	1	0	0	1.003146	184	1
benchmarks/spec2006/400.perlbench.bc	400.perlbench.bc	expression-aware	Perl_sv_setref_iv	1	0	0	1.003002	132	1
benchmarks/spec2006/400.perlbench.bc	400.perlbench.bc	expression-aware	Perl_sv_setref_uv	1	0	0	1.003145	232	1
benchmarks/spec2006/400.perlbench.bc	400.perlbench.bc	expression-aware	Perl_sv_setref_nv	1	0	0	1.003546	188	1
benchmarks/spec2006/400.perlbench.bc	400.perlbench.bc	expression-aware	Perl_sv_setref_pvn	1	0	0	1.003112	204	1
benchmarks/spec2006/400.perlbench.bc	400.perlbench.bc	expression-aware	Perl_sv_untaint	1	0	0	1.003153	204	1
benchmarks/spec2006/400.perlbench.bc	400.perlbench.bc	expression-aware	Perl_sv_setpviv	1	0	0	1.003258	192	1
benchmarks/spec2006/400.perlbench.bc	400.perlbench.bc	expression-aware	Perl_sv_setpviv_mg	1	0	0	1.003122	208	1
benchmarks/spec2006/400.perlbench.bc	400.perlbench.bc	expression-aware	Perl_sv_setpvf_mg	1	0	0	1.003084	204	1
benchmarks/spec2006/400.perlbench.bc	400.perlbench.bc	expression-aware	Perl_sv_vsetpvf_mg	1	0	0	1.003122	204	1
benchmarks/spec2006/400.perlbench.bc	400.perlbench.bc	expression-aware	Perl_sv_catpvf_mg	1	0	0	1.003014	240	1
benchmarks/spec2006/400.perlbench.bc	400.perlbench.bc	expression-aware	Perl_sv_vcatpvf_mg	1	0	0	1.002889	208	1
benchmarks/spec2006/400.perlbench.bc	400.perlbench.bc	expression-aware	Perl_sv_cat_decode	1	0	0	1.003076	180	1
benchmarks/spec2006/400.perlbench.bc	400.perlbench.bc	expression-aware	Perl_taint_proper	1	0	0	1.003064	180	1
benchmarks/spec2006/400.perlbench.bc	400.perlbench.bc	expression-aware	Perl_taint_env	1	0	0	1.003297	164	1
benchmarks/spec2006/400.perlbench.bc	400.perlbench.bc	expression-aware	Perl_deprecate	1	0	0	1.002935	168	1
benchmarks/spec2006/400.perlbench.bc	400.perlbench.bc	expression-aware	Perl_deprecate_old	1	0	0	1.002896	204	1
benchmarks/spec2006/400.perlbench.bc	400.perlbench.bc	expression-aware	Perl_lex_start	1	0	0	1.002849	204	1
benchmarks/spec2006/400.perlbench.bc	400.perlbench.bc	expression-aware	restore_rsfp	1	0	0	1.003210	196	1
benchmarks/spec2006/400.perlbench.bc	400.perlbench.bc	expression-aware	Perl_lex_end	1	0	0	1.002146	188	1
benchmarks/spec2006/400.perlbench.bc	400.perlbench.bc	expression-aware	Perl_str_to_version	1	0	0	1.003318	208	1
benchmarks/spec2006/400.perlbench.bc	400.perlbench.bc	expression-aware	Perl_filter_add	1	0	0	1.003006	204	1
benchmarks/spec2006/400.perlbench.bc	400.perlbench.bc	expression-aware	Perl_filter_del	1	0	0	1.003052	180	1
benchmarks/spec2006/400.perlbench.bc	400.perlbench.bc	expression-aware	Perl_filter_read	1	0	0	1.002839	192	1
benchmarks/spec2006/400.perlbench.bc	400.perlbench.bc	expression-aware	Perl_yylex	1	-9	1	185.490468	7660072	0
benchmarks/spec2006/400.perlbench.bc	400.perlbench.bc	expression-aware	S_pending_ident	1	0	0	1.003078	204	1
benchmarks/spec2006/400.perlbench.bc	400.perlbench.bc	expression-aware	S_force_next	1	0	0	1.003228	204	1
benchmarks/spec2006/400.perlbench.bc	400.perlbench.bc	expression-aware	S_ao	1	0	0	1.003178	192	1
benchmarks/spec2006/400.perlbench.bc	400.perlbench.bc	expression-aware	S_sublex_push	1	0	0	1.003271	184	1
benchmarks/spec2006/400.perlbench.bc	400.perlbench.bc	expression-aware	S_sublex_done	1	0	0	1.003185	196	1
benchmarks/spec2006/400.perlbench.bc	400.perlbench.bc	expression-aware	S_force_ident	1	0	0	1.003576	204	1
benchmarks/spec2006/400.perlbench.bc	400.perlbench.bc	expression-aware	S_intuit_more	1	0	0	1.003219	188	1
benchmarks/spec2006/400.perlbench.bc	400.perlbench.bc	expression-aware	S_tokeq	1	0	0	1.003079	204	1
benchmarks/spec2006/400.perlbench.bc	400.perlbench.bc	expression-aware	S_new_constant	1	0	0	1.013611	208	1
benchmarks/spec2006/400.perlbench.bc	400.perlbench.bc	expression-aware	S_scan_const	1	-9	1	185.329831	667504	0
benchmarks/spec2006/400.perlbench.bc	400.perlbench.bc	expression-aware	S_scan_formline	1	0	0	2.004261	141644	1
benchmarks/spec2006/400.perlbench.bc	400.perlbench.bc	expression-aware	Perl_yyerror	1	0	0	1.004140	180	1
benchmarks/spec2006/400.perlbench.bc	400.perlbench.bc	expression-aware	S_incl_perldb	1	0	0	1.005690	180	1
benchmarks/spec2006/400.perlbench.bc	400.perlbench.bc	expression-aware	S_filter_gets	1	0	0	1.005183	204	1
benchmarks/spec2006/400.perlbench.bc	400.perlbench.bc	expression-aware	S_swallow_bom	1	0	0	1.004046	204	1
benchmarks/spec2006/400.perlbench.bc	400.perlbench.bc	expression-aware	S_incline	1	0	0	1.016945	180	1
benchmarks/spec2006/400.perlbench.bc	400.perlbench.bc	expression-aware	S_force_word	1	0	0	1.005082	184	1
benchmarks/spec2006/400.perlbench.bc	400.perlbench.bc	expression-aware	S_skipspace	1	0	0	2.017199	135372	1
benchmarks/spec2006/400.perlbench.bc	400.perlbench.bc	expression-aware	S_check_uni	1	0	0	1.003916	204	1
benchmarks/spec2006/400.perlbench.bc	400.perlbench.bc	expression-aware	S_scan_ident	1	0	0	54.083408	338140	1
benchmarks/spec2006/400.perlbench.bc	400.perlbench.bc	expression-aware	S_scan_word	1	0	0	2.004458	131976	1
benchmarks/spec2006/400.perlbench.bc	400.perlbench.bc	expression-aware	Perl_keyword	1	0	0	1.013810	192	1
benchmarks/spec2006/400.perlbench.bc	400.perlbench.bc	expression-aware	S_scan_str	1	0	0	42.064740	399928	1
benchmarks/spec2006/400.perlbench.bc	400.perlbench.bc	expression-aware	S_scan_heredoc	1	0	0	1.003265	204	1
benchmarks/spec2006/400.perlbench.bc	400.perlbench.bc	expression-aware	S_scan_inputsymbol	1	0	0	1.002945	184	1
benchmarks/spec2006/400.perlbench.bc	400.perlbench.bc	expression-aware	S_sublex_start	1	0	0	1.003067	236	1
benchmarks/spec2006/400.perlbench.bc	400.perlbench.bc	expression-aware	S_depcom	1	0	0	1.003081	204	1
benchmarks/spec2006/400.perlbench.bc	400.perlbench.bc	expression-aware	S_no_op	1	0	0	1.002888	204	1
benchmarks/spec2006/400.perlbench.bc	400.perlbench.bc	expression-aware	S_scan_pat	1	0	0	1.003693	208	1
benchmarks/spec2006/400.perlbench.bc	400.perlbench.bc	expression-aware	Perl_scan_num	1	0	0	37.058865	275580	1
benchmarks/spec2006/400.perlbench.bc	400.perlbench.bc	expression-aware	S_missingterm	1	0	0	1.002997	192	1
benchmarks/spec2006/400.perlbench.bc	400.perlbench.bc	expression-aware	S_set_csh	1	0	0	1.002922	180	1
benchmarks/spec2006/400.perlbench.bc	400.perlbench.bc	expression-aware	S_intuit_method	1	0	0	1.003349	200	1
benchmarks/spec2006/400.perlbench.bc	400.perlbench.bc	expression-aware	S_lop	1	0	0	1.003072	204	1
benchmarks/spec2006/400.perlbench.bc	400.perlbench.bc	expression-aware	S_find_in_my_stash	1	0	0	1.003051	204	1
benchmarks/spec2006/400.perlbench.bc	400.perlbench.bc	expression-aware	S_force_version	1	0	0	1.003112	204	1
benchmarks/spec2006/400.perlbench.bc	400.perlbench.bc	expression-aware	S_checkcomma	1	0	0	1.003018	176	1
benchmarks/spec2006/400.perlbench.bc	400.perlbench.bc	expression-aware	S_scan_subst	1	0	0	1.003274	204	1
benchmarks/spec2006/400.perlbench.bc	400.perlbench.bc	expression-aware	S_scan_trans	1	0	0	1.003325	208	1
benchmarks/spec2006/400.perlbench.bc	400.perlbench.bc	expression-aware	Perl_pmflag	1	0	0	1.003025	184	1
benchmarks/spec2006/400.perlbench.bc	400.perlbench.bc	expression-aware	Perl_scan_vstring	1	0	0	1.013935	204	1
benchmarks/spec2006/400.perlbench.bc	400.perlbench.bc	expression-aware	Perl_yywarn	1	0	0	1.002879	204	1
benchmarks/spec2006/400.perlbench.bc	400.perlbench.bc	expression-aware	utf16rev_textfilter	1	0	0	1.003023	204	1
benchmarks/spec2006/400.perlbench.bc	400.perlbench.bc	expression-aware	utf16_textfilter	1	0	0	1.003266	204	1
benchmarks/spec2006/400.perlbench.bc	400.perlbench.bc	expression-aware	Perl_start_subparse	1	0	0	1.014366	208	1
benchmarks/spec2006/400.perlbench.bc	400.perlbench.bc	expression-aware	Perl_sv_derived_from	1	0	0	1.014404	204	1
benchmarks/spec2006/400.perlbench.bc	400.perlbench.bc	expression-aware	S_isa_lookup	1	0	0	2.014737	118620	1
benchmarks/spec2006/400.perlbench.bc	400.perlbench.bc	expression-aware	Perl_boot_core_UNIVERSAL	1	0	0	1.003192	204	1
benchmarks/spec2006/400.perlbench.bc	400.perlbench.bc	expression-aware	XS_UNIVERSAL_isa	1	0	0	1.003131	192	1
benchmarks/spec2006/400.perlbench.bc	400.perlbench.bc	expression-aware	XS_UNIVERSAL_can	1	0	0	1.002965	164	1
benchmarks/spec2006/400.perlbench.bc	400.perlbench.bc	expression-aware	XS_UNIVERSAL_VERSION	1	0	0	9.014413	156524	1
benchmarks/spec2006/400.perlbench.bc	400.perlbench.bc	expression-aware	XS_utf8_is_utf8	1	0	0	1.004139	1708	1
benchmarks/spec2006/400.perlbench.bc	400.perlbench.bc	expression-aware	XS_utf8_valid	1	0	0	1.002967	208	1
benchmarks/spec2006/400.perlbench.bc	400.perlbench.bc	expression-aware	XS_utf8_encode	1	0	0	1.003160	204	1
benchmarks/spec2006/400.perlbench.bc	400.perlbench.bc	expression-aware	XS_utf8_decode	1	0	0	1.003115	104	1
benchmarks/spec2006/400.perlbench.bc	400.perlbench.bc	expression-aware	XS_utf8_upgrade	1	0	0	1.004321	1000	1
benchmarks/spec2006/400.perlbench.bc	400.perlbench.bc	expression-aware	XS_utf8_downgrade	1	0	0	1.003030	176	1
benchmarks/spec2006/400.perlbench.bc	400.perlbench.bc	expression-aware	XS_utf8_native_to_unicode	1	0	0	1.002976	180	1
benchmarks/spec2006/400.perlbench.bc	400.perlbench.bc	expression-aware	XS_utf8_unicode_to_native	1	0	0	1.003242	188	1
benchmarks/spec2006/400.perlbench.bc	400.perlbench.bc	expression-aware	XS_Internals_SvREADONLY	1	0	0	1.003041	200	1
benchmarks/spec2006/400.perlbench.bc	400.perlbench.bc	expression-aware	XS_Internals_SvREFCNT	1	0	0	1.013606	15144	1
benchmarks/spec2006/400.perlbench.bc	400.perlbench.bc	expression-aware	XS_Internals_hv_clear_placehold	1	0	0	1.014156	236	1
benchmarks/spec2006/400.perlbench.bc	400.perlbench.bc	expression-aware	XS_PerlIO_get_layers	1	0	0	1.013336	208	1
benchmarks/spec2006/400.perlbench.bc	400.perlbench.bc	expression-aware	XS_Regexp_DESTROY	1	0	0	1.002972	180	1
benchmarks/spec2006/400.perlbench.bc	400.perlbench.bc	expression-aware	XS_Internals_hash_seed	1	0	0	1.003031	200	1
benchmarks/spec2006/400.perlbench.bc	400.perlbench.bc	expression-aware	XS_Internals_rehash_seed	1	0	0	1.003299	208	1
benchmarks/spec2006/400.perlbench.bc	400.perlbench.bc	expression-aware	XS_Internals_HvREHASH	1	0	0	1.003190	184	1
benchmarks/spec2006/400.perlbench.bc	400.perlbench.bc	expression-aware	Perl_uvuni_to_utf8_flags	1	0	0	1.003138	204	1
benchmarks/spec2006/400.perlbench.bc	400.perlbench.bc	expression-aware	Perl_uvuni_to_utf8	1	0	0	1.003176	208	1
benchmarks/spec2006/400.perlbench.bc	400.perlbench.bc	expression-aware	Perl_is_utf8_char	1	0	0	1.002916	204	1
benchmarks/spec2006/400.perlbench.bc	400.perlbench.bc	expression-aware	Perl_is_utf8_string	1	0	0	1.003335	208	1
benchmarks/spec2006/400.perlbench.bc	400.perlbench.bc	expression-aware	Perl_is_utf8_string_loc	1	0	0	1.002885	208	1
benchmarks/spec2006/400.perlbench.bc	400.perlbench.bc	expression-aware	Perl_utf8n_to_uvuni	1	0	0	83.129197	162336	1
benchmarks/spec2006/400.perlbench.bc	400.perlbench.bc	expression-aware	Perl_utf8_to_uvchr	1	0	0	1.003165	204	1
benchmarks/spec2006/400.perlbench.bc	400.perlbench.bc	expression-aware	Perl_utf8_to_uvuni	1	0	0	1.003146	200	1
benchmarks/spec2006/400.perlbench.bc	400.perlbench.bc	expression-aware	Perl_utf8_length	1	0	0	1.003136	208	1
benchmarks/spec2006/400.perlbench.bc	400.perlbench.bc	expression-aware	Perl_utf8_distance	1	0	0	1.003627	176	1
benchmarks/spec2006/400.perlbench.bc	400.perlbench.bc	expression-aware	Perl_utf8_hop	1	0	0	1.003490	236	1
benchmarks/spec2006/400.perlbench.bc	400.perlbench.bc	expression-aware	Perl_utf8_to_bytes	1	0	0	1.003036	240	1
benchmarks/spec2006/400.perlbench.bc	400.perlbench.bc	expression-aware	Perl_bytes_from_utf8	1	0	0	1.003204	192	1
benchmarks/spec2006/400.perlbench.bc	400.perlbench.bc	expression-aware	Perl_bytes_to_utf8	1	0	0	1.003584	192	1
benchmarks/spec2006/400.perlbench.bc	400.perlbench.bc	expression-aware	Perl_utf16_to_utf8	1	0	0	1.003182	232	1
benchmarks/spec2006/400.perlbench.bc	400.perlbench.bc	expression-aware	Perl_utf16_to_utf8_reversed	1	0	0	1.002965	208	1
benchmarks/spec2006/400.perlbench.bc	400.perlbench.bc	expression-aware	Perl_is_uni_alnum	1	0	0	1.003053	204	1
benchmarks/spec2006/400.perlbench.bc	400.perlbench.bc	expression-aware	Perl_is_utf8_alnum	1	0	0	1.003036	204	1
benchmarks/spec2006/400.perlbench.bc	400.perlbench.bc	expression-aware	Perl_swash_init	1	0	0	1.002663	204	1
benchmarks/spec2006/400.perlbench.bc	400.perlbench.bc	expression-aware	Perl_swash_fetch	1	0	0	1.002719	160	1
benchmarks/spec2006/400.perlbench.bc	400.perlbench.bc	expression-aware	Perl_is_uni_alnumc	1	0	0	1.002819	208	1
benchmarks/spec2006/400.perlbench.bc	400.perlbench.bc	expression-aware	Perl_is_utf8_alnumc	1	0	0	1.002918	204	1
benchmarks/spec2006/400.perlbench.bc	400.perlbench.bc	expression-aware	Perl_is_uni_idfirst	1	0	0	1.002949	176	1
benchmarks/spec2006/400.perlbench.bc	400.perlbench.bc	expression-aware	Perl_is_utf8_idfirst	1	0	0	1.003990	204	1
benchmarks/spec2006/400.perlbench.bc	400.perlbench.bc	expression-aware	Perl_is_uni_alpha	1	0	0	1.002981	168	1
benchmarks/spec2006/400.perlbench.bc	400.perlbench.bc	expression-aware	Perl_is_utf8_alpha	1	0	0	1.002960	184	1
benchmarks/spec2006/400.perlbench.bc	400.perlbench.bc	expression-aware	Perl_is_uni_ascii	1	0	0	1.003048	204	1
benchmarks/spec2006/400.perlbench.bc	400.perlbench.bc	expression-aware	Perl_is_utf8_ascii	1	0	0	1.003174	196	1
benchmarks/spec2006/400.perlbench.bc	400.perlbench.bc	expression-aware	Perl_is_uni_space	1	0	0	1.003016	208	1
benchmarks/spec2006/400.perlbench.bc	400.perlbench.bc	expression-aware	Perl_is_utf8_space	1	0	0	1.003536	204	1
benchmarks/spec2006/400.perlbench.bc	400.perlbench.bc	expression-aware	Perl_is_uni_digit	1	0	0	1.003078	224	1
benchmarks/spec2006/400.perlbench.bc	400.perlbench.bc	expression-aware	Perl_is_utf8_digit	1	0	0	1.003006	196	1
benchmarks/spec2006/400.perlbench.bc	400.perlbench.bc	expression-aware	Perl_is_uni_upper	1	0	0	1.002955	184	1
benchmarks/spec2006/400.perlbench.bc	400.perlbench.bc	expression-aware	Perl_is_utf8_upper	1	0	0	1.003066	12	1
benchmarks/spec2006/400.perlbench.bc	400.perlbench.bc	expression-aware	Perl_is_uni_lower	1	0	0	1.003330	232	1
benchmarks/spec2006/400.perlbench.bc	400.perlbench.bc	expression-aware	Perl_is_utf8_lower	1	0	0	1.004965	200	1
benchmarks/spec2006/400.perlbench.bc	400.perlbench.bc	expression-aware	Perl_is_uni_cntrl	1	0	0	1.004320	204	1
benchmarks/spec2006/400.perlbench.bc	400.perlbench.bc	expression-aware	Perl_is_utf8_cntrl	1	0	0	1.006279	204	1
benchmarks/spec2006/400.perlbench.bc	400.perlbench.bc	expression-aware	Perl_is_uni_graph	1	0	0	1.003494	204	1
benchmarks/spec2006/400.perlbench.bc	400.perlbench.bc	expression-aware	Perl_is_utf8_graph	1	0	0	1.004542	184	1
benchmarks/spec2006/400.perlbench.bc	400.perlbench.bc	expression-aware	Perl_is_uni_print	1	0	0	1.005776	236	1
benchmarks/spec2006/400.perlbench.bc	400.perlbench.bc	expression-aware	Perl_is_utf8_print	1	0	0	1.004626	236	1
benchmarks/spec2006/400.perlbench.bc	400.perlbench.bc	expression-aware	Perl_is_uni_punct	1	0	0	1.005312	196	1
benchmarks/spec2006/400.perlbench.bc	400.perlbench.bc	expression-aware	Perl_is_utf8_punct	1	0	0	1.005414	208	1
benchmarks/spec2006/400.perlbench.bc	400.perlbench.bc	expression-aware	Perl_is_uni_xdigit	1	0	0	1.005330	204	1
benchmarks/spec2006/400.perlbench.bc	400.perlbench.bc	expression-aware	Perl_is_utf8_xdigit	1	0	0	1.005211	184	1
benchmarks/spec2006/400.perlbench.bc	400.perlbench.bc	expression-aware	Perl_to_uni_upper	1	0	0	1.003717	208	1
benchmarks/spec2006/400.perlbench.bc	400.perlbench.bc	expression-aware	Perl_to_utf8_upper	1	0	0	1.005870	204	1
benchmarks/spec2006/400.perlbench.bc	400.perlbench.bc	expression-aware	Perl_to_utf8_case	1	0	0	1.005779	204	1
benchmarks/spec2006/400.perlbench.bc	400.perlbench.bc	expression-aware	Perl_to_uni_title	1	0	0	1.005597	176	1
benchmarks/spec2006/400.perlbench.bc	400.perlbench.bc	expression-aware	Perl_to_utf8_title	1	0	0	1.003836	184	1
benchmarks/spec2006/400.perlbench.bc	400.perlbench.bc	expression-aware	Perl_to_uni_lower	1	0	0	1.015774	192	1
benchmarks/spec2006/400.perlbench.bc	400.perlbench.bc	expression-aware	Perl_to_utf8_lower	1	0	0	1.005907	204	1
benchmarks/spec2006/400.perlbench.bc	400.perlbench.bc	expression-aware	Perl_to_uni_fold	1	0	0	1.014936	188	1
benchmarks/spec2006/400.perlbench.bc	400.perlbench.bc	expression-aware	Perl_to_utf8_fold	1	0	0	1.005272	192	1
benchmarks/spec2006/400.perlbench.bc	400.perlbench.bc	expression-aware	Perl_is_uni_alnum_lc	1	0	0	1.005384	176	1
benchmarks/spec2006/400.perlbench.bc	400.perlbench.bc	expression-aware	Perl_is_uni_alnumc_lc	1	0	0	1.003878	236	1
benchmarks/spec2006/400.perlbench.bc	400.perlbench.bc	expression-aware	Perl_is_uni_idfirst_lc	1	0	0	1.005312	204	1
benchmarks/spec2006/400.perlbench.bc	400.perlbench.bc	expression-aware	Perl_is_uni_alpha_lc	1	0	0	1.014603	236	1
benchmarks/spec2006/400.perlbench.bc	400.perlbench.bc	expression-aware	Perl_is_uni_ascii_lc	1	0	0	1.003203	208	1
benchmarks/spec2006/400.perlbench.bc	400.perlbench.bc	expression-aware	Perl_is_uni_space_lc	1	0	0	1.002882	196	1
benchmarks/spec2006/400.perlbench.bc	400.perlbench.bc	expression-aware	Perl_is_uni_digit_lc	1	0	0	1.002947	196	1
benchmarks/spec2006/400.perlbench.bc	400.perlbench.bc	expression-aware	Perl_is_uni_upper_lc	1	0	0	1.003131	204	1
benchmarks/spec2006/400.perlbench.bc	400.perlbench.bc	expression-aware	Perl_is_uni_lower_lc	1	0	0	1.002955	188	1
benchmarks/spec2006/400.perlbench.bc	400.perlbench.bc	expression-aware	Perl_is_uni_cntrl_lc	1	0	0	1.004775	188	1
benchmarks/spec2006/400.perlbench.bc	400.perlbench.bc	expression-aware	Perl_is_uni_graph_lc	1	0	0	1.003177	204	1
benchmarks/spec2006/400.perlbench.bc	400.perlbench.bc	expression-aware	Perl_is_uni_print_lc	1	0	0	1.003146	204	1
benchmarks/spec2006/400.perlbench.bc	400.perlbench.bc	expression-aware	Perl_is_uni_punct_lc	1	0	0	1.003073	136	1
benchmarks/spec2006/400.perlbench.bc	400.perlbench.bc	expression-aware	Perl_is_uni_xdigit_lc	1	0	0	1.003173	196	1
benchmarks/spec2006/400.perlbench.bc	400.perlbench.bc	expression-aware	Perl_to_uni_upper_lc	1	0	0	1.003044	208	1
benchmarks/spec2006/400.perlbench.bc	400.perlbench.bc	expression-aware	Perl_to_uni_title_lc	1	0	0	1.002955	204	1
benchmarks/spec2006/400.perlbench.bc	400.perlbench.bc	expression-aware	Perl_to_uni_lower_lc	1	0	0	1.003159	208	1
benchmarks/spec2006/400.perlbench.bc	400.perlbench.bc	expression-aware	Perl_is_utf8_idcont	1	0	0	1.003256	204	1
benchmarks/spec2006/400.perlbench.bc	400.perlbench.bc	expression-aware	Perl_is_utf8_mark	1	0	0	1.003136	204	1
benchmarks/spec2006/400.perlbench.bc	400.perlbench.bc	expression-aware	Perl_uvchr_to_utf8	1	0	0	1.002939	208	1
benchmarks/spec2006/400.perlbench.bc	400.perlbench.bc	expression-aware	Perl_uvchr_to_utf8_flags	1	0	0	1.002938	164	1
benchmarks/spec2006/400.perlbench.bc	400.perlbench.bc	expression-aware	Perl_utf8n_to_uvchr	1	0	0	1.003351	204	1
benchmarks/spec2006/400.perlbench.bc	400.perlbench.bc	expression-aware	Perl_pv_uni_display	1	0	0	1.003232	196	1
benchmarks/spec2006/400.perlbench.bc	400.perlbench.bc	expression-aware	Perl_sv_uni_display	1	0	0	1.002879	204	1
benchmarks/spec2006/400.perlbench.bc	400.perlbench.bc	expression-aware	Perl_ibcmp_utf8	1	0	0	5.009371	130052	1
benchmarks/spec2006/400.perlbench.bc	400.perlbench.bc	expression-aware	Perl_safesysmalloc	1	0	0	1.003207	204	1
benchmarks/spec2006/400.perlbench.bc	400.perlbench.bc	expression-aware	Perl_safesysrealloc	1	0	0	1.003042	192	1
benchmarks/spec2006/400.perlbench.bc	400.perlbench.bc	expression-aware	Perl_safesysfree	1	0	0	1.003266	204	1
benchmarks/spec2006/400.perlbench.bc	400.perlbench.bc	expression-aware	Perl_safesyscalloc	1	0	0	1.003107	184	1
benchmarks/spec2006/400.perlbench.bc	400.perlbench.bc	expression-aware	Perl_malloc	1	0	0	1.002908	160	1
benchmarks/spec2006/400.perlbench.bc	400.perlbench.bc	expression-aware	Perl_calloc	1	0	0	1.003044	204	1
benchmarks/spec2006/400.perlbench.bc	400.perlbench.bc	expression-aware	Perl_realloc	1	0	0	1.003026	236	1
benchmarks/spec2006/400.perlbench.bc	400.perlbench.bc	expression-aware	Perl_mfree	1	0	0	1.003426	8	1
benchmarks/spec2006/400.perlbench.bc	400.perlbench.bc	expression-aware	Perl_delimcpy	1	0	0	1.013576	196	1
benchmarks/spec2006/400.perlbench.bc	400.perlbench.bc	expression-aware	Perl_instr	1	0	0	1.003251	4	1
benchmarks/spec2006/400.perlbench.bc	400.perlbench.bc	expression-aware	Perl_ninstr	1	0	0	1.003127	200	1
benchmarks/spec2006/400.perlbench.bc	400.perlbench.bc	expression-aware	Perl_rninstr	1	0	0	1.003226	232	1
benchmarks/spec2006/400.perlbench.bc	400.perlbench.bc	expression-aware	Perl_fbm_compile	1	0	0	1.003295	196	1
benchmarks/spec2006/400.perlbench.bc	400.perlbench.bc	expression-aware	Perl_fbm_instr	1	0	0	2.006475	204	1
benchmarks/spec2006/400.perlbench.bc	400.perlbench.bc	expression-aware	Perl_screaminstr	1	0	0	1.002896	184	1
benchmarks/spec2006/400.perlbench.bc	400.perlbench.bc	expression-aware	Perl_ibcmp	1	0	0	1.003216	180	1
benchmarks/spec2006/400.perlbench.bc	400.perlbench.bc	expression-aware	Perl_ibcmp_locale	1	0	0	1.003191	236	1
benchmarks/spec2006/400.perlbench.bc	400.perlbench.bc	expression-aware	Perl_savepv	1	0	0	1.013404	196	1
benchmarks/spec2006/400.perlbench.bc	400.perlbench.bc	expression-aware	Perl_savepvn	1	0	0	1.002120	176	1
benchmarks/spec2006/400.perlbench.bc	400.perlbench.bc	expression-aware	Perl_savesharedpv	1	0	0	1.003412	240	1
benchmarks/spec2006/400.perlbench.bc	400.perlbench.bc	expression-aware	Perl_savesvpv	1	0	0	1.002961	208	1
benchmarks/spec2006/400.perlbench.bc	400.perlbench.bc	expression-aware	Perl_form	1	0	0	1.003176	192	1
benchmarks/spec2006/400.perlbench.bc	400.perlbench.bc	expression-aware	Perl_vform	1	0	0	1.003280	240	1
benchmarks/spec2006/400.perlbench.bc	400.perlbench.bc	expression-aware	S_mess_alloc	1	0	0	1.002894	180	1
benchmarks/spec2006/400.perlbench.bc	400.perlbench.bc	expression-aware	Perl_mess	1	0	0	1.003101	200	1
benchmarks/spec2006/400.perlbench.bc	400.perlbench.bc	expression-aware	Perl_vmess	1	0	0	1.003418	192	1
benchmarks/spec2006/400.perlbench.bc	400.perlbench.bc	expression-aware	S_closest_cop	1	0	0	1.003004	200	1
benchmarks/spec2006/400.perlbench.bc	400.perlbench.bc	expression-aware	Perl_write_to_stderr	1	0	0	1.003255	180	1
benchmarks/spec2006/400.perlbench.bc	400.perlbench.bc	expression-aware	S_vdie_croak_common	1	0	0	1.003304	208	1
benchmarks/spec2006/400.perlbench.bc	400.perlbench.bc	expression-aware	S_vdie_common	1	0	0	1.014099	208	1
benchmarks/spec2006/400.perlbench.bc	400.perlbench.bc	expression-aware	Perl_vdie	1	0	0	1.003015	204	1
benchmarks/spec2006/400.perlbench.bc	400.perlbench.bc	expression-aware	Perl_die	1	0	0	1.003070	208	1
benchmarks/spec2006/400.perlbench.bc	400.perlbench.bc	expression-aware	Perl_vcroak	1	0	0	1.003954	1036	1
benchmarks/spec2006/400.perlbench.bc	400.perlbench.bc	expression-aware	Perl_croak	1	0	0	1.002957	176	1
benchmarks/spec2006/400.perlbench.bc	400.perlbench.bc	expression-aware	Perl_vwarn	1	0	0	1.002925	236	1
benchmarks/spec2006/400.perlbench.bc	400.perlbench.bc	expression-aware	Perl_warn	1	0	0	1.002978	208	1
benchmarks/spec2006/400.perlbench.bc	400.perlbench.bc	expression-aware	Perl_warner	1	0	0	1.002843	204	1
benchmarks/spec2006/400.perlbench.bc	400.perlbench.bc	expression-aware	Perl_vwarner	1	0	0	1.003442	204	1
benchmarks/spec2006/400.perlbench.bc	400.perlbench.bc	expression-aware	Perl_my_setenv	1	0	0	1.003480	204	1
benchmarks/spec2006/400.perlbench.bc	400.perlbench.bc	expression-aware	Perl_setenv_getix	1	0	0	1.003156	204	1
benchmarks/spec2006/400.perlbench.bc	400.perlbench.bc	expression-aware	Perl_my_swap	1	0	0	1.003153	192	1
benchmarks/spec2006/400.perlbench.bc	400.perlbench.bc	expression-aware	Perl_my_htonl	1	0	0	1.003130	204	1
benchmarks/spec2006/400.perlbench.bc	400.perlbench.bc	expression-aware	Perl_my_ntohl	1	0	0	1.003113	204	1
benchmarks/spec2006/400.perlbench.bc	400.perlbench.bc	expression-aware	htovs	1	0	0	1.003000	184	1
benchmarks/spec2006/400.perlbench.bc	400.perlbench.bc	expression-aware	htovl	1	0	0	1.003646	208	1
benchmarks/spec2006/400.perlbench.bc	400.perlbench.bc	expression-aware	vtohs	1	0	0	1.003170	176	1
benchmarks/spec2006/400.perlbench.bc	400.perlbench.bc	expression-aware	vtohl	1	0	0	1.003146	184	1
benchmarks/spec2006/400.perlbench.bc	400.perlbench.bc	expression-aware	Perl_my_swabn	1	0	0	1.003314	200	1
benchmarks/spec2006/400.perlbench.bc	400.perlbench.bc	expression-aware	Perl_my_popen_list	1	0	0	1.003020	236	1
benchmarks/spec2006/400.perlbench.bc	400.perlbench.bc	expression-aware	Perl_my_fork	1	0	0	1.003787	784	1
benchmarks/spec2006/400.perlbench.bc	400.perlbench.bc	expression-aware	dup2	1	0	0	1.003314	192	1
benchmarks/spec2006/400.perlbench.bc	400.perlbench.bc	expression-aware	Perl_wait4pid	1	0	0	1.003016	240	1
benchmarks/spec2006/400.perlbench.bc	400.perlbench.bc	expression-aware	Perl_my_popen	1	0	0	1.002959	204	1
benchmarks/spec2006/400.perlbench.bc	400.perlbench.bc	expression-aware	Perl_atfork_lock	1	0	0	1.002915	236	1
benchmarks/spec2006/400.perlbench.bc	400.perlbench.bc	expression-aware	Perl_atfork_unlock	1	0	0	1.003041	204	1
benchmarks/spec2006/400.perlbench.bc	400.perlbench.bc	expression-aware	Perl_rsignal	1	0	0	1.003247	204	1
benchmarks/spec2006/400.perlbench.bc	400.perlbench.bc	expression-aware	Perl_rsignal_state	1	0	0	1.002978	200	1
benchmarks/spec2006/400.perlbench.bc	400.perlbench.bc	expression-aware	sig_trap	1	0	0	1.003177	200	1
benchmarks/spec2006/400.perlbench.bc	400.perlbench.bc	expression-aware	Perl_rsignal_save	1	0	0	1.002962	204	1
benchmarks/spec2006/400.perlbench.bc	400.perlbench.bc	expression-aware	Perl_rsignal_restore	1	0	0	1.003081	192	1
benchmarks/spec2006/400.perlbench.bc	400.perlbench.bc	expression-aware	Perl_my_pclose	1	0	0	1.003542	180	1
benchmarks/spec2006/400.perlbench.bc	400.perlbench.bc	expression-aware	Perl_pidgone	1	0	0	1.010166	208	1
benchmarks/spec2006/400.perlbench.bc	400.perlbench.bc	expression-aware	Perl_repeatcpy	1	0	0	1.003154	204	1
benchmarks/spec2006/400.perlbench.bc	400.perlbench.bc	expression-aware	Perl_same_dirent	1	0	0	1.003133	200	1
benchmarks/spec2006/400.perlbench.bc	400.perlbench.bc	expression-aware	Perl_find_script	1	0	0	1.002927	208	1
benchmarks/spec2006/400.perlbench.bc	400.perlbench.bc	expression-aware	Perl_get_context	1	0	0	1.003508	200	1
benchmarks/spec2006/400.perlbench.bc	400.perlbench.bc	expression-aware	Perl_set_context	1	0	0	1.003308	180	1
benchmarks/spec2006/400.perlbench.bc	400.perlbench.bc	expression-aware	Perl_get_op_names	1	0	0	1.003055	204	1
benchmarks/spec2006/400.perlbench.bc	400.perlbench.bc	expression-aware	Perl_get_op_descs	1	0	0	1.003322	228	1
benchmarks/spec2006/400.perlbench.bc	400.perlbench.bc	expression-aware	Perl_get_no_modify	1	0	0	1.003272	196	1
benchmarks/spec2006/400.perlbench.bc	400.perlbench.bc	expression-aware	Perl_get_opargs	1	0	0	1.003480	188	1
benchmarks/spec2006/400.perlbench.bc	400.perlbench.bc	expression-aware	Perl_get_ppaddr	1	0	0	1.004215	204	1
benchmarks/spec2006/400.perlbench.bc	400.perlbench.bc	expression-aware	Perl_getenv_len	1	0	0	1.014289	204	1
benchmarks/spec2006/400.perlbench.bc	400.perlbench.bc	expression-aware	Perl_get_vtbl	1	0	0	1.003145	160	1
benchmarks/spec2006/400.perlbench.bc	400.perlbench.bc	expression-aware	Perl_my_fflush_all	1	0	0	1.003192	184	1
benchmarks/spec2006/400.perlbench.bc	400.perlbench.bc	expression-aware	Perl_report_evil_fh	1	0	0	1.002898	204	1
benchmarks/spec2006/400.perlbench.bc	400.perlbench.bc	expression-aware	Perl_init_tm	1	0	0	1.004155	1340	1
benchmarks/spec2006/400.perlbench.bc	400.perlbench.bc	expression-aware	Perl_mini_mktime	1	0	0	1.003116	208	1
benchmarks/spec2006/400.perlbench.bc	400.perlbench.bc	expression-aware	Perl_my_strftime	1	0	0	1.003087	208	1
benchmarks/spec2006/400.perlbench.bc	400.perlbench.bc	expression-aware	Perl_getcwd_sv	1	0	0	1.003265	188	1
benchmarks/spec2006/400.perlbench.bc	400.perlbench.bc	expression-aware	Perl_my_socketpair	1	0	0	1.002974	192	1
benchmarks/spec2006/400.perlbench.bc	400.perlbench.bc	expression-aware	Perl_sv_nosharing	1	0	0	1.003157	204	1
benchmarks/spec2006/400.perlbench.bc	400.perlbench.bc	expression-aware	Perl_sv_nolocking	1	0	0	1.003107	236	1
benchmarks/spec2006/400.perlbench.bc	400.perlbench.bc	expression-aware	Perl_sv_nounlocking	1	0	0	1.003197	196	1
benchmarks/spec2006/400.perlbench.bc	400.perlbench.bc	expression-aware	Perl_parse_unicode_opts	1	0	0	1.003235	192	1
benchmarks/spec2006/400.perlbench.bc	400.perlbench.bc	expression-aware	Perl_seed	1	0	0	1.003091	232	1
benchmarks/spec2006/400.perlbench.bc	400.perlbench.bc	expression-aware	Perl_get_hash_seed	1	0	0	1.005063	204	1
benchmarks/spec2006/400.perlbench.bc	400.perlbench.bc	expression-aware	Perl_boot_core_xsutils	1	0	0	1.002982	196	1
benchmarks/spec2006/400.perlbench.bc	400.perlbench.bc	expression-aware	XS_attributes_bootstrap	1	0	0	1.003215	184	1
benchmarks/spec2006/400.perlbench.bc	400.perlbench.bc	expression-aware	XS_attributes__warn_reserved	1	0	0	1.014348	180	1
benchmarks/spec2006/400.perlbench.bc	400.perlbench.bc	expression-aware	XS_attributes__modify_attrs	1	0	0	1.013914	184	1
benchmarks/spec2006/400.perlbench.bc	400.perlbench.bc	expression-aware	XS_attributes__guess_stash	1	0	0	1.003117	196	1
benchmarks/spec2006/400.perlbench.bc	400.perlbench.bc	expression-aware	XS_attributes__fetch_attrs	1	0	0	1.002974	208	1
benchmarks/spec2006/400.perlbench.bc	400.perlbench.bc	expression-aware	XS_attributes_reftype	1	0	0	1.003170	204	1
benchmarks/spec2006/400.perlbench.bc	400.perlbench.bc	expression-aware	modify_SV_attributes	1	0	0	1.003046	204	1
benchmarks/spec2006/400.perlbench.bc	400.perlbench.bc	expression-aware	XS_MIME__Base64_encode_base64	1	0	0	1.003054	96	1
benchmarks/spec2006/400.perlbench.bc	400.perlbench.bc	expression-aware	XS_MIME__Base64_decode_base64	1	0	0	1.003013	232	1
benchmarks/spec2006/400.perlbench.bc	400.perlbench.bc	expression-aware	XS_MIME__QuotedPrint_encode_qp	1	0	0	1.002967	196	1
benchmarks/spec2006/400.perlbench.bc	400.perlbench.bc	expression-aware	XS_MIME__QuotedPrint_decode_qp	1	0	0	1.003279	200	1
benchmarks/spec2006/400.perlbench.bc	400.perlbench.bc	expression-aware	boot_MIME__Base64	1	0	0	1.002966	232	1
benchmarks/spec2006/400.perlbench.bc	400.perlbench.bc	expression-aware	XS_Cwd_fastcwd	1	0	0	1.003288	176	1
benchmarks/spec2006/400.perlbench.bc	400.perlbench.bc	expression-aware	XS_Cwd_abs_path	1	0	0	1.002087	208	1
benchmarks/spec2006/400.perlbench.bc	400.perlbench.bc	expression-aware	bsd_realpath	1	0	0	1.003263	184	1
benchmarks/spec2006/400.perlbench.bc	400.perlbench.bc	expression-aware	boot_Cwd	1	0	0	1.003476	208	1
benchmarks/spec2006/400.perlbench.bc	400.perlbench.bc	expression-aware	XS_Data__Dumper_Dumpxs	1	0	0	1.003049	204	1
benchmarks/spec2006/400.perlbench.bc	400.perlbench.bc	expression-aware	sv_x	1	0	0	1.002421	196	1
benchmarks/spec2006/400.perlbench.bc	400.perlbench.bc	expression-aware	DD_dump	1	-9	1	185.310254	527148	0
benchmarks/spec2006/400.perlbench.bc	400.perlbench.bc	expression-aware	needs_quote	1	0	0	1.004745	232	1
benchmarks/spec2006/400.perlbench.bc	400.perlbench.bc	expression-aware	esc_q_utf8	1	0	0	1.006896	240	1
benchmarks/spec2006/400.perlbench.bc	400.perlbench.bc	expression-aware	num_q	1	0	0	1.006465	204	1
benchmarks/spec2006/400.perlbench.bc	400.perlbench.bc	expression-aware	esc_q	1	0	0	1.005158	208	1
benchmarks/spec2006/400.perlbench.bc	400.perlbench.bc	expression-aware	boot_Data__Dumper	1	0	0	1.006603	236	1
benchmarks/spec2006/400.perlbench.bc	400.perlbench.bc	expression-aware	hrt_usleep	1	0	0	1.005815	204	1
benchmarks/spec2006/400.perlbench.bc	400.perlbench.bc	expression-aware	XS_Time__HiRes_constant	1	0	0	1.004236	192	1
benchmarks/spec2006/400.perlbench.bc	400.perlbench.bc	expression-aware	constant	1	0	0	1.003125	192	1
benchmarks/spec2006/400.perlbench.bc	400.perlbench.bc	expression-aware	constant_11	1	0	0	1.004182	1632	1
benchmarks/spec2006/400.perlbench.bc	400.perlbench.bc	expression-aware	XS_Time__HiRes_usleep	1	0	0	1.003087	176	1
benchmarks/spec2006/400.perlbench.bc	400.perlbench.bc	expression-aware	XS_Time__HiRes_sleep	1	0	0	1.003078	204	1
benchmarks/spec2006/400.perlbench.bc	400.perlbench.bc	expression-aware	XS_Time__HiRes_gettimeofday	1	0	0	1.014269	204	1
benchmarks/spec2006/400.perlbench.bc	400.perlbench.bc	expression-aware	XS_Time__HiRes_time	1	0	0	1.003217	204	1
benchmarks/spec2006/400.perlbench.bc	400.perlbench.bc	expression-aware	boot_Time__HiRes	1	0	0	1.002949	188	1
benchmarks/spec2006/400.perlbench.bc	400.perlbench.bc	expression-aware	XS_IO__Seekable_getpos	1	0	0	1.003975	12	1
benchmarks/spec2006/400.perlbench.bc	400.perlbench.bc	expression-aware	XS_IO__Seekable_setpos	1	0	0	1.003068	96	1
benchmarks/spec2006/400.perlbench.bc	400.perlbench.bc	expression-aware	XS_IO__File_new_tmpfile	1	0	0	1.002952	204	1
benchmarks/spec2006/400.perlbench.bc	400.perlbench.bc	expression-aware	XS_IO__Poll__poll	1	0	0	1.003005	208	1
benchmarks/spec2006/400.perlbench.bc	400.perlbench.bc	expression-aware	XS_IO__Handle_blocking	1	0	0	1.003382	208	1
benchmarks/spec2006/400.perlbench.bc	400.perlbench.bc	expression-aware	io_blocking	1	0	0	1.003169	180	1
benchmarks/spec2006/400.perlbench.bc	400.perlbench.bc	expression-aware	XS_IO__Handle_ungetc	1	0	0	1.002048	204	1
benchmarks/spec2006/400.perlbench.bc	400.perlbench.bc	expression-aware	XS_IO__Handle_error	1	0	0	1.003276	196	1
benchmarks/spec2006/400.perlbench.bc	400.perlbench.bc	expression-aware	XS_IO__Handle_clearerr	1	0	0	1.003351	204	1
benchmarks/spec2006/400.perlbench.bc	400.perlbench.bc	expression-aware	XS_IO__Handle_untaint	1	0	0	1.003115	204	1
benchmarks/spec2006/400.perlbench.bc	400.perlbench.bc	expression-aware	XS_IO__Handle_flush	1	0	0	1.002998	204	1
benchmarks/spec2006/400.perlbench.bc	400.perlbench.bc	expression-aware	XS_IO__Handle_setbuf	1	0	0	1.003080	200	1
benchmarks/spec2006/400.perlbench.bc	400.perlbench.bc	expression-aware	not_here	1	0	0	1.002945	184	1
benchmarks/spec2006/400.perlbench.bc	400.perlbench.bc	expression-aware	XS_IO__Handle_setvbuf	1	0	0	1.002956	192	1
benchmarks/spec2006/400.perlbench.bc	400.perlbench.bc	expression-aware	XS_IO__Handle_sync	1	0	0	1.003017	176	1
benchmarks/spec2006/400.perlbench.bc	400.perlbench.bc	expression-aware	XS_IO__Socket_sockatmark	1	0	0	1.002925	184	1
benchmarks/spec2006/400.perlbench.bc	400.perlbench.bc	expression-aware	boot_IO	1	0	0	1.003232	204	1
benchmarks/spec2006/400.perlbench.bc	400.perlbench.bc	expression-aware	_runops_debug	1	0	0	1.003787	780	1
benchmarks/spec2006/400.perlbench.bc	400.perlbench.bc	expression-aware	DeadCode	1	0	0	1.002998	188	1
benchmarks/spec2006/400.perlbench.bc	400.perlbench.bc	expression-aware	fill_mstats	1	0	0	1.002990	208	1
benchmarks/spec2006/400.perlbench.bc	400.perlbench.bc	expression-aware	mstats_fillhash	1	0	0	1.002921	204	1
benchmarks/spec2006/400.perlbench.bc	400.perlbench.bc	expression-aware	mstats2hash	1	0	0	1.003125	240	1
benchmarks/spec2006/400.perlbench.bc	400.perlbench.bc	expression-aware	XS_Devel__Peek_mstat	1	0	0	1.003318	184	1
benchmarks/spec2006/400.perlbench.bc	400.perlbench.bc	expression-aware	XS_Devel__Peek_fill_mstats	1	0	0	1.002936	204	1
benchmarks/spec2006/400.perlbench.bc	400.perlbench.bc	expression-aware	XS_Devel__Peek_mstats_fillhash	1	0	0	1.002966	196	1
benchmarks/spec2006/400.perlbench.bc	400.perlbench.bc	expression-aware	XS_Devel__Peek_mstats2hash	1	0	0	1.002963	196	1
benchmarks/spec2006/400.perlbench.bc	400.perlbench.bc	expression-aware	XS_Devel__Peek_Dump	1	0	0	1.003106	236	1
benchmarks/spec2006/400.perlbench.bc	400.perlbench.bc	expression-aware	XS_Devel__Peek_DumpArray	1	0	0	1.013856	208	1
benchmarks/spec2006/400.perlbench.bc	400.perlbench.bc	expression-aware	XS_Devel__Peek_DumpProg	1	0	0	1.003161	208	1
benchmarks/spec2006/400.perlbench.bc	400.perlbench.bc	expression-aware	XS_Devel__Peek_SvREFCNT	1	0	0	1.004229	240	1
benchmarks/spec2006/400.perlbench.bc	400.perlbench.bc	expression-aware	XS_Devel__Peek_SvREFCNT_inc	1	0	0	1.003246	208	1
benchmarks/spec2006/400.perlbench.bc	400.perlbench.bc	expression-aware	XS_Devel__Peek_SvREFCNT_dec	1	0	0	1.003103	236	1
benchmarks/spec2006/400.perlbench.bc	400.perlbench.bc	expression-aware	XS_Devel__Peek_DeadCode	1	0	0	1.013825	208	1
benchmarks/spec2006/400.perlbench.bc	400.perlbench.bc	expression-aware	XS_Devel__Peek_CvGV	1	0	0	1.003085	204	1
benchmarks/spec2006/400.perlbench.bc	400.perlbench.bc	expression-aware	XS_Devel__Peek_runops_debug	1	0	0	1.003061	204	1
benchmarks/spec2006/400.perlbench.bc	400.perlbench.bc	expression-aware	boot_Devel__Peek	1	0	0	1.003065	204	1
benchmarks/spec2006/400.perlbench.bc	400.perlbench.bc	expression-aware	XS_attrs_import	1	0	0	1.003590	196	1
benchmarks/spec2006/400.perlbench.bc	400.perlbench.bc	expression-aware	get_flag	1	0	0	1.003068	188	1
benchmarks/spec2006/400.perlbench.bc	400.perlbench.bc	expression-aware	XS_attrs_get	1	0	0	1.002999	8	1
benchmarks/spec2006/400.perlbench.bc	400.perlbench.bc	expression-aware	boot_attrs	1	0	0	1.003175	208	1
benchmarks/spec2006/400.perlbench.bc	400.perlbench.bc	expression-aware	Perl_my_poll	1	0	0	1.003121	236	1
benchmarks/spec2006/400.perlbench.bc	400.perlbench.bc	expression-aware	xsfopen	1	0	0	1.003039	176	1
benchmarks/spec2006/400.perlbench.bc	400.perlbench.bc	expression-aware	xsfclose	1	0	0	1.002978	204	1
benchmarks/spec2006/400.perlbench.bc	400.perlbench.bc	expression-aware	xsfprintf	1	0	0	1.013474	208	1
benchmarks/spec2006/400.perlbench.bc	400.perlbench.bc	expression-aware	XS_DynaLoader_dl_error	1	0	0	1.003666	236	1
benchmarks/spec2006/400.perlbench.bc	400.perlbench.bc	expression-aware	boot_DynaLoader	1	0	0	1.003121	204	1
benchmarks/spec2006/400.perlbench.bc	400.perlbench.bc	expression-aware	XS_Digest__MD5_new	1	0	0	1.002000	208	1
benchmarks/spec2006/400.perlbench.bc	400.perlbench.bc	expression-aware	get_md5_ctx	1	0	0	1.003039	204	1
benchmarks/spec2006/400.perlbench.bc	400.perlbench.bc	expression-aware	MD5Init	1	0	0	1.003029	232	1
benchmarks/spec2006/400.perlbench.bc	400.perlbench.bc	expression-aware	XS_Digest__MD5_clone	1	0	0	1.013152	184	1
benchmarks/spec2006/400.perlbench.bc	400.perlbench.bc	expression-aware	XS_Digest__MD5_DESTROY	1	0	0	1.002091	236	1
benchmarks/spec2006/400.perlbench.bc	400.perlbench.bc	expression-aware	XS_Digest__MD5_add	1	0	0	1.003977	188	1
benchmarks/spec2006/400.perlbench.bc	400.perlbench.bc	expression-aware	MD5Update	1	0	0	1.003029	184	1
benchmarks/spec2006/400.perlbench.bc	400.perlbench.bc	expression-aware	MD5Transform	1	0	0	7.012432	119360	1
benchmarks/spec2006/400.perlbench.bc	400.perlbench.bc	expression-aware	XS_Digest__MD5_addfile	1	0	0	1.003047	204	1
benchmarks/spec2006/400.perlbench.bc	400.perlbench.bc	expression-aware	XS_Digest__MD5_digest	1	0	0	1.003048	204	1
benchmarks/spec2006/400.perlbench.bc	400.perlbench.bc	expression-aware	MD5Final	1	0	0	1.003229	184	1
benchmarks/spec2006/400.perlbench.bc	400.perlbench.bc	expression-aware	make_mortal_sv	1	0	0	1.003215	192	1
benchmarks/spec2006/400.perlbench.bc	400.perlbench.bc	expression-aware	hex_16	1	0	0	1.003160	180	1
benchmarks/spec2006/400.perlbench.bc	400.perlbench.bc	expression-aware	base64_16	1	0	0	1.003004	196	1
benchmarks/spec2006/400.perlbench.bc	400.perlbench.bc	expression-aware	u2s	1	0	0	1.003240	200	1
benchmarks/spec2006/400.perlbench.bc	400.perlbench.bc	expression-aware	XS_Digest__MD5_md5	1	0	0	1.003483	224	1
benchmarks/spec2006/400.perlbench.bc	400.perlbench.bc	expression-aware	boot_Digest__MD5	1	0	0	1.003043	208	1
benchmarks/spec2006/400.perlbench.bc	400.perlbench.bc	expression-aware	is_storing	1	0	0	1.003100	204	1
benchmarks/spec2006/400.perlbench.bc	400.perlbench.bc	expression-aware	is_retrieving	1	0	0	1.003114	192	1
benchmarks/spec2006/400.perlbench.bc	400.perlbench.bc	expression-aware	last_op_in_netorder	1	0	0	1.004970	208	1
benchmarks/spec2006/400.perlbench.bc	400.perlbench.bc	expression-aware	pstore	1	0	0	1.003118	180	1
benchmarks/spec2006/400.perlbench.bc	400.perlbench.bc	expression-aware	do_store	1	0	0	1.003164	192	1
benchmarks/spec2006/400.perlbench.bc	400.perlbench.bc	expression-aware	clean_context	1	0	0	1.003354	208	1
benchmarks/spec2006/400.perlbench.bc	400.perlbench.bc	expression-aware	allocate_context	1	0	0	1.003055	188	1
benchmarks/spec2006/400.perlbench.bc	400.perlbench.bc	expression-aware	init_store_context	1	0	0	1.014653	232	1
benchmarks/spec2006/400.perlbench.bc	400.perlbench.bc	expression-aware	magic_write	1	0	0	1.003040	204	1
benchmarks/spec2006/400.perlbench.bc	400.perlbench.bc	expression-aware	store	1	0	0	1.003051	176	1
benchmarks/spec2006/400.perlbench.bc	400.perlbench.bc	expression-aware	mbuf2sv	1	0	0	1.003087	204	1
benchmarks/spec2006/400.perlbench.bc	400.perlbench.bc	expression-aware	clean_store_context	1	0	0	1.003183	236	1
benchmarks/spec2006/400.perlbench.bc	400.perlbench.bc	expression-aware	free_context	1	0	0	1.003008	188	1
benchmarks/spec2006/400.perlbench.bc	400.perlbench.bc	expression-aware	reset_context	1	0	0	1.003223	204	1
benchmarks/spec2006/400.perlbench.bc	400.perlbench.bc	expression-aware	sv_type	1	0	0	1.003548	196	1
benchmarks/spec2006/400.perlbench.bc	400.perlbench.bc	expression-aware	store_blessed	1	0	0	1.003468	208	1
benchmarks/spec2006/400.perlbench.bc	400.perlbench.bc	expression-aware	store_ref	1	0	0	1.003094	204	1
benchmarks/spec2006/400.perlbench.bc	400.perlbench.bc	expression-aware	store_scalar	1	0	0	1.003017	204	1
benchmarks/spec2006/400.perlbench.bc	400.perlbench.bc	expression-aware	store_array	1	0	0	2.004446	136044	1
benchmarks/spec2006/400.perlbench.bc	400.perlbench.bc	expression-aware	store_hash	1	0	0	115.175024	659708	1
benchmarks/spec2006/400.perlbench.bc	400.perlbench.bc	expression-aware	store_tied	1	0	0	1.003955	204	1
benchmarks/spec2006/400.perlbench.bc	400.perlbench.bc	expression-aware	store_tied_item	1	0	0	1.006365	208	1
benchmarks/spec2006/400.perlbench.bc	400.perlbench.bc	expression-aware	store_code	1	0	0	1.005581	188	1
benchmarks/spec2006/400.perlbench.bc	400.perlbench.bc	expression-aware	store_other	1	0	0	1.006605	196	1
benchmarks/spec2006/400.perlbench.bc	400.perlbench.bc	expression-aware	pkg_can	1	0	0	1.004427	204	1
benchmarks/spec2006/400.perlbench.bc	400.perlbench.bc	expression-aware	store_hook	1	0	0	44.069131	1002300	1
benchmarks/spec2006/400.perlbench.bc	400.perlbench.bc	expression-aware	known_class	1	0	0	1.002935	208	1
benchmarks/spec2006/400.perlbench.bc	400.perlbench.bc	expression-aware	array_call	1	0	0	1.003130	180	1
benchmarks/spec2006/400.perlbench.bc	400.perlbench.bc	expression-aware	pkg_hide	1	0	0	1.013746	204	1
benchmarks/spec2006/400.perlbench.bc	400.perlbench.bc	expression-aware	pkg_fetchmeth	1	0	0	1.003249	204	1
benchmarks/spec2006/400.perlbench.bc	400.perlbench.bc	expression-aware	clean_retrieve_context	1	0	0	1.003165	204	1
benchmarks/spec2006/400.perlbench.bc	400.perlbench.bc	expression-aware	net_pstore	1	0	0	1.003056	204	1
benchmarks/spec2006/400.perlbench.bc	400.perlbench.bc	expression-aware	mstore	1	0	0	1.003208	184	1
benchmarks/spec2006/400.perlbench.bc	400.perlbench.bc	expression-aware	net_mstore	1	0	0	1.003575	192	1
benchmarks/spec2006/400.perlbench.bc	400.perlbench.bc	expression-aware	pretrieve	1	0	0	1.003170	208	1
benchmarks/spec2006/400.perlbench.bc	400.perlbench.bc	expression-aware	do_retrieve	1	0	0	1.014074	204	1
benchmarks/spec2006/400.perlbench.bc	400.perlbench.bc	expression-aware	magic_check	1	0	0	1.003399	204	1
benchmarks/spec2006/400.perlbench.bc	400.perlbench.bc	expression-aware	init_retrieve_context	1	0	0	1.003171	188	1
benchmarks/spec2006/400.perlbench.bc	400.perlbench.bc	expression-aware	retrieve	1	0	0	2.003605	160412	1
benchmarks/spec2006/400.perlbench.bc	400.perlbench.bc	expression-aware	retrieve_lscalar	1	0	0	1.003092	204	1
benchmarks/spec2006/400.perlbench.bc	400.perlbench.bc	expression-aware	old_retrieve_array	1	0	0	1.003015	196	1
benchmarks/spec2006/400.perlbench.bc	400.perlbench.bc	expression-aware	old_retrieve_hash	1	0	0	2.004466	144576	1
benchmarks/spec2006/400.perlbench.bc	400.perlbench.bc	expression-aware	retrieve_ref	1	0	0	1.003605	236	1
benchmarks/spec2006/400.perlbench.bc	400.perlbench.bc	expression-aware	retrieve_undef	1	0	0	1.003090	204	1
benchmarks/spec2006/400.perlbench.bc	400.perlbench.bc	expression-aware	retrieve_integer	1	0	0	1.003130	208	1
benchmarks/spec2006/400.perlbench.bc	400.perlbench.bc	expression-aware	retrieve_double	1	0	0	1.003181	204	1
benchmarks/spec2006/400.perlbench.bc	400.perlbench.bc	expression-aware	retrieve_byte	1	0	0	1.003355	240	1
benchmarks/spec2006/400.perlbench.bc	400.perlbench.bc	expression-aware	retrieve_netint	1	0	0	1.003093	184	1
benchmarks/spec2006/400.perlbench.bc	400.perlbench.bc	expression-aware	retrieve_scalar	1	0	0	1.003085	196	1
benchmarks/spec2006/400.perlbench.bc	400.perlbench.bc	expression-aware	retrieve_tied_array	1	0	0	1.003042	208	1
benchmarks/spec2006/400.perlbench.bc	400.perlbench.bc	expression-aware	retrieve_tied_hash	1	0	0	1.003481	236	1
benchmarks/spec2006/400.perlbench.bc	400.perlbench.bc	expression-aware	retrieve_tied_scalar	1	0	0	1.003505	232	1
benchmarks/spec2006/400.perlbench.bc	400.perlbench.bc	expression-aware	retrieve_other	1	0	0	1.003472	208	1
benchmarks/spec2006/400.perlbench.bc	400.perlbench.bc	expression-aware	retrieve_array	1	0	0	1.003408	184	1
benchmarks/spec2006/400.perlbench.bc	400.perlbench.bc	expression-aware	retrieve_hash	1	0	0	1.004905	188	1
benchmarks/spec2006/400.perlbench.bc	400.perlbench.bc	expression-aware	retrieve_sv_undef	1	0	0	1.014002	204	1
benchmarks/spec2006/400.perlbench.bc	400.perlbench.bc	expression-aware	retrieve_sv_yes	1	0	0	1.003153	208	1
benchmarks/spec2006/400.perlbench.bc	400.perlbench.bc	expression-aware	retrieve_sv_no	1	0	0	1.003021	236	1
benchmarks/spec2006/400.perlbench.bc	400.perlbench.bc	expression-aware	retrieve_blessed	1	0	0	1.013266	204	1
benchmarks/spec2006/400.perlbench.bc	400.perlbench.bc	expression-aware	retrieve_idx_blessed	1	0	0	1.003368	188	1
benchmarks/spec2006/400.perlbench.bc	400.perlbench.bc	expression-aware	retrieve_hook	1	0	0	45.071681	296244	1
benchmarks/spec2006/400.perlbench.bc	400.perlbench.bc	expression-aware	retrieve_overloaded	1	0	0	1.014135	236	1
benchmarks/spec2006/400.perlbench.bc	400.perlbench.bc	expression-aware	retrieve_tied_key	1	0	0	1.003320	240	1
benchmarks/spec2006/400.perlbench.bc	400.perlbench.bc	expression-aware	retrieve_tied_idx	1	0	0	1.003369	208	1
benchmarks/spec2006/400.perlbench.bc	400.perlbench.bc	expression-aware	retrieve_utf8str	1	0	0	1.003163	208	1
benchmarks/spec2006/400.perlbench.bc	400.perlbench.bc	expression-aware	retrieve_lutf8str	1	0	0	1.003713	204	1
benchmarks/spec2006/400.perlbench.bc	400.perlbench.bc	expression-aware	retrieve_flag_hash	1	0	0	2.003710	150928	1
benchmarks/spec2006/400.perlbench.bc	400.perlbench.bc	expression-aware	retrieve_code	1	0	0	1.003498	192	1
benchmarks/spec2006/400.perlbench.bc	400.perlbench.bc	expression-aware	pkg_uncache	1	0	0	1.003262	232	1
benchmarks/spec2006/400.perlbench.bc	400.perlbench.bc	expression-aware	scalar_call	1	0	0	1.003084	188	1
benchmarks/spec2006/400.perlbench.bc	400.perlbench.bc	expression-aware	mretrieve	1	0	0	1.003557	184	1
benchmarks/spec2006/400.perlbench.bc	400.perlbench.bc	expression-aware	dclone	1	0	0	1.003151	204	1
benchmarks/spec2006/400.perlbench.bc	400.perlbench.bc	expression-aware	XS_Storable__Cxt_DESTROY	1	0	0	1.003647	184	1
benchmarks/spec2006/400.perlbench.bc	400.perlbench.bc	expression-aware	XS_Storable_init_perinterp	1	0	0	1.003023	204	1
benchmarks/spec2006/400.perlbench.bc	400.perlbench.bc	expression-aware	init_perinterp	1	0	0	1.003080	204	1
benchmarks/spec2006/400.perlbench.bc	400.perlbench.bc	expression-aware	XS_Storable_pstore	1	0	0	1.003318	204	1
benchmarks/spec2006/400.perlbench.bc	400.perlbench.bc	expression-aware	XS_Storable_net_pstore	1	0	0	1.014022	204	1
benchmarks/spec2006/400.perlbench.bc	400.perlbench.bc	expression-aware	XS_Storable_mstore	1	0	0	1.003165	204	1
benchmarks/spec2006/400.perlbench.bc	400.perlbench.bc	expression-aware	XS_Storable_net_mstore	1	0	0	1.003011	184	1
benchmarks/spec2006/400.perlbench.bc	400.perlbench.bc	expression-aware	XS_Storable_pretrieve	1	0	0	1.003035	188	1
benchmarks/spec2006/400.perlbench.bc	400.perlbench.bc	expression-aware	XS_Storable_mretrieve	1	0	0	1.005047	184	1
benchmarks/spec2006/400.perlbench.bc	400.perlbench.bc	expression-aware	XS_Storable_dclone	1	0	0	1.003102	208	1
benchmarks/spec2006/400.perlbench.bc	400.perlbench.bc	expression-aware	XS_Storable_last_op_in_netorder	1	0	0	1.003332	208	1
benchmarks/spec2006/400.perlbench.bc	400.perlbench.bc	expression-aware	XS_Storable_is_storing	1	0	0	1.003108	184	1
benchmarks/spec2006/400.perlbench.bc	400.perlbench.bc	expression-aware	XS_Storable_is_retrieving	1	0	0	1.002998	200	1
benchmarks/spec2006/400.perlbench.bc	400.perlbench.bc	expression-aware	boot_Storable	1	0	0	1.003091	192	1
benchmarks/spec2006/400.perlbench.bc	400.perlbench.bc	expression-aware	magic_free_pstate	1	0	0	1.003223	188	1
benchmarks/spec2006/400.perlbench.bc	400.perlbench.bc	expression-aware	get_pstate_iv	1	0	0	1.003373	204	1
benchmarks/spec2006/400.perlbench.bc	400.perlbench.bc	expression-aware	free_pstate	1	0	0	1.003407	208	1
benchmarks/spec2006/400.perlbench.bc	400.perlbench.bc	expression-aware	XS_HTML__Parser__alloc_pstate	1	0	0	1.003050	96	1
benchmarks/spec2006/400.perlbench.bc	400.perlbench.bc	expression-aware	XS_HTML__Parser_parse	1	0	0	1.003308	184	1
benchmarks/spec2006/400.perlbench.bc	400.perlbench.bc	expression-aware	get_pstate_hv	1	0	0	1.003225	204	1
benchmarks/spec2006/400.perlbench.bc	400.perlbench.bc	expression-aware	parse	1	0	0	92.140394	124768	1
benchmarks/spec2006/400.perlbench.bc	400.perlbench.bc	expression-aware	parse_buf	1	0	0	6.011069	173532	1
benchmarks/spec2006/400.perlbench.bc	400.perlbench.bc	expression-aware	report_event	1	0	0	1.003195	204	1
benchmarks/spec2006/400.perlbench.bc	400.perlbench.bc	expression-aware	flush_pending_text	1	0	0	1.013815	204	1
benchmarks/spec2006/400.perlbench.bc	400.perlbench.bc	expression-aware	probably_utf8_chunk	1	0	0	1.003166	184	1
benchmarks/spec2006/400.perlbench.bc	400.perlbench.bc	expression-aware	has_hibit	1	0	0	1.003263	140	1
benchmarks/spec2006/400.perlbench.bc	400.perlbench.bc	expression-aware	sv_lower	1	0	0	1.003053	200	1
benchmarks/spec2006/400.perlbench.bc	400.perlbench.bc	expression-aware	decode_entities	1	0	0	6.009880	216300	1
benchmarks/spec2006/400.perlbench.bc	400.perlbench.bc	expression-aware	grow_gap	1	0	0	1.003167	200	1
benchmarks/spec2006/400.perlbench.bc	400.perlbench.bc	expression-aware	marked_section_update	1	0	0	1.003486	200	1
benchmarks/spec2006/400.perlbench.bc	400.perlbench.bc	expression-aware	parse_start	1	0	0	3.005852	184612	1
benchmarks/spec2006/400.perlbench.bc	400.perlbench.bc	expression-aware	parse_end	1	0	0	1.003266	204	1
benchmarks/spec2006/400.perlbench.bc	400.perlbench.bc	expression-aware	parse_decl	1	0	0	3.005859	147524	1
benchmarks/spec2006/400.perlbench.bc	400.perlbench.bc	expression-aware	parse_process	1	0	0	1.002942	204	1
benchmarks/spec2006/400.perlbench.bc	400.perlbench.bc	expression-aware	parse_comment	1	0	0	1.003193	204	1
benchmarks/spec2006/400.perlbench.bc	400.perlbench.bc	expression-aware	parse_marked_section	1	0	0	1.003121	204	1
benchmarks/spec2006/400.perlbench.bc	400.perlbench.bc	expression-aware	strnEQx	1	0	0	1.003291	204	1
benchmarks/spec2006/400.perlbench.bc	400.perlbench.bc	expression-aware	tokens_grow	1	0	0	1.003338	204	1
benchmarks/spec2006/400.perlbench.bc	400.perlbench.bc	expression-aware	skip_until_gt	1	0	0	1.003216	232	1
benchmarks/spec2006/400.perlbench.bc	400.perlbench.bc	expression-aware	XS_HTML__Parser_eof	1	0	0	1.003055	208	1
benchmarks/spec2006/400.perlbench.bc	400.perlbench.bc	expression-aware	XS_HTML__Parser_strict_comment	1	0	0	1.003688	236	1
benchmarks/spec2006/400.perlbench.bc	400.perlbench.bc	expression-aware	XS_HTML__Parser_boolean_attribute_value	1	0	0	1.003110	208	1
benchmarks/spec2006/400.perlbench.bc	400.perlbench.bc	expression-aware	XS_HTML__Parser_ignore_tags	1	0	0	1.003142	204	1
benchmarks/spec2006/400.perlbench.bc	400.perlbench.bc	expression-aware	XS_HTML__Parser_handler	1	0	0	1.003181	180	1
benchmarks/spec2006/400.perlbench.bc	400.perlbench.bc	expression-aware	argspec_compile	1	0	0	2.015326	143960	1
benchmarks/spec2006/400.perlbench.bc	400.perlbench.bc	expression-aware	check_handler	1	0	0	1.003224	184	1
benchmarks/spec2006/400.perlbench.bc	400.perlbench.bc	expression-aware	XS_HTML__Entities_decode_entities	1	0	0	1.003393	204	1
benchmarks/spec2006/400.perlbench.bc	400.perlbench.bc	expression-aware	XS_HTML__Entities__decode_entities	1	0	0	1.003283	236	1
benchmarks/spec2006/400.perlbench.bc	400.perlbench.bc	expression-aware	XS_HTML__Entities__probably_utf8_chunk	1	0	0	1.003189	200	1
benchmarks/spec2006/400.perlbench.bc	400.perlbench.bc	expression-aware	XS_HTML__Entities_UNICODE_SUPPORT	1	0	0	1.003283	196	1
benchmarks/spec2006/400.perlbench.bc	400.perlbench.bc	expression-aware	boot_HTML__Parser	1	0	0	1.003346	200	1
benchmarks/spec2006/400.perlbench.bc	400.perlbench.bc	expression-aware	spec_srand	1	0	0	1.003100	236	1
benchmarks/spec2006/400.perlbench.bc	400.perlbench.bc	expression-aware	spec_rand	1	0	0	1.003251	192	1
benchmarks/spec2006/400.perlbench.bc	400.perlbench.bc	expression-aware	XS_Sys__Hostname_ghname	1	0	0	1.003061	204	1
benchmarks/spec2006/400.perlbench.bc	400.perlbench.bc	expression-aware	boot_Sys__Hostname	1	0	0	1.003111	80	1
benchmarks/spec2006/400.perlbench.bc	400.perlbench.bc	expression-aware	XS_Opcode__safe_pkg_prep	1	0	0	1.003024	236	1
benchmarks/spec2006/400.perlbench.bc	400.perlbench.bc	expression-aware	XS_Opcode__safe_call_sv	1	0	0	1.003199	180	1
benchmarks/spec2006/400.perlbench.bc	400.perlbench.bc	expression-aware	opmask_addlocal	1	0	0	1.003093	168	1
benchmarks/spec2006/400.perlbench.bc	400.perlbench.bc	expression-aware	opmask_add	1	0	0	1.003194	192	1
benchmarks/spec2006/400.perlbench.bc	400.perlbench.bc	expression-aware	verify_opset	1	0	0	1.003002	204	1
benchmarks/spec2006/400.perlbench.bc	400.perlbench.bc	expression-aware	XS_Opcode_verify_opset	1	0	0	1.002980	192	1
benchmarks/spec2006/400.perlbench.bc	400.perlbench.bc	expression-aware	XS_Opcode_invert_opset	1	0	0	1.003014	208	1
benchmarks/spec2006/400.perlbench.bc	400.perlbench.bc	expression-aware	new_opset	1	0	0	1.003123	184	1
benchmarks/spec2006/400.perlbench.bc	400.perlbench.bc	expression-aware	XS_Opcode_opset_to_ops	1	0	0	1.002994	176	1
benchmarks/spec2006/400.perlbench.bc	400.perlbench.bc	expression-aware	XS_Opcode_opset	1	0	0	1.003469	204	1
benchmarks/spec2006/400.perlbench.bc	400.perlbench.bc	expression-aware	get_op_bitspec	1	0	0	1.003493	208	1
benchmarks/spec2006/400.perlbench.bc	400.perlbench.bc	expression-aware	set_opset_bits	1	0	0	1.004203	204	1
benchmarks/spec2006/400.perlbench.bc	400.perlbench.bc	expression-aware	XS_Opcode_permit_only	1	0	0	1.005010	200	1
benchmarks/spec2006/400.perlbench.bc	400.perlbench.bc	expression-aware	XS_Opcode_opdesc	1	0	0	1.005569	204	1
benchmarks/spec2006/400.perlbench.bc	400.perlbench.bc	expression-aware	XS_Opcode_define_optag	1	0	0	1.005247	200	1
benchmarks/spec2006/400.perlbench.bc	400.perlbench.bc	expression-aware	put_op_bitspec	1	0	0	1.005145	240	1
benchmarks/spec2006/400.perlbench.bc	400.perlbench.bc	expression-aware	XS_Opcode_empty_opset	1	0	0	1.005410	204	1
benchmarks/spec2006/400.perlbench.bc	400.perlbench.bc	expression-aware	XS_Opcode_full_opset	1	0	0	1.005781	208	1
benchmarks/spec2006/400.perlbench.bc	400.perlbench.bc	expression-aware	XS_Opcode_opmask_add	1	0	0	1.007704	200	1
benchmarks/spec2006/400.perlbench.bc	400.perlbench.bc	expression-aware	XS_Opcode_opcodes	1	0	0	1.005173	176	1
benchmarks/spec2006/400.perlbench.bc	400.perlbench.bc	expression-aware	XS_Opcode_opmask	1	0	0	1.004878	204	1
benchmarks/spec2006/400.perlbench.bc	400.perlbench.bc	expression-aware	boot_Opcode	1	0	0	1.003954	160	1
benchmarks/spec2006/400.perlbench.bc	400.perlbench.bc	expression-aware	op_names_init	1	0	0	1.003970	200	1
benchmarks/spec2006/400.perlbench.bc	400.perlbench.bc	star-risk	Perl_av_reify	1	0	0	1.003156	208	1
benchmarks/spec2006/400.perlbench.bc	400.perlbench.bc	star-risk	Perl_av_extend	1	0	0	1.003982	208	1
benchmarks/spec2006/400.perlbench.bc	400.perlbench.bc	star-risk	Perl_av_fetch	1	0	0	1.003274	208	1
benchmarks/spec2006/400.perlbench.bc	400.perlbench.bc	star-risk	Perl_av_store	1	0	0	1.003845	180	1
benchmarks/spec2006/400.perlbench.bc	400.perlbench.bc	star-risk	Perl_newAV	1	0	0	1.006832	176	1
benchmarks/spec2006/400.perlbench.bc	400.perlbench.bc	star-risk	Perl_av_make	1	0	0	1.004701	204	1
benchmarks/spec2006/400.perlbench.bc	400.perlbench.bc	star-risk	Perl_av_fake	1	0	0	1.004563	204	1
benchmarks/spec2006/400.perlbench.bc	400.perlbench.bc	star-risk	Perl_av_clear	1	0	0	1.003503	188	1
benchmarks/spec2006/400.perlbench.bc	400.perlbench.bc	star-risk	Perl_av_undef	1	0	0	1.006520	204	1
benchmarks/spec2006/400.perlbench.bc	400.perlbench.bc	star-risk	Perl_av_fill	1	0	0	1.005336	204	1
benchmarks/spec2006/400.perlbench.bc	400.perlbench.bc	star-risk	Perl_av_push	1	0	0	1.003195	180	1
benchmarks/spec2006/400.perlbench.bc	400.perlbench.bc	star-risk	Perl_av_pop	1	0	0	1.003105	204	1
benchmarks/spec2006/400.perlbench.bc	400.perlbench.bc	star-risk	Perl_av_unshift	1	0	0	1.003214	208	1
benchmarks/spec2006/400.perlbench.bc	400.perlbench.bc	star-risk	Perl_av_shift	1	0	0	1.003186	204	1
benchmarks/spec2006/400.perlbench.bc	400.perlbench.bc	star-risk	Perl_av_len	1	0	0	1.003528	196	1
benchmarks/spec2006/400.perlbench.bc	400.perlbench.bc	star-risk	Perl_av_delete	1	0	0	1.002921	204	1
benchmarks/spec2006/400.perlbench.bc	400.perlbench.bc	star-risk	Perl_av_exists	1	0	0	1.003121	188	1
benchmarks/spec2006/400.perlbench.bc	400.perlbench.bc	star-risk	Perl_avhv_keys	1	0	0	1.003005	196	1
benchmarks/spec2006/400.perlbench.bc	400.perlbench.bc	star-risk	Perl_avhv_store_ent	1	0	0	1.002542	84	1
benchmarks/spec2006/400.perlbench.bc	400.perlbench.bc	star-risk	S_avhv_index	1	0	0	1.003089	196	1
benchmarks/spec2006/400.perlbench.bc	400.perlbench.bc	star-risk	S_avhv_index_sv	1	0	0	1.003338	176	1
benchmarks/spec2006/400.perlbench.bc	400.perlbench.bc	star-risk	Perl_avhv_fetch_ent	1	0	0	1.003359	236	1
benchmarks/spec2006/400.perlbench.bc	400.perlbench.bc	star-risk	Perl_avhv_delete_ent	1	0	0	1.003997	204	1
benchmarks/spec2006/400.perlbench.bc	400.perlbench.bc	star-risk	Perl_avhv_exists_ent	1	0	0	1.003186	204	1
benchmarks/spec2006/400.perlbench.bc	400.perlbench.bc	star-risk	Perl_avhv_iternext	1	0	0	1.003623	204	1
benchmarks/spec2006/400.perlbench.bc	400.perlbench.bc	star-risk	Perl_avhv_iterval	1	0	0	1.002971	8	1
benchmarks/spec2006/400.perlbench.bc	400.perlbench.bc	star-risk	Perl_deb	1	0	0	1.003155	196	1
benchmarks/spec2006/400.perlbench.bc	400.perlbench.bc	star-risk	Perl_vdeb	1	0	0	1.003026	184	1
benchmarks/spec2006/400.perlbench.bc	400.perlbench.bc	star-risk	Perl_debstackptrs	1	0	0	1.002483	204	1
benchmarks/spec2006/400.perlbench.bc	400.perlbench.bc	star-risk	Perl_debstack	1	0	0	1.003012	184	1
benchmarks/spec2006/400.perlbench.bc	400.perlbench.bc	star-risk	S_deb_stack_n	1	0	0	1.013603	208	1
benchmarks/spec2006/400.perlbench.bc	400.perlbench.bc	star-risk	Perl_deb_stack_all	1	0	0	1.002966	176	1
benchmarks/spec2006/400.perlbench.bc	400.perlbench.bc	star-risk	Perl_do_open	1	0	0	1.002886	180	1
benchmarks/spec2006/400.perlbench.bc	400.perlbench.bc	star-risk	Perl_do_openn	1	0	0	1.003425	184	1
benchmarks/spec2006/400.perlbench.bc	400.perlbench.bc	star-risk	Perl_do_open9	1	0	0	1.003039	192	1
benchmarks/spec2006/400.perlbench.bc	400.perlbench.bc	star-risk	Perl_nextargv	1	0	0	3.006269	188468	1
benchmarks/spec2006/400.perlbench.bc	400.perlbench.bc	star-risk	Perl_do_close	1	0	0	1.002781	204	1
benchmarks/spec2006/400.perlbench.bc	400.perlbench.bc	star-risk	Perl_io_close	1	0	0	1.003001	204	1
benchmarks/spec2006/400.perlbench.bc	400.perlbench.bc	star-risk	Perl_do_eof	1	0	0	1.003249	204	1
benchmarks/spec2006/400.perlbench.bc	400.perlbench.bc	star-risk	Perl_do_tell	1	0	0	1.002979	180	1
benchmarks/spec2006/400.perlbench.bc	400.perlbench.bc	star-risk	Perl_do_seek	1	0	0	1.003206	208	1
benchmarks/spec2006/400.perlbench.bc	400.perlbench.bc	star-risk	Perl_do_sysseek	1	0	0	1.003109	208	1
benchmarks/spec2006/400.perlbench.bc	400.perlbench.bc	star-risk	Perl_mode_from_discipline	1	0	0	1.003145	208	1
benchmarks/spec2006/400.perlbench.bc	400.perlbench.bc	star-risk	Perl_do_binmode	1	0	0	1.003312	184	1
benchmarks/spec2006/400.perlbench.bc	400.perlbench.bc	star-risk	Perl_do_print	1	0	0	1.003117	208	1
benchmarks/spec2006/400.perlbench.bc	400.perlbench.bc	star-risk	Perl_my_stat	1	0	0	1.003384	240	1
benchmarks/spec2006/400.perlbench.bc	400.perlbench.bc	star-risk	Perl_my_lstat	1	0	0	1.003158	204	1
benchmarks/spec2006/400.perlbench.bc	400.perlbench.bc	star-risk	Perl_do_aexec	1	0	0	1.003166	208	1
benchmarks/spec2006/400.perlbench.bc	400.perlbench.bc	star-risk	Perl_do_aexec5	1	0	0	1.003093	196	1
benchmarks/spec2006/400.perlbench.bc	400.perlbench.bc	star-risk	Perl_do_execfree	1	0	0	1.003053	188	1
benchmarks/spec2006/400.perlbench.bc	400.perlbench.bc	star-risk	Perl_do_exec	1	0	0	1.013631	232	1
benchmarks/spec2006/400.perlbench.bc	400.perlbench.bc	star-risk	Perl_do_exec3	1	0	0	3.005970	174360	1
benchmarks/spec2006/400.perlbench.bc	400.perlbench.bc	star-risk	Perl_apply	1	0	0	1.013635	188	1
benchmarks/spec2006/400.perlbench.bc	400.perlbench.bc	star-risk	Perl_cando	1	0	0	1.014275	232	1
benchmarks/spec2006/400.perlbench.bc	400.perlbench.bc	star-risk	Perl_ingroup	1	0	0	1.003014	196	1
benchmarks/spec2006/400.perlbench.bc	400.perlbench.bc	star-risk	Perl_start_glob	1	0	0	1.002946	136	1
benchmarks/spec2006/400.perlbench.bc	400.perlbench.bc	star-risk	Perl_do_trans	1	0	0	1.003255	204	1
benchmarks/spec2006/400.perlbench.bc	400.perlbench.bc	star-risk	S_do_trans_simple_utf8	1	0	0	1.003235	196	1
benchmarks/spec2006/400.perlbench.bc	400.perlbench.bc	star-risk	S_do_trans_simple	1	0	0	1.003261	204	1
benchmarks/spec2006/400.perlbench.bc	400.perlbench.bc	star-risk	S_do_trans_count_utf8	1	0	0	1.003169	204	1
benchmarks/spec2006/400.perlbench.bc	400.perlbench.bc	star-risk	S_do_trans_count	1	0	0	1.003716	176	1
benchmarks/spec2006/400.perlbench.bc	400.perlbench.bc	star-risk	S_do_trans_complex_utf8	1	0	0	2.004332	143364	1
benchmarks/spec2006/400.perlbench.bc	400.perlbench.bc	star-risk	S_do_trans_complex	1	0	0	1.003275	236	1
benchmarks/spec2006/400.perlbench.bc	400.perlbench.bc	star-risk	Perl_do_join	1	0	0	1.003172	196	1
benchmarks/spec2006/400.perlbench.bc	400.perlbench.bc	star-risk	Perl_do_sprintf	1	0	0	1.003507	204	1
benchmarks/spec2006/400.perlbench.bc	400.perlbench.bc	star-risk	Perl_do_vecget	1	0	0	1.003360	208	1
benchmarks/spec2006/400.perlbench.bc	400.perlbench.bc	star-risk	Perl_do_vecset	1	0	0	1.003056	204	1
benchmarks/spec2006/400.perlbench.bc	400.perlbench.bc	star-risk	Perl_do_chop	1	0	0	1.003105	164	1
benchmarks/spec2006/400.perlbench.bc	400.perlbench.bc	star-risk	Perl_do_chomp	1	0	0	1.003981	180	1
benchmarks/spec2006/400.perlbench.bc	400.perlbench.bc	star-risk	Perl_do_vop	1	0	0	1.003121	236	1
benchmarks/spec2006/400.perlbench.bc	400.perlbench.bc	star-risk	Perl_do_kv	1	0	0	1.003492	204	1
benchmarks/spec2006/400.perlbench.bc	400.perlbench.bc	star-risk	Perl_dump_indent	1	0	0	1.002132	208	1
benchmarks/spec2006/400.perlbench.bc	400.perlbench.bc	star-risk	Perl_dump_vindent	1	0	0	1.002965	204	1
benchmarks/spec2006/400.perlbench.bc	400.perlbench.bc	star-risk	Perl_dump_all	1	0	0	1.003499	344	1
benchmarks/spec2006/400.perlbench.bc	400.perlbench.bc	star-risk	Perl_op_dump	1	0	0	1.003239	208	1
benchmarks/spec2006/400.perlbench.bc	400.perlbench.bc	star-risk	Perl_dump_packsubs	1	0	0	1.003128	12	1
benchmarks/spec2006/400.perlbench.bc	400.perlbench.bc	star-risk	Perl_dump_sub	1	0	0	1.003133	204	1
benchmarks/spec2006/400.perlbench.bc	400.perlbench.bc	star-risk	Perl_dump_form	1	0	0	1.002995	204	1
benchmarks/spec2006/400.perlbench.bc	400.perlbench.bc	star-risk	Perl_do_op_dump	1	0	0	1.003554	236	1
benchmarks/spec2006/400.perlbench.bc	400.perlbench.bc	star-risk	Perl_sv_peek	1	0	0	2.004365	152944	1
benchmarks/spec2006/400.perlbench.bc	400.perlbench.bc	star-risk	Perl_do_pmop_dump	1	0	0	1.016096	208	1
benchmarks/spec2006/400.perlbench.bc	400.perlbench.bc	star-risk	Perl_pv_display	1	0	0	1.005718	176	1
benchmarks/spec2006/400.perlbench.bc	400.perlbench.bc	star-risk	Perl_dump_eval	1	0	0	1.004530	236	1
benchmarks/spec2006/400.perlbench.bc	400.perlbench.bc	star-risk	Perl_pmop_dump	1	0	0	1.004736	208	1
benchmarks/spec2006/400.perlbench.bc	400.perlbench.bc	star-risk	Perl_gv_dump	1	0	0	1.004612	208	1
benchmarks/spec2006/400.perlbench.bc	400.perlbench.bc	star-risk	Perl_do_magic_dump	1	0	0	4.019088	170116	1
benchmarks/spec2006/400.perlbench.bc	400.perlbench.bc	star-risk	Perl_do_sv_dump	1	0	0	1.004291	200	1
benchmarks/spec2006/400.perlbench.bc	400.perlbench.bc	star-risk	Perl_do_hv_dump	1	0	0	1.006320	192	1
benchmarks/spec2006/400.perlbench.bc	400.perlbench.bc	star-risk	Perl_do_gvgv_dump	1	0	0	1.005594	208	1
benchmarks/spec2006/400.perlbench.bc	400.perlbench.bc	star-risk	Perl_do_gv_dump	1	0	0	1.004377	200	1
benchmarks/spec2006/400.perlbench.bc	400.perlbench.bc	star-risk	Perl_magic_dump	1	0	0	1.004290	180	1
benchmarks/spec2006/400.perlbench.bc	400.perlbench.bc	star-risk	Perl_sv_dump	1	0	0	1.004521	240	1
benchmarks/spec2006/400.perlbench.bc	400.perlbench.bc	star-risk	Perl_runops_debug	1	0	0	1.005140	196	1
benchmarks/spec2006/400.perlbench.bc	400.perlbench.bc	star-risk	Perl_debop	1	0	0	1.004878	140	1
benchmarks/spec2006/400.perlbench.bc	400.perlbench.bc	star-risk	S_debprof	1	0	0	1.004662	204	1
benchmarks/spec2006/400.perlbench.bc	400.perlbench.bc	star-risk	S_deb_curcv	1	0	0	1.003749	236	1
benchmarks/spec2006/400.perlbench.bc	400.perlbench.bc	star-risk	Perl_watch	1	0	0	1.006356	184	1
benchmarks/spec2006/400.perlbench.bc	400.perlbench.bc	star-risk	Perl_debprofdump	1	0	0	1.004807	232	1
benchmarks/spec2006/400.perlbench.bc	400.perlbench.bc	star-risk	Perl_fprintf_nocontext	1	0	0	1.005456	192	1
benchmarks/spec2006/400.perlbench.bc	400.perlbench.bc	star-risk	Perl_printf_nocontext	1	0	0	1.004873	204	1
benchmarks/spec2006/400.perlbench.bc	400.perlbench.bc	star-risk	Perl_gv_AVadd	1	0	0	1.004379	232	1
benchmarks/spec2006/400.perlbench.bc	400.perlbench.bc	star-risk	Perl_gv_HVadd	1	0	0	1.003633	192	1
benchmarks/spec2006/400.perlbench.bc	400.perlbench.bc	star-risk	Perl_gv_IOadd	1	0	0	1.003033	204	1
benchmarks/spec2006/400.perlbench.bc	400.perlbench.bc	star-risk	Perl_newIO	1	0	0	1.003259	208	1
benchmarks/spec2006/400.perlbench.bc	400.perlbench.bc	star-risk	Perl_gv_fetchpv	1	0	0	5.008946	262148	1
benchmarks/spec2006/400.perlbench.bc	400.perlbench.bc	star-risk	Perl_gv_init	1	0	0	1.003512	200	1
benchmarks/spec2006/400.perlbench.bc	400.perlbench.bc	star-risk	S_gv_init_sv	1	0	0	1.003209	208	1
benchmarks/spec2006/400.perlbench.bc	400.perlbench.bc	star-risk	S_require_errno	1	0	0	1.003539	204	1
benchmarks/spec2006/400.perlbench.bc	400.perlbench.bc	star-risk	Perl_gv_stashpvn	1	0	0	1.014246	176	1
benchmarks/spec2006/400.perlbench.bc	400.perlbench.bc	star-risk	Perl_gv_fetchmethod	1	0	0	1.003651	208	1
benchmarks/spec2006/400.perlbench.bc	400.perlbench.bc	star-risk	Perl_gv_fetchmethod_autoload	1	0	0	1.003017	164	1
benchmarks/spec2006/400.perlbench.bc	400.perlbench.bc	star-risk	Perl_gv_fetchmeth	1	0	0	10.014930	153872	1
benchmarks/spec2006/400.perlbench.bc	400.perlbench.bc	star-risk	Perl_gv_autoload4	1	0	0	1.003132	204	1
benchmarks/spec2006/400.perlbench.bc	400.perlbench.bc	star-risk	Perl_gv_stashsv	1	0	0	1.003148	204	1
benchmarks/spec2006/400.perlbench.bc	400.perlbench.bc	star-risk	Perl_gp_ref	1	0	0	1.003273	104	1
benchmarks/spec2006/400.perlbench.bc	400.perlbench.bc	star-risk	Perl_gv_fetchfile	1	0	0	1.003495	232	1
benchmarks/spec2006/400.perlbench.bc	400.perlbench.bc	star-risk	Perl_gv_fetchmeth_autoload	1	0	0	1.003620	364	1
benchmarks/spec2006/400.perlbench.bc	400.perlbench.bc	star-risk	Perl_gv_stashpv	1	0	0	1.003246	196	1
benchmarks/spec2006/400.perlbench.bc	400.perlbench.bc	star-risk	Perl_gv_fullname4	1	0	0	1.003534	204	1
benchmarks/spec2006/400.perlbench.bc	400.perlbench.bc	star-risk	Perl_gv_fullname3	1	0	0	1.003599	180	1
benchmarks/spec2006/400.perlbench.bc	400.perlbench.bc	star-risk	Perl_gv_efullname4	1	0	0	1.003677	204	1
benchmarks/spec2006/400.perlbench.bc	400.perlbench.bc	star-risk	Perl_gv_efullname3	1	0	0	1.003313	204	1
benchmarks/spec2006/400.perlbench.bc	400.perlbench.bc	star-risk	Perl_gv_fullname	1	0	0	1.003091	12	1
benchmarks/spec2006/400.perlbench.bc	400.perlbench.bc	star-risk	Perl_gv_efullname	1	0	0	1.003080	184	1
benchmarks/spec2006/400.perlbench.bc	400.perlbench.bc	star-risk	Perl_gv_check	1	0	0	1.003119	180	1
benchmarks/spec2006/400.perlbench.bc	400.perlbench.bc	star-risk	Perl_newGVgen	1	0	0	1.003114	208	1
benchmarks/spec2006/400.perlbench.bc	400.perlbench.bc	star-risk	Perl_gp_free	1	0	0	1.002965	236	1
benchmarks/spec2006/400.perlbench.bc	400.perlbench.bc	star-risk	Perl_magic_freeovrld	1	0	0	1.003939	184	1
benchmarks/spec2006/400.perlbench.bc	400.perlbench.bc	star-risk	Perl_Gv_AMupdate	1	0	0	1.003360	208	1
benchmarks/spec2006/400.perlbench.bc	400.perlbench.bc	star-risk	Perl_gv_handler	1	0	0	1.003331	204	1
benchmarks/spec2006/400.perlbench.bc	400.perlbench.bc	star-risk	Perl_amagic_call	1	0	0	1.003005	204	1
benchmarks/spec2006/400.perlbench.bc	400.perlbench.bc	star-risk	Perl_is_gv_magical	1	0	0	1.003053	184	1
benchmarks/spec2006/400.perlbench.bc	400.perlbench.bc	star-risk	Perl_free_tied_hv_pool	1	0	0	1.003345	200	1
benchmarks/spec2006/400.perlbench.bc	400.perlbench.bc	star-risk	S_del_he	1	0	0	1.003488	208	1
benchmarks/spec2006/400.perlbench.bc	400.perlbench.bc	star-risk	Perl_hv_store	1	0	0	1.003203	204	1
benchmarks/spec2006/400.perlbench.bc	400.perlbench.bc	star-risk	S_hv_fetch_common	1	-9	1	185.301883	232688	0
benchmarks/spec2006/400.perlbench.bc	400.perlbench.bc	star-risk	S_new_he	1	0	0	1.003056	188	1
benchmarks/spec2006/400.perlbench.bc	400.perlbench.bc	star-risk	S_hv_magic_check	1	0	0	1.003345	204	1
benchmarks/spec2006/400.perlbench.bc	400.perlbench.bc	star-risk	S_share_hek_flags	1	0	0	1.003134	184	1
benchmarks/spec2006/400.perlbench.bc	400.perlbench.bc	star-risk	Perl_unshare_hek	1	0	0	1.003061	208	1
benchmarks/spec2006/400.perlbench.bc	400.perlbench.bc	star-risk	S_hv_notallowed	1	0	0	1.002992	76	1
benchmarks/spec2006/400.perlbench.bc	400.perlbench.bc	star-risk	S_save_hek_flags	1	0	0	1.003104	204	1
benchmarks/spec2006/400.perlbench.bc	400.perlbench.bc	star-risk	S_hsplit	1	0	0	1.003156	232	1
benchmarks/spec2006/400.perlbench.bc	400.perlbench.bc	star-risk	Perl_hv_clear_placeholders	1	0	0	1.003047	192	1
benchmarks/spec2006/400.perlbench.bc	400.perlbench.bc	star-risk	Perl_hv_free_ent	1	0	0	1.013587	208	1
benchmarks/spec2006/400.perlbench.bc	400.perlbench.bc	star-risk	S_unshare_hek_or_pvn	1	0	0	2.005021	130652	1
benchmarks/spec2006/400.perlbench.bc	400.perlbench.bc	star-risk	S_more_he	1	0	0	1.003193	236	1
benchmarks/spec2006/400.perlbench.bc	400.perlbench.bc	star-risk	Perl_hv_store_flags	1	0	0	1.002989	112	1
benchmarks/spec2006/400.perlbench.bc	400.perlbench.bc	star-risk	Perl_hv_store_ent	1	0	0	1.003259	204	1
benchmarks/spec2006/400.perlbench.bc	400.perlbench.bc	star-risk	Perl_hv_exists	1	0	0	1.003192	204	1
benchmarks/spec2006/400.perlbench.bc	400.perlbench.bc	star-risk	Perl_hv_fetch	1	0	0	1.003369	204	1
benchmarks/spec2006/400.perlbench.bc	400.perlbench.bc	star-risk	Perl_hv_exists_ent	1	0	0	1.003448	184	1
benchmarks/spec2006/400.perlbench.bc	400.perlbench.bc	star-risk	Perl_hv_fetch_ent	1	0	0	1.003311	188	1
benchmarks/spec2006/400.perlbench.bc	400.perlbench.bc	star-risk	Perl_hv_scalar	1	0	0	1.003454	204	1
benchmarks/spec2006/400.perlbench.bc	400.perlbench.bc	star-risk	Perl_hv_delete	1	0	0	1.003257	180	1
benchmarks/spec2006/400.perlbench.bc	400.perlbench.bc	star-risk	S_hv_delete_common	1	0	0	4.007407	139240	1
benchmarks/spec2006/400.perlbench.bc	400.perlbench.bc	star-risk	Perl_hv_delete_ent	1	0	0	1.003364	188	1
benchmarks/spec2006/400.perlbench.bc	400.perlbench.bc	star-risk	Perl_hv_ksplit	1	0	0	1.003095	204	1
benchmarks/spec2006/400.perlbench.bc	400.perlbench.bc	star-risk	Perl_newHV	1	0	0	1.003267	204	1
benchmarks/spec2006/400.perlbench.bc	400.perlbench.bc	star-risk	Perl_hv_iterinit	1	0	0	1.003218	204	1
benchmarks/spec2006/400.perlbench.bc	400.perlbench.bc	star-risk	Perl_newHVhv	1	0	0	1.002994	236	1
benchmarks/spec2006/400.perlbench.bc	400.perlbench.bc	star-risk	Perl_hv_iternext_flags	1	0	0	1.003413	208	1
benchmarks/spec2006/400.perlbench.bc	400.perlbench.bc	star-risk	Perl_hv_delayfree_ent	1	0	0	1.002980	188	1
benchmarks/spec2006/400.perlbench.bc	400.perlbench.bc	star-risk	Perl_hv_clear	1	0	0	1.003170	204	1
benchmarks/spec2006/400.perlbench.bc	400.perlbench.bc	star-risk	Perl_hv_iterkeysv	1	0	0	1.003098	204	1
benchmarks/spec2006/400.perlbench.bc	400.perlbench.bc	star-risk	S_hfreeentries	1	0	0	1.003409	204	1
benchmarks/spec2006/400.perlbench.bc	400.perlbench.bc	star-risk	Perl_hv_undef	1	0	0	1.003149	188	1
benchmarks/spec2006/400.perlbench.bc	400.perlbench.bc	star-risk	Perl_hv_iternext	1	0	0	1.003189	180	1
benchmarks/spec2006/400.perlbench.bc	400.perlbench.bc	star-risk	Perl_hv_iterkey	1	0	0	1.003363	216	1
benchmarks/spec2006/400.perlbench.bc	400.perlbench.bc	star-risk	Perl_hv_iterval	1	0	0	1.003225	208	1
benchmarks/spec2006/400.perlbench.bc	400.perlbench.bc	star-risk	Perl_hv_iternextsv	1	0	0	1.003241	204	1
benchmarks/spec2006/400.perlbench.bc	400.perlbench.bc	star-risk	Perl_hv_magic	1	0	0	1.003663	204	1
benchmarks/spec2006/400.perlbench.bc	400.perlbench.bc	star-risk	Perl_unsharepvn	1	0	0	1.003390	236	1
benchmarks/spec2006/400.perlbench.bc	400.perlbench.bc	star-risk	Perl_share_hek	1	0	0	1.003187	204	1
benchmarks/spec2006/400.perlbench.bc	400.perlbench.bc	star-risk	Perl_set_numeric_radix	1	0	0	1.003236	204	1
benchmarks/spec2006/400.perlbench.bc	400.perlbench.bc	star-risk	Perl_new_numeric	1	0	0	1.014768	1384	1
benchmarks/spec2006/400.perlbench.bc	400.perlbench.bc	star-risk	Perl_set_numeric_standard	1	0	0	1.003075	196	1
benchmarks/spec2006/400.perlbench.bc	400.perlbench.bc	star-risk	Perl_set_numeric_local	1	0	0	1.003340	208	1
benchmarks/spec2006/400.perlbench.bc	400.perlbench.bc	star-risk	Perl_new_ctype	1	0	0	1.003480	184	1
benchmarks/spec2006/400.perlbench.bc	400.perlbench.bc	star-risk	Perl_new_collate	1	0	0	1.003280	184	1
benchmarks/spec2006/400.perlbench.bc	400.perlbench.bc	star-risk	Perl_init_i18nl10n	1	0	0	1.003115	204	1
benchmarks/spec2006/400.perlbench.bc	400.perlbench.bc	star-risk	Perl_init_i18nl14n	1	0	0	1.003276	180	1
benchmarks/spec2006/400.perlbench.bc	400.perlbench.bc	star-risk	Perl_mg_magical	1	0	0	1.003363	184	1
benchmarks/spec2006/400.perlbench.bc	400.perlbench.bc	star-risk	Perl_mg_get	1	0	0	1.003266	184	1
benchmarks/spec2006/400.perlbench.bc	400.perlbench.bc	star-risk	S_save_magic	1	0	0	1.003394	240	1
benchmarks/spec2006/400.perlbench.bc	400.perlbench.bc	star-risk	restore_magic	1	0	0	1.004211	204	1
benchmarks/spec2006/400.perlbench.bc	400.perlbench.bc	star-risk	Perl_mg_set	1	0	0	1.003248	176	1
benchmarks/spec2006/400.perlbench.bc	400.perlbench.bc	star-risk	Perl_mg_length	1	0	0	1.003319	236	1
benchmarks/spec2006/400.perlbench.bc	400.perlbench.bc	star-risk	Perl_mg_size	1	0	0	1.003224	208	1
benchmarks/spec2006/400.perlbench.bc	400.perlbench.bc	star-risk	Perl_mg_clear	1	0	0	1.004071	1400	1
benchmarks/spec2006/400.perlbench.bc	400.perlbench.bc	star-risk	Perl_mg_find	1	0	0	1.003029	184	1
benchmarks/spec2006/400.perlbench.bc	400.perlbench.bc	star-risk	Perl_mg_copy	1	0	0	1.003049	196	1
benchmarks/spec2006/400.perlbench.bc	400.perlbench.bc	star-risk	Perl_mg_free	1	0	0	1.003223	204	1
benchmarks/spec2006/400.perlbench.bc	400.perlbench.bc	star-risk	Perl_magic_regdata_cnt	1	0	0	1.003165	208	1
benchmarks/spec2006/400.perlbench.bc	400.perlbench.bc	star-risk	Perl_magic_regdatum_get	1	0	0	1.003390	208	1
benchmarks/spec2006/400.perlbench.bc	400.perlbench.bc	star-risk	Perl_magic_regdatum_set	1	0	0	1.003378	208	1
benchmarks/spec2006/400.perlbench.bc	400.perlbench.bc	star-risk	Perl_magic_len	1	0	0	1.003061	192	1
benchmarks/spec2006/400.perlbench.bc	400.perlbench.bc	star-risk	Perl_magic_get	1	0	0	1.003416	120	1
benchmarks/spec2006/400.perlbench.bc	400.perlbench.bc	star-risk	Perl_magic_getuvar	1	0	0	1.003443	204	1
benchmarks/spec2006/400.perlbench.bc	400.perlbench.bc	star-risk	Perl_magic_setenv	1	0	0	1.003406	188	1
benchmarks/spec2006/400.perlbench.bc	400.perlbench.bc	star-risk	Perl_magic_clearenv	1	0	0	1.005065	176	1
benchmarks/spec2006/400.perlbench.bc	400.perlbench.bc	star-risk	Perl_magic_set_all_env	1	0	0	1.004354	204	1
benchmarks/spec2006/400.perlbench.bc	400.perlbench.bc	star-risk	Perl_magic_clear_all_env	1	0	0	1.005301	204	1
benchmarks/spec2006/400.perlbench.bc	400.perlbench.bc	star-risk	Perl_magic_getsig	1	0	0	1.014611	204	1
benchmarks/spec2006/400.perlbench.bc	400.perlbench.bc	star-risk	Perl_whichsig	1	0	0	1.004870	204	1
benchmarks/spec2006/400.perlbench.bc	400.perlbench.bc	star-risk	Perl_magic_clearsig	1	0	0	1.003645	240	1
benchmarks/spec2006/400.perlbench.bc	400.perlbench.bc	star-risk	Perl_despatch_signals	1	0	0	1.003305	188	1
benchmarks/spec2006/400.perlbench.bc	400.perlbench.bc	star-risk	Perl_raise_signal	1	0	0	1.005633	928	1
benchmarks/spec2006/400.perlbench.bc	400.perlbench.bc	star-risk	Perl_csighandler	1	0	0	1.005070	236	1
benchmarks/spec2006/400.perlbench.bc	400.perlbench.bc	star-risk	Perl_magic_setsig	1	0	0	1.006192	204	1
benchmarks/spec2006/400.perlbench.bc	400.perlbench.bc	star-risk	Perl_magic_setisa	1	0	0	1.004258	204	1
benchmarks/spec2006/400.perlbench.bc	400.perlbench.bc	star-risk	Perl_magic_setamagic	1	0	0	1.004037	184	1
benchmarks/spec2006/400.perlbench.bc	400.perlbench.bc	star-risk	Perl_magic_getnkeys	1	0	0	1.003709	204	1
benchmarks/spec2006/400.perlbench.bc	400.perlbench.bc	star-risk	Perl_magic_setnkeys	1	0	0	1.004066	204	1
benchmarks/spec2006/400.perlbench.bc	400.perlbench.bc	star-risk	Perl_magic_getpack	1	0	0	1.004532	232	1
benchmarks/spec2006/400.perlbench.bc	400.perlbench.bc	star-risk	S_magic_methpack	1	0	0	1.004888	236	1
benchmarks/spec2006/400.perlbench.bc	400.perlbench.bc	star-risk	S_magic_methcall	1	0	0	1.005116	196	1
benchmarks/spec2006/400.perlbench.bc	400.perlbench.bc	star-risk	Perl_magic_setpack	1	0	0	1.005516	236	1
benchmarks/spec2006/400.perlbench.bc	400.perlbench.bc	star-risk	Perl_magic_clearpack	1	0	0	1.006094	192	1
benchmarks/spec2006/400.perlbench.bc	400.perlbench.bc	star-risk	Perl_magic_sizepack	1	0	0	1.004429	184	1
benchmarks/spec2006/400.perlbench.bc	400.perlbench.bc	star-risk	Perl_magic_wipepack	1	0	0	1.005521	204	1
benchmarks/spec2006/400.perlbench.bc	400.perlbench.bc	star-risk	Perl_magic_nextpack	1	0	0	1.003933	184	1
benchmarks/spec2006/400.perlbench.bc	400.perlbench.bc	star-risk	Perl_magic_existspack	1	0	0	1.009210	232	1
benchmarks/spec2006/400.perlbench.bc	400.perlbench.bc	star-risk	Perl_magic_scalarpack	1	0	0	1.006473	184	1
benchmarks/spec2006/400.perlbench.bc	400.perlbench.bc	star-risk	Perl_magic_setdbline	1	0	0	1.004162	180	1
benchmarks/spec2006/400.perlbench.bc	400.perlbench.bc	star-risk	Perl_magic_getarylen	1	0	0	1.003152	196	1
benchmarks/spec2006/400.perlbench.bc	400.perlbench.bc	star-risk	Perl_magic_setarylen	1	0	0	1.002987	188	1
benchmarks/spec2006/400.perlbench.bc	400.perlbench.bc	star-risk	Perl_magic_getpos	1	0	0	1.003135	164	1
benchmarks/spec2006/400.perlbench.bc	400.perlbench.bc	star-risk	Perl_magic_setpos	1	0	0	1.003223	204	1
benchmarks/spec2006/400.perlbench.bc	400.perlbench.bc	star-risk	Perl_magic_getglob	1	0	0	1.003069	20	1
benchmarks/spec2006/400.perlbench.bc	400.perlbench.bc	star-risk	Perl_magic_setglob	1	0	0	1.003085	184	1
benchmarks/spec2006/400.perlbench.bc	400.perlbench.bc	star-risk	Perl_magic_getsubstr	1	0	0	1.003106	200	1
benchmarks/spec2006/400.perlbench.bc	400.perlbench.bc	star-risk	Perl_magic_setsubstr	1	0	0	1.003227	200	1
benchmarks/spec2006/400.perlbench.bc	400.perlbench.bc	star-risk	Perl_magic_gettaint	1	0	0	1.003152	204	1
benchmarks/spec2006/400.perlbench.bc	400.perlbench.bc	star-risk	Perl_magic_settaint	1	0	0	1.003162	208	1
benchmarks/spec2006/400.perlbench.bc	400.perlbench.bc	star-risk	Perl_magic_getvec	1	0	0	1.003219	208	1
benchmarks/spec2006/400.perlbench.bc	400.perlbench.bc	star-risk	Perl_magic_setvec	1	0	0	1.003407	208	1
benchmarks/spec2006/400.perlbench.bc	400.perlbench.bc	star-risk	Perl_magic_getdefelem	1	0	0	1.003094	240	1
benchmarks/spec2006/400.perlbench.bc	400.perlbench.bc	star-risk	Perl_magic_setdefelem	1	0	0	1.003131	232	1
benchmarks/spec2006/400.perlbench.bc	400.perlbench.bc	star-risk	Perl_vivify_defelem	1	0	0	1.003690	208	1
benchmarks/spec2006/400.perlbench.bc	400.perlbench.bc	star-risk	Perl_magic_killbackrefs	1	0	0	1.003685	204	1
benchmarks/spec2006/400.perlbench.bc	400.perlbench.bc	star-risk	Perl_magic_setmglob	1	0	0	1.003127	196	1
benchmarks/spec2006/400.perlbench.bc	400.perlbench.bc	star-risk	Perl_magic_setbm	1	0	0	1.003166	184	1
benchmarks/spec2006/400.perlbench.bc	400.perlbench.bc	star-risk	Perl_magic_setfm	1	0	0	1.003370	184	1
benchmarks/spec2006/400.perlbench.bc	400.perlbench.bc	star-risk	Perl_magic_setuvar	1	0	0	1.003120	208	1
benchmarks/spec2006/400.perlbench.bc	400.perlbench.bc	star-risk	Perl_magic_setregexp	1	0	0	1.003021	188	1
benchmarks/spec2006/400.perlbench.bc	400.perlbench.bc	star-risk	Perl_magic_freeregexp	1	0	0	1.003819	196	1
benchmarks/spec2006/400.perlbench.bc	400.perlbench.bc	star-risk	Perl_magic_setutf8	1	0	0	1.002909	232	1
benchmarks/spec2006/400.perlbench.bc	400.perlbench.bc	star-risk	Perl_magic_set	1	0	0	1.003124	204	1
benchmarks/spec2006/400.perlbench.bc	400.perlbench.bc	star-risk	Perl_sighandler	1	0	0	1.003102	236	1
benchmarks/spec2006/400.perlbench.bc	400.perlbench.bc	star-risk	unwind_handler_stack	1	0	0	1.003280	204	1
benchmarks/spec2006/400.perlbench.bc	400.perlbench.bc	star-risk	Perl_cast_ulong	1	0	0	1.003213	204	1
benchmarks/spec2006/400.perlbench.bc	400.perlbench.bc	star-risk	Perl_cast_i32	1	0	0	1.003226	208	1
benchmarks/spec2006/400.perlbench.bc	400.perlbench.bc	star-risk	Perl_cast_iv	1	0	0	1.003452	16	1
benchmarks/spec2006/400.perlbench.bc	400.perlbench.bc	star-risk	Perl_cast_uv	1	0	0	1.003174	204	1
benchmarks/spec2006/400.perlbench.bc	400.perlbench.bc	star-risk	Perl_huge	1	0	0	1.003631	204	1
benchmarks/spec2006/400.perlbench.bc	400.perlbench.bc	star-risk	Perl_grok_bin	1	0	0	10.017100	132084	1
benchmarks/spec2006/400.perlbench.bc	400.perlbench.bc	star-risk	Perl_grok_hex	1	0	0	11.018900	134348	1
benchmarks/spec2006/400.perlbench.bc	400.perlbench.bc	star-risk	Perl_grok_oct	1	0	0	16.027363	124528	1
benchmarks/spec2006/400.perlbench.bc	400.perlbench.bc	star-risk	Perl_scan_bin	1	0	0	1.007267	208	1
benchmarks/spec2006/400.perlbench.bc	400.perlbench.bc	star-risk	Perl_scan_oct	1	0	0	1.004637	204	1
benchmarks/spec2006/400.perlbench.bc	400.perlbench.bc	star-risk	Perl_scan_hex	1	0	0	1.004624	184	1
benchmarks/spec2006/400.perlbench.bc	400.perlbench.bc	star-risk	Perl_grok_numeric_radix	1	0	0	1.004440	144	1
benchmarks/spec2006/400.perlbench.bc	400.perlbench.bc	star-risk	Perl_grok_number	1	0	0	4.007918	196344	1
benchmarks/spec2006/400.perlbench.bc	400.perlbench.bc	star-risk	Perl_my_atof	1	0	0	1.002946	208	1
benchmarks/spec2006/400.perlbench.bc	400.perlbench.bc	star-risk	Perl_my_atof2	1	0	0	2.005252	135664	1
benchmarks/spec2006/400.perlbench.bc	400.perlbench.bc	star-risk	S_mulexp10	1	0	0	1.003295	176	1
benchmarks/spec2006/400.perlbench.bc	400.perlbench.bc	star-risk	Perl_allocmy	1	0	0	1.005999	208	1
benchmarks/spec2006/400.perlbench.bc	400.perlbench.bc	star-risk	Perl_op_free	1	0	0	1.003895	204	1
benchmarks/spec2006/400.perlbench.bc	400.perlbench.bc	star-risk	S_cop_free	1	0	0	1.004742	204	1
benchmarks/spec2006/400.perlbench.bc	400.perlbench.bc	star-risk	Perl_op_clear	1	0	0	1.005149	208	1
benchmarks/spec2006/400.perlbench.bc	400.perlbench.bc	star-risk	Perl_ck_ftst	1	0	0	1.015792	196	1
benchmarks/spec2006/400.perlbench.bc	400.perlbench.bc	star-risk	Perl_newGVOP	1	0	0	1.003702	180	1
benchmarks/spec2006/400.perlbench.bc	400.perlbench.bc	star-risk	S_newDEFSVOP	1	0	0	1.005036	208	1
benchmarks/spec2006/400.perlbench.bc	400.perlbench.bc	star-risk	Perl_newUNOP	1	0	0	1.003558	196	1
benchmarks/spec2006/400.perlbench.bc	400.perlbench.bc	star-risk	Perl_newOP	1	0	0	1.003155	204	1
benchmarks/spec2006/400.perlbench.bc	400.perlbench.bc	star-risk	Perl_force_list	1	0	0	1.005990	204	1
benchmarks/spec2006/400.perlbench.bc	400.perlbench.bc	star-risk	Perl_fold_constants	1	0	0	1.003670	204	1
benchmarks/spec2006/400.perlbench.bc	400.perlbench.bc	star-risk	Perl_scalar	1	0	0	1.004833	64	1
benchmarks/spec2006/400.perlbench.bc	400.perlbench.bc	star-risk	Perl_linklist	1	0	0	1.004470	204	1
benchmarks/spec2006/400.perlbench.bc	400.perlbench.bc	star-risk	Perl_newSVOP	1	0	0	1.006187	204	1
benchmarks/spec2006/400.perlbench.bc	400.perlbench.bc	star-risk	Perl_scalarvoid	1	0	0	1.004573	180	1
benchmarks/spec2006/400.perlbench.bc	400.perlbench.bc	star-risk	Perl_custom_op_desc	1	0	0	1.004426	232	1
benchmarks/spec2006/400.perlbench.bc	400.perlbench.bc	star-risk	S_no_bareword_allowed	1	0	0	1.004917	188	1
benchmarks/spec2006/400.perlbench.bc	400.perlbench.bc	star-risk	Perl_op_null	1	0	0	1.003247	204	1
benchmarks/spec2006/400.perlbench.bc	400.perlbench.bc	star-risk	Perl_scalarkids	1	0	0	1.004762	208	1
benchmarks/spec2006/400.perlbench.bc	400.perlbench.bc	star-risk	Perl_newLISTOP	1	0	0	1.005675	204	1
benchmarks/spec2006/400.perlbench.bc	400.perlbench.bc	star-risk	Perl_newSVREF	1	0	0	1.004890	236	1
benchmarks/spec2006/400.perlbench.bc	400.perlbench.bc	star-risk	Perl_op_refcnt_lock	1	0	0	1.005487	192	1
benchmarks/spec2006/400.perlbench.bc	400.perlbench.bc	star-risk	Perl_op_refcnt_unlock	1	0	0	1.004944	204	1
benchmarks/spec2006/400.perlbench.bc	400.perlbench.bc	star-risk	Perl_listkids	1	0	0	1.004301	204	1
benchmarks/spec2006/400.perlbench.bc	400.perlbench.bc	star-risk	Perl_list	1	0	0	1.004380	192	1
benchmarks/spec2006/400.perlbench.bc	400.perlbench.bc	star-risk	Perl_gen_constant_list	1	0	0	1.005373	204	1
benchmarks/spec2006/400.perlbench.bc	400.perlbench.bc	star-risk	Perl_scalarseq	1	0	0	1.004165	192	1
benchmarks/spec2006/400.perlbench.bc	400.perlbench.bc	star-risk	Perl_mod	1	0	0	1.004656	196	1
benchmarks/spec2006/400.perlbench.bc	400.perlbench.bc	star-risk	S_scalar_mod_type	1	0	0	1.004949	180	1
benchmarks/spec2006/400.perlbench.bc	400.perlbench.bc	star-risk	Perl_ref	1	0	0	1.005225	200	1
benchmarks/spec2006/400.perlbench.bc	400.perlbench.bc	star-risk	Perl_refkids	1	0	0	1.004681	76	1
benchmarks/spec2006/400.perlbench.bc	400.perlbench.bc	star-risk	Perl_apply_attrs_string	1	0	0	1.005829	204	1
benchmarks/spec2006/400.perlbench.bc	400.perlbench.bc	star-risk	Perl_append_elem	1	0	0	1.004240	232	1
benchmarks/spec2006/400.perlbench.bc	400.perlbench.bc	star-risk	Perl_prepend_elem	1	0	0	1.005485	208	1
benchmarks/spec2006/400.perlbench.bc	400.perlbench.bc	star-risk	Perl_load_module	1	0	0	1.004917	208	1
benchmarks/spec2006/400.perlbench.bc	400.perlbench.bc	star-risk	Perl_vload_module	1	0	0	1.004377	184	1
benchmarks/spec2006/400.perlbench.bc	400.perlbench.bc	star-risk	Perl_newNULLLIST	1	0	0	1.014572	204	1
benchmarks/spec2006/400.perlbench.bc	400.perlbench.bc	star-risk	Perl_sawparens	1	0	0	1.005100	204	1
benchmarks/spec2006/400.perlbench.bc	400.perlbench.bc	star-risk	Perl_utilize	1	0	0	1.004232	176	1
benchmarks/spec2006/400.perlbench.bc	400.perlbench.bc	star-risk	Perl_convert	1	0	0	1.003505	204	1
benchmarks/spec2006/400.perlbench.bc	400.perlbench.bc	star-risk	Perl_newSTATEOP	1	0	0	1.016917	208	1
benchmarks/spec2006/400.perlbench.bc	400.perlbench.bc	star-risk	Perl_newATTRSUB	1	0	0	8.014263	118684	1
benchmarks/spec2006/400.perlbench.bc	400.perlbench.bc	star-risk	Perl_cv_ckproto	1	0	0	1.004606	196	1
benchmarks/spec2006/400.perlbench.bc	400.perlbench.bc	star-risk	Perl_op_const_sv	1	0	0	1.003956	200	1
benchmarks/spec2006/400.perlbench.bc	400.perlbench.bc	star-risk	Perl_cv_const_sv	1	0	0	1.004324	204	1
benchmarks/spec2006/400.perlbench.bc	400.perlbench.bc	star-risk	const_sv_xsub	1	0	0	1.004840	224	1
benchmarks/spec2006/400.perlbench.bc	400.perlbench.bc	star-risk	Perl_newCONSTSUB	1	0	0	1.004449	204	1
benchmarks/spec2006/400.perlbench.bc	400.perlbench.bc	star-risk	S_apply_attrs	1	0	0	1.004543	232	1
benchmarks/spec2006/400.perlbench.bc	400.perlbench.bc	star-risk	Perl_cv_undef	1	0	0	1.015169	204	1
benchmarks/spec2006/400.perlbench.bc	400.perlbench.bc	star-risk	S_dup_attrlist	1	0	0	1.004553	196	1
benchmarks/spec2006/400.perlbench.bc	400.perlbench.bc	star-risk	Perl_newXS	1	0	0	1.005215	208	1
benchmarks/spec2006/400.perlbench.bc	400.perlbench.bc	star-risk	Perl_my_attrs	1	0	0	1.004919	208	1
benchmarks/spec2006/400.perlbench.bc	400.perlbench.bc	star-risk	S_my_kid	1	0	0	1.003281	180	1
benchmarks/spec2006/400.perlbench.bc	400.perlbench.bc	star-risk	Perl_append_list	1	0	0	1.004649	180	1
benchmarks/spec2006/400.perlbench.bc	400.perlbench.bc	star-risk	S_apply_attrs_my	1	0	0	1.005063	208	1
benchmarks/spec2006/400.perlbench.bc	400.perlbench.bc	star-risk	Perl_my	1	0	0	1.005259	224	1
benchmarks/spec2006/400.perlbench.bc	400.perlbench.bc	star-risk	Perl_bind_match	1	0	0	1.005185	204	1
benchmarks/spec2006/400.perlbench.bc	400.perlbench.bc	star-risk	Perl_newBINOP	1	0	0	1.006018	200	1
benchmarks/spec2006/400.perlbench.bc	400.perlbench.bc	star-risk	Perl_newPMOP	1	0	0	1.004365	196	1
benchmarks/spec2006/400.perlbench.bc	400.perlbench.bc	star-risk	Perl_pmruntime	1	0	0	5.010052	175076	1
benchmarks/spec2006/400.perlbench.bc	400.perlbench.bc	star-risk	Perl_pmtrans	1	0	0	1.005204	204	1
benchmarks/spec2006/400.perlbench.bc	400.perlbench.bc	star-risk	uvcompare	1	0	0	1.005323	208	1
benchmarks/spec2006/400.perlbench.bc	400.perlbench.bc	star-risk	Perl_invert	1	0	0	1.005377	208	1
benchmarks/spec2006/400.perlbench.bc	400.perlbench.bc	star-risk	Perl_scope	1	0	0	1.004341	188	1
benchmarks/spec2006/400.perlbench.bc	400.perlbench.bc	star-risk	Perl_save_hints	1	0	0	1.004419	232	1
benchmarks/spec2006/400.perlbench.bc	400.perlbench.bc	star-risk	Perl_block_start	1	0	0	1.003769	204	1
benchmarks/spec2006/400.perlbench.bc	400.perlbench.bc	star-risk	Perl_block_end	1	0	0	1.005640	232	1
benchmarks/spec2006/400.perlbench.bc	400.perlbench.bc	star-risk	Perl_newPROG	1	0	0	1.015004	15360	1
benchmarks/spec2006/400.perlbench.bc	400.perlbench.bc	star-risk	Perl_localize	1	0	0	1.015637	204	1
benchmarks/spec2006/400.perlbench.bc	400.perlbench.bc	star-risk	Perl_jmaybe	1	0	0	1.005632	208	1
benchmarks/spec2006/400.perlbench.bc	400.perlbench.bc	star-risk	Perl_newPADOP	1	0	0	1.004098	208	1
benchmarks/spec2006/400.perlbench.bc	400.perlbench.bc	star-risk	Perl_newPVOP	1	0	0	1.003709	192	1
benchmarks/spec2006/400.perlbench.bc	400.perlbench.bc	star-risk	Perl_package	1	0	0	1.004151	196	1
benchmarks/spec2006/400.perlbench.bc	400.perlbench.bc	star-risk	Perl_dofile	1	0	0	1.005102	204	1
benchmarks/spec2006/400.perlbench.bc	400.perlbench.bc	star-risk	Perl_ck_subr	1	0	0	8.016613	195136	1
benchmarks/spec2006/400.perlbench.bc	400.perlbench.bc	star-risk	S_gv_ename	1	0	0	1.004566	208	1
benchmarks/spec2006/400.perlbench.bc	400.perlbench.bc	star-risk	S_too_many_arguments	1	0	0	1.004199	208	1
benchmarks/spec2006/400.perlbench.bc	400.perlbench.bc	star-risk	S_bad_type	1	0	0	1.004299	208	1
benchmarks/spec2006/400.perlbench.bc	400.perlbench.bc	star-risk	S_too_few_arguments	1	0	0	1.005134	328	1
benchmarks/spec2006/400.perlbench.bc	400.perlbench.bc	star-risk	Perl_newSLICEOP	1	0	0	1.005584	236	1
benchmarks/spec2006/400.perlbench.bc	400.perlbench.bc	star-risk	Perl_newASSIGNOP	1	0	0	3.010000	159680	1
benchmarks/spec2006/400.perlbench.bc	400.perlbench.bc	star-risk	Perl_newLOGOP	1	0	0	1.004444	184	1
benchmarks/spec2006/400.perlbench.bc	400.perlbench.bc	star-risk	S_list_assignment	1	0	0	1.004720	208	1
benchmarks/spec2006/400.perlbench.bc	400.perlbench.bc	star-risk	S_new_logop	1	0	0	1.005347	204	1
benchmarks/spec2006/400.perlbench.bc	400.perlbench.bc	star-risk	S_scalarboolean	1	0	0	1.004058	236	1
benchmarks/spec2006/400.perlbench.bc	400.perlbench.bc	star-risk	Perl_newCONDOP	1	0	0	1.007128	176	1
benchmarks/spec2006/400.perlbench.bc	400.perlbench.bc	star-risk	Perl_newRANGE	1	0	0	1.005871	196	1
benchmarks/spec2006/400.perlbench.bc	400.perlbench.bc	star-risk	Perl_newLOOPOP	1	0	0	1.006389	204	1
benchmarks/spec2006/400.perlbench.bc	400.perlbench.bc	star-risk	Perl_newWHILEOP	1	0	0	1.006238	192	1
benchmarks/spec2006/400.perlbench.bc	400.perlbench.bc	star-risk	Perl_newFOROP	1	0	0	1.006158	180	1
benchmarks/spec2006/400.perlbench.bc	400.perlbench.bc	star-risk	Perl_newLOOPEX	1	0	0	1.005639	208	1
benchmarks/spec2006/400.perlbench.bc	400.perlbench.bc	star-risk	Perl_newMYSUB	1	0	0	1.005639	184	1
benchmarks/spec2006/400.perlbench.bc	400.perlbench.bc	star-risk	Perl_newSUB	1	0	0	1.003170	208	1
benchmarks/spec2006/400.perlbench.bc	400.perlbench.bc	star-risk	Perl_newFORM	1	0	0	1.005450	204	1
benchmarks/spec2006/400.perlbench.bc	400.perlbench.bc	star-risk	Perl_newANONLIST	1	0	0	1.003782	204	1
benchmarks/spec2006/400.perlbench.bc	400.perlbench.bc	star-risk	Perl_newANONHASH	1	0	0	1.003886	192	1
benchmarks/spec2006/400.perlbench.bc	400.perlbench.bc	star-risk	Perl_newANONSUB	1	0	0	1.003369	208	1
benchmarks/spec2006/400.perlbench.bc	400.perlbench.bc	star-risk	Perl_newANONATTRSUB	1	0	0	1.005332	180	1
benchmarks/spec2006/400.perlbench.bc	400.perlbench.bc	star-risk	Perl_oopsAV	1	0	0	1.003630	192	1
benchmarks/spec2006/400.perlbench.bc	400.perlbench.bc	star-risk	Perl_oopsHV	1	0	0	1.003090	208	1
benchmarks/spec2006/400.perlbench.bc	400.perlbench.bc	star-risk	Perl_newAVREF	1	0	0	1.004727	200	1
benchmarks/spec2006/400.perlbench.bc	400.perlbench.bc	star-risk	Perl_newGVREF	1	0	0	1.005035	184	1
benchmarks/spec2006/400.perlbench.bc	400.perlbench.bc	star-risk	Perl_newHVREF	1	0	0	1.003802	232	1
benchmarks/spec2006/400.perlbench.bc	400.perlbench.bc	star-risk	Perl_oopsCV	1	0	0	1.003950	240	1
benchmarks/spec2006/400.perlbench.bc	400.perlbench.bc	star-risk	Perl_newCVREF	1	0	0	1.014193	236	1
benchmarks/spec2006/400.perlbench.bc	400.perlbench.bc	star-risk	Perl_ck_anoncode	1	0	0	1.003933	204	1
benchmarks/spec2006/400.perlbench.bc	400.perlbench.bc	star-risk	Perl_ck_bitop	1	0	0	2.005252	118660	1
benchmarks/spec2006/400.perlbench.bc	400.perlbench.bc	star-risk	Perl_ck_concat	1	0	0	1.005283	180	1
benchmarks/spec2006/400.perlbench.bc	400.perlbench.bc	star-risk	Perl_ck_spair	1	0	0	1.003328	208	1
benchmarks/spec2006/400.perlbench.bc	400.perlbench.bc	star-risk	Perl_ck_fun	1	0	0	12.021405	292040	1
benchmarks/spec2006/400.perlbench.bc	400.perlbench.bc	star-risk	S_modkids	1	0	0	1.005536	196	1
benchmarks/spec2006/400.perlbench.bc	400.perlbench.bc	star-risk	S_no_fh_allowed	1	0	0	1.004045	124	1
benchmarks/spec2006/400.perlbench.bc	400.perlbench.bc	star-risk	S_is_handle_constructor	1	0	0	1.004134	188	1
benchmarks/spec2006/400.perlbench.bc	400.perlbench.bc	star-risk	Perl_ck_delete	1	0	0	1.004234	208	1
benchmarks/spec2006/400.perlbench.bc	400.perlbench.bc	star-risk	Perl_ck_die	1	0	0	1.003981	208	1
benchmarks/spec2006/400.perlbench.bc	400.perlbench.bc	star-risk	Perl_ck_eof	1	0	0	1.003762	204	1
benchmarks/spec2006/400.perlbench.bc	400.perlbench.bc	star-risk	Perl_ck_eval	1	0	0	1.003446	204	1
benchmarks/spec2006/400.perlbench.bc	400.perlbench.bc	star-risk	Perl_ck_exit	1	0	0	1.003814	196	1
benchmarks/spec2006/400.perlbench.bc	400.perlbench.bc	star-risk	Perl_ck_exec	1	0	0	1.003848	204	1
benchmarks/spec2006/400.perlbench.bc	400.perlbench.bc	star-risk	Perl_ck_exists	1	0	0	1.003968	192	1
benchmarks/spec2006/400.perlbench.bc	400.perlbench.bc	star-risk	Perl_ck_rvconst	1	0	0	1.004155	200	1
benchmarks/spec2006/400.perlbench.bc	400.perlbench.bc	star-risk	Perl_ck_glob	1	0	0	1.003164	224	1
benchmarks/spec2006/400.perlbench.bc	400.perlbench.bc	star-risk	Perl_ck_grep	1	0	0	1.003874	196	1
benchmarks/spec2006/400.perlbench.bc	400.perlbench.bc	star-risk	Perl_ck_sort	1	0	0	1.004239	204	1
benchmarks/spec2006/400.perlbench.bc	400.perlbench.bc	star-risk	S_simplify_sort	1	0	0	1.004037	196	1
benchmarks/spec2006/400.perlbench.bc	400.perlbench.bc	star-risk	Perl_ck_index	1	0	0	1.004318	188	1
benchmarks/spec2006/400.perlbench.bc	400.perlbench.bc	star-risk	Perl_ck_lengthconst	1	0	0	1.002996	152	1
benchmarks/spec2006/400.perlbench.bc	400.perlbench.bc	star-risk	Perl_ck_lfun	1	0	0	1.003161	80	1
benchmarks/spec2006/400.perlbench.bc	400.perlbench.bc	star-risk	Perl_ck_defined	1	0	0	1.004398	196	1
benchmarks/spec2006/400.perlbench.bc	400.perlbench.bc	star-risk	Perl_ck_rfun	1	0	0	1.004903	204	1
benchmarks/spec2006/400.perlbench.bc	400.perlbench.bc	star-risk	Perl_ck_listiob	1	0	0	1.004792	192	1
benchmarks/spec2006/400.perlbench.bc	400.perlbench.bc	star-risk	Perl_ck_sassign	1	0	0	1.003215	236	1
benchmarks/spec2006/400.perlbench.bc	400.perlbench.bc	star-risk	Perl_ck_match	1	0	0	1.003413	196	1
benchmarks/spec2006/400.perlbench.bc	400.perlbench.bc	star-risk	Perl_ck_method	1	0	0	1.004365	180	1
benchmarks/spec2006/400.perlbench.bc	400.perlbench.bc	star-risk	Perl_ck_null	1	0	0	1.004974	240	1
benchmarks/spec2006/400.perlbench.bc	400.perlbench.bc	star-risk	Perl_ck_open	1	0	0	1.003812	204	1
benchmarks/spec2006/400.perlbench.bc	400.perlbench.bc	star-risk	Perl_ck_repeat	1	0	0	1.005087	208	1
benchmarks/spec2006/400.perlbench.bc	400.perlbench.bc	star-risk	Perl_ck_require	1	0	0	1.005775	176	1
benchmarks/spec2006/400.perlbench.bc	400.perlbench.bc	star-risk	Perl_ck_return	1	0	0	1.004511	192	1
benchmarks/spec2006/400.perlbench.bc	400.perlbench.bc	star-risk	Perl_ck_select	1	0	0	1.005553	192	1
benchmarks/spec2006/400.perlbench.bc	400.perlbench.bc	star-risk	Perl_ck_shift	1	0	0	1.004712	192	1
benchmarks/spec2006/400.perlbench.bc	400.perlbench.bc	star-risk	Perl_ck_split	1	0	0	1.005616	204	1
benchmarks/spec2006/400.perlbench.bc	400.perlbench.bc	star-risk	Perl_ck_join	1	0	0	1.005045	236	1
benchmarks/spec2006/400.perlbench.bc	400.perlbench.bc	star-risk	Perl_ck_svconst	1	0	0	1.003017	192	1
benchmarks/spec2006/400.perlbench.bc	400.perlbench.bc	star-risk	Perl_ck_trunc	1	0	0	1.004501	204	1
benchmarks/spec2006/400.perlbench.bc	400.perlbench.bc	star-risk	Perl_ck_substr	1	0	0	1.004732	140	1
benchmarks/spec2006/400.perlbench.bc	400.perlbench.bc	star-risk	Perl_peep	1	0	0	32.064636	796288	1
benchmarks/spec2006/400.perlbench.bc	400.perlbench.bc	star-risk	Perl_custom_op_name	1	0	0	1.004853	184	1
benchmarks/spec2006/400.perlbench.bc	400.perlbench.bc	star-risk	Perl_pad_new	1	0	0	1.004870	208	1
benchmarks/spec2006/400.perlbench.bc	400.perlbench.bc	star-risk	Perl_pad_undef	1	0	0	1.005389	180	1
benchmarks/spec2006/400.perlbench.bc	400.perlbench.bc	star-risk	Perl_pad_add_name	1	0	0	1.004064	180	1
benchmarks/spec2006/400.perlbench.bc	400.perlbench.bc	star-risk	Perl_pad_alloc	1	0	0	1.004832	176	1
benchmarks/spec2006/400.perlbench.bc	400.perlbench.bc	star-risk	Perl_pad_reset	1	0	0	1.003719	184	1
benchmarks/spec2006/400.perlbench.bc	400.perlbench.bc	star-risk	Perl_pad_add_anon	1	0	0	1.004285	184	1
benchmarks/spec2006/400.perlbench.bc	400.perlbench.bc	star-risk	Perl_pad_check_dup	1	0	0	1.005779	196	1
benchmarks/spec2006/400.perlbench.bc	400.perlbench.bc	star-risk	Perl_pad_findmy	1	0	0	1.005000	228	1
benchmarks/spec2006/400.perlbench.bc	400.perlbench.bc	star-risk	S_pad_findlex	1	0	0	2.017843	145452	1
benchmarks/spec2006/400.perlbench.bc	400.perlbench.bc	star-risk	Perl_pad_sv	1	0	0	1.004122	208	1
benchmarks/spec2006/400.perlbench.bc	400.perlbench.bc	star-risk	Perl_pad_block_start	1	0	0	1.004379	232	1
benchmarks/spec2006/400.perlbench.bc	400.perlbench.bc	star-risk	Perl_intro_my	1	0	0	1.005345	180	1
benchmarks/spec2006/400.perlbench.bc	400.perlbench.bc	star-risk	Perl_pad_leavemy	1	0	0	1.004405	200	1
benchmarks/spec2006/400.perlbench.bc	400.perlbench.bc	star-risk	Perl_pad_swipe	1	0	0	1.005036	192	1
benchmarks/spec2006/400.perlbench.bc	400.perlbench.bc	star-risk	Perl_pad_tidy	1	0	0	1.003914	236	1
benchmarks/spec2006/400.perlbench.bc	400.perlbench.bc	star-risk	Perl_pad_free	1	0	0	1.015229	188	1
benchmarks/spec2006/400.perlbench.bc	400.perlbench.bc	star-risk	Perl_do_dump_pad	1	0	0	1.006060	204	1
benchmarks/spec2006/400.perlbench.bc	400.perlbench.bc	star-risk	Perl_cv_clone	1	0	0	1.004662	176	1
benchmarks/spec2006/400.perlbench.bc	400.perlbench.bc	star-risk	S_cv_clone2	1	0	0	1.002855	204	1
benchmarks/spec2006/400.perlbench.bc	400.perlbench.bc	star-risk	Perl_pad_fixup_inner_anons	1	0	0	1.003640	208	1
benchmarks/spec2006/400.perlbench.bc	400.perlbench.bc	star-risk	Perl_pad_push	1	0	0	1.004010	200	1
benchmarks/spec2006/400.perlbench.bc	400.perlbench.bc	star-risk	perl_alloc	1	0	0	1.004056	204	1
benchmarks/spec2006/400.perlbench.bc	400.perlbench.bc	star-risk	perl_construct	1	0	0	1.006621	188	1
benchmarks/spec2006/400.perlbench.bc	400.perlbench.bc	star-risk	S_init_interp	1	0	0	1.003397	144	1
benchmarks/spec2006/400.perlbench.bc	400.perlbench.bc	star-risk	Perl_init_stacks	1	0	0	1.003236	196	1
benchmarks/spec2006/400.perlbench.bc	400.perlbench.bc	star-risk	S_init_ids	1	0	0	1.003708	236	1
benchmarks/spec2006/400.perlbench.bc	400.perlbench.bc	star-risk	Perl_nothreadhook	1	0	0	1.006371	16	1
benchmarks/spec2006/400.perlbench.bc	400.perlbench.bc	star-risk	perl_destruct	1	0	0	1.004646	236	1
benchmarks/spec2006/400.perlbench.bc	400.perlbench.bc	star-risk	Perl_call_list	1	0	0	1.005113	200	1
benchmarks/spec2006/400.perlbench.bc	400.perlbench.bc	star-risk	S_nuke_stacks	1	0	0	1.003954	188	1
benchmarks/spec2006/400.perlbench.bc	400.perlbench.bc	star-risk	S_call_list_body	1	0	0	1.003758	184	1
benchmarks/spec2006/400.perlbench.bc	400.perlbench.bc	star-risk	S_my_exit_jump	1	0	0	1.004565	184	1
benchmarks/spec2006/400.perlbench.bc	400.perlbench.bc	star-risk	Perl_my_exit	1	0	0	1.004004	80	1
benchmarks/spec2006/400.perlbench.bc	400.perlbench.bc	star-risk	Perl_call_sv	1	0	0	1.004789	200	1
benchmarks/spec2006/400.perlbench.bc	400.perlbench.bc	star-risk	S_call_body	1	0	0	1.003349	196	1
benchmarks/spec2006/400.perlbench.bc	400.perlbench.bc	star-risk	perl_free	1	0	0	1.014557	196	1
benchmarks/spec2006/400.perlbench.bc	400.perlbench.bc	star-risk	Perl_call_atexit	1	0	0	1.004196	208	1
benchmarks/spec2006/400.perlbench.bc	400.perlbench.bc	star-risk	perl_parse	1	0	0	2.017642	150572	1
benchmarks/spec2006/400.perlbench.bc	400.perlbench.bc	star-risk	S_init_postdump_symbols	1	0	0	1.005200	204	1
benchmarks/spec2006/400.perlbench.bc	400.perlbench.bc	star-risk	S_parse_body	1	-9	1	185.305266	211260	0
benchmarks/spec2006/400.perlbench.bc	400.perlbench.bc	star-risk	S_init_main_stash	1	0	0	1.005882	188	1
benchmarks/spec2006/400.perlbench.bc	400.perlbench.bc	star-risk	Perl_moreswitches	1	0	0	1.005570	8	1
benchmarks/spec2006/400.perlbench.bc	400.perlbench.bc	star-risk	S_forbid_setid	1	0	0	1.003069	176	1
benchmarks/spec2006/400.perlbench.bc	400.perlbench.bc	star-risk	read_e_script	1	0	0	1.005524	208	1
benchmarks/spec2006/400.perlbench.bc	400.perlbench.bc	star-risk	S_incpush	1	0	0	1.005518	208	1
benchmarks/spec2006/400.perlbench.bc	400.perlbench.bc	star-risk	S_init_perllib	1	0	0	1.004422	236	1
benchmarks/spec2006/400.perlbench.bc	400.perlbench.bc	star-risk	S_open_script	1	0	0	1.005392	204	1
benchmarks/spec2006/400.perlbench.bc	400.perlbench.bc	star-risk	S_validate_suid	1	0	0	1.015749	204	1
benchmarks/spec2006/400.perlbench.bc	400.perlbench.bc	star-risk	S_find_beginning	1	0	0	1.004485	188	1
benchmarks/spec2006/400.perlbench.bc	400.perlbench.bc	star-risk	S_init_predump_symbols	1	0	0	1.005470	208	1
benchmarks/spec2006/400.perlbench.bc	400.perlbench.bc	star-risk	S_init_lexer	1	0	0	1.004457	20	1
benchmarks/spec2006/400.perlbench.bc	400.perlbench.bc	star-risk	Perl_my_unexec	1	0	0	1.003196	208	1
benchmarks/spec2006/400.perlbench.bc	400.perlbench.bc	star-risk	Perl_get_sv	1	0	0	1.014496	204	1
benchmarks/spec2006/400.perlbench.bc	400.perlbench.bc	star-risk	S_incpush_if_exists	1	0	0	1.004152	196	1
benchmarks/spec2006/400.perlbench.bc	400.perlbench.bc	star-risk	Perl_init_debugger	1	0	0	1.003801	204	1
benchmarks/spec2006/400.perlbench.bc	400.perlbench.bc	star-risk	S_usage	1	0	0	1.004494	180	1
benchmarks/spec2006/400.perlbench.bc	400.perlbench.bc	star-risk	Perl_init_argv_symbols	1	0	0	1.003610	176	1
benchmarks/spec2006/400.perlbench.bc	400.perlbench.bc	star-risk	Perl_magicname	1	0	0	1.004809	112	1
benchmarks/spec2006/400.perlbench.bc	400.perlbench.bc	star-risk	S_set_caret_X	1	0	0	1.004734	192	1
benchmarks/spec2006/400.perlbench.bc	400.perlbench.bc	star-risk	Perl_get_av	1	0	0	1.014856	204	1
benchmarks/spec2006/400.perlbench.bc	400.perlbench.bc	star-risk	perl_run	1	0	0	1.004114	180	1
benchmarks/spec2006/400.perlbench.bc	400.perlbench.bc	star-risk	S_run_body	1	0	0	1.004925	208	1
benchmarks/spec2006/400.perlbench.bc	400.perlbench.bc	star-risk	Perl_get_hv	1	0	0	1.004588	204	1
benchmarks/spec2006/400.perlbench.bc	400.perlbench.bc	star-risk	Perl_get_cv	1	0	0	1.005658	208	1
benchmarks/spec2006/400.perlbench.bc	400.perlbench.bc	star-risk	Perl_call_argv	1	0	0	1.004371	196	1
benchmarks/spec2006/400.perlbench.bc	400.perlbench.bc	star-risk	Perl_call_pv	1	0	0	1.004666	196	1
benchmarks/spec2006/400.perlbench.bc	400.perlbench.bc	star-risk	Perl_call_method	1	0	0	1.004962	164	1
benchmarks/spec2006/400.perlbench.bc	400.perlbench.bc	star-risk	Perl_eval_sv	1	0	0	1.004123	192	1
benchmarks/spec2006/400.perlbench.bc	400.perlbench.bc	star-risk	Perl_eval_pv	1	0	0	1.004980	192	1
benchmarks/spec2006/400.perlbench.bc	400.perlbench.bc	star-risk	Perl_require_pv	1	0	0	1.005249	208	1
benchmarks/spec2006/400.perlbench.bc	400.perlbench.bc	star-risk	Perl_doing_taint	1	0	0	1.004516	188	1
benchmarks/spec2006/400.perlbench.bc	400.perlbench.bc	star-risk	Perl_my_failure_exit	1	0	0	1.004011	184	1
benchmarks/spec2006/400.perlbench.bc	400.perlbench.bc	star-risk	PerlIOBuf_pushed	1	0	0	1.004319	204	1
benchmarks/spec2006/400.perlbench.bc	400.perlbench.bc	star-risk	PerlIOBuf_popped	1	0	0	1.004188	204	1
benchmarks/spec2006/400.perlbench.bc	400.perlbench.bc	star-risk	PerlIOBuf_open	1	0	0	1.004456	184	1
benchmarks/spec2006/400.perlbench.bc	400.perlbench.bc	star-risk	PerlIOBase_binmode	1	0	0	1.005285	160	1
benchmarks/spec2006/400.perlbench.bc	400.perlbench.bc	star-risk	PerlIOBase_fileno	1	0	0	1.003884	236	1
benchmarks/spec2006/400.perlbench.bc	400.perlbench.bc	star-risk	PerlIOBuf_dup	1	0	0	1.004913	236	1
benchmarks/spec2006/400.perlbench.bc	400.perlbench.bc	star-risk	PerlIOBuf_read	1	0	0	1.004651	232	1
benchmarks/spec2006/400.perlbench.bc	400.perlbench.bc	star-risk	PerlIOBuf_unread	1	0	0	1.006508	208	1
benchmarks/spec2006/400.perlbench.bc	400.perlbench.bc	star-risk	PerlIOBuf_write	1	0	0	1.004238	192	1
benchmarks/spec2006/400.perlbench.bc	400.perlbench.bc	star-risk	PerlIOBuf_seek	1	0	0	1.004652	204	1
benchmarks/spec2006/400.perlbench.bc	400.perlbench.bc	star-risk	PerlIOBuf_tell	1	0	0	1.005550	188	1
benchmarks/spec2006/400.perlbench.bc	400.perlbench.bc	star-risk	PerlIOBuf_close	1	0	0	1.005801	4	1
benchmarks/spec2006/400.perlbench.bc	400.perlbench.bc	star-risk	PerlIOBuf_flush	1	0	0	1.005688	196	1
benchmarks/spec2006/400.perlbench.bc	400.perlbench.bc	star-risk	PerlIOBuf_fill	1	0	0	1.004584	208	1
benchmarks/spec2006/400.perlbench.bc	400.perlbench.bc	star-risk	PerlIOBase_eof	1	0	0	1.004258	236	1
benchmarks/spec2006/400.perlbench.bc	400.perlbench.bc	star-risk	PerlIOBase_error	1	0	0	1.003952	192	1
benchmarks/spec2006/400.perlbench.bc	400.perlbench.bc	star-risk	PerlIOBase_clearerr	1	0	0	1.004433	76	1
benchmarks/spec2006/400.perlbench.bc	400.perlbench.bc	star-risk	PerlIOBase_setlinebuf	1	0	0	1.004347	204	1
benchmarks/spec2006/400.perlbench.bc	400.perlbench.bc	star-risk	PerlIOBuf_get_base	1	0	0	1.004465	192	1
benchmarks/spec2006/400.perlbench.bc	400.perlbench.bc	star-risk	PerlIOBuf_bufsiz	1	0	0	1.004429	208	1
benchmarks/spec2006/400.perlbench.bc	400.perlbench.bc	star-risk	PerlIOBuf_get_ptr	1	0	0	1.006359	240	1
benchmarks/spec2006/400.perlbench.bc	400.perlbench.bc	star-risk	PerlIOBuf_get_cnt	1	0	0	1.005468	180	1
benchmarks/spec2006/400.perlbench.bc	400.perlbench.bc	star-risk	PerlIOBuf_set_ptrcnt	1	0	0	1.004576	204	1
benchmarks/spec2006/400.perlbench.bc	400.perlbench.bc	star-risk	Perl_PerlIO_get_base	1	0	0	1.003739	240	1
benchmarks/spec2006/400.perlbench.bc	400.perlbench.bc	star-risk	Perl_PerlIO_get_cnt	1	0	0	1.003194	164	1
benchmarks/spec2006/400.perlbench.bc	400.perlbench.bc	star-risk	Perl_PerlIO_clearerr	1	0	0	1.003646	180	1
benchmarks/spec2006/400.perlbench.bc	400.perlbench.bc	star-risk	Perl_PerlIO_flush	1	0	0	1.006344	232	1
benchmarks/spec2006/400.perlbench.bc	400.perlbench.bc	star-risk	PerlIOBase_flush_linebuf	1	0	0	1.004052	192	1
benchmarks/spec2006/400.perlbench.bc	400.perlbench.bc	star-risk	PerlIO_fast_gets	1	0	0	1.005045	204	1
benchmarks/spec2006/400.perlbench.bc	400.perlbench.bc	star-risk	Perl_PerlIO_fill	1	0	0	1.003682	196	1
benchmarks/spec2006/400.perlbench.bc	400.perlbench.bc	star-risk	Perl_PerlIO_error	1	0	0	1.003609	204	1
benchmarks/spec2006/400.perlbench.bc	400.perlbench.bc	star-risk	Perl_PerlIO_eof	1	0	0	1.003574	200	1
benchmarks/spec2006/400.perlbench.bc	400.perlbench.bc	star-risk	Perl_PerlIO_get_ptr	1	0	0	1.002548	140	1
benchmarks/spec2006/400.perlbench.bc	400.perlbench.bc	star-risk	Perl_PerlIO_set_ptrcnt	1	0	0	1.004054	232	1
benchmarks/spec2006/400.perlbench.bc	400.perlbench.bc	star-risk	Perl_PerlIO_read	1	0	0	1.004128	192	1
benchmarks/spec2006/400.perlbench.bc	400.perlbench.bc	star-risk	PerlIOBase_read	1	0	0	1.006080	200	1
benchmarks/spec2006/400.perlbench.bc	400.perlbench.bc	star-risk	PerlIO_debug	1	0	0	1.004407	208	1
benchmarks/spec2006/400.perlbench.bc	400.perlbench.bc	star-risk	Perl_PerlIO_write	1	0	0	1.005644	204	1
benchmarks/spec2006/400.perlbench.bc	400.perlbench.bc	star-risk	Perl_PerlIO_seek	1	0	0	1.005323	232	1
benchmarks/spec2006/400.perlbench.bc	400.perlbench.bc	star-risk	Perl_PerlIO_tell	1	0	0	1.004395	204	1
benchmarks/spec2006/400.perlbench.bc	400.perlbench.bc	star-risk	PerlIOBase_close	1	0	0	1.005162	192	1
benchmarks/spec2006/400.perlbench.bc	400.perlbench.bc	star-risk	PerlIOBase_unread	1	0	0	1.004297	204	1
benchmarks/spec2006/400.perlbench.bc	400.perlbench.bc	star-risk	PerlIO_push	1	0	0	1.003919	204	1
benchmarks/spec2006/400.perlbench.bc	400.perlbench.bc	star-risk	PerlIO_pop	1	0	0	1.004571	192	1
benchmarks/spec2006/400.perlbench.bc	400.perlbench.bc	star-risk	PerlIOPending_pushed	1	0	0	1.003759	180	1
benchmarks/spec2006/400.perlbench.bc	400.perlbench.bc	star-risk	PerlIOPending_read	1	0	0	1.003924	196	1
benchmarks/spec2006/400.perlbench.bc	400.perlbench.bc	star-risk	PerlIOPending_seek	1	0	0	1.005180	200	1
benchmarks/spec2006/400.perlbench.bc	400.perlbench.bc	star-risk	PerlIOPending_close	1	0	0	1.005199	176	1
benchmarks/spec2006/400.perlbench.bc	400.perlbench.bc	star-risk	PerlIOPending_flush	1	0	0	1.003367	200	1
benchmarks/spec2006/400.perlbench.bc	400.perlbench.bc	star-risk	PerlIOPending_fill	1	0	0	1.004447	192	1
benchmarks/spec2006/400.perlbench.bc	400.perlbench.bc	star-risk	PerlIOPending_set_ptrcnt	1	0	0	1.003777	192	1
benchmarks/spec2006/400.perlbench.bc	400.perlbench.bc	star-risk	Perl_PerlIO_close	1	0	0	1.005755	1748	1
benchmarks/spec2006/400.perlbench.bc	400.perlbench.bc	star-risk	PerlIO__close	1	0	0	1.004566	188	1
benchmarks/spec2006/400.perlbench.bc	400.perlbench.bc	star-risk	PerlIOBase_pushed	1	0	0	1.005198	188	1
benchmarks/spec2006/400.perlbench.bc	400.perlbench.bc	star-risk	PerlIOBase_dup	1	0	0	1.004085	208	1
benchmarks/spec2006/400.perlbench.bc	400.perlbench.bc	star-risk	PerlIO_modestr	1	0	0	1.004685	204	1
benchmarks/spec2006/400.perlbench.bc	400.perlbench.bc	star-risk	Perl_PerlIO_fileno	1	0	0	1.003703	208	1
benchmarks/spec2006/400.perlbench.bc	400.perlbench.bc	star-risk	PerlIO_layer_fetch	1	0	0	1.006411	200	1
benchmarks/spec2006/400.perlbench.bc	400.perlbench.bc	star-risk	PerlIO_arg_fetch	1	0	0	1.004531	184	1
benchmarks/spec2006/400.perlbench.bc	400.perlbench.bc	star-risk	PerlIO_default_layer	1	0	0	1.005705	84	1
benchmarks/spec2006/400.perlbench.bc	400.perlbench.bc	star-risk	PerlIO_default_layers	1	0	0	1.004125	76	1
benchmarks/spec2006/400.perlbench.bc	400.perlbench.bc	star-risk	PerlIOStdio_pushed	1	0	0	1.005652	192	1
benchmarks/spec2006/400.perlbench.bc	400.perlbench.bc	star-risk	PerlIOBase_popped	1	0	0	1.004668	184	1
benchmarks/spec2006/400.perlbench.bc	400.perlbench.bc	star-risk	PerlIOStdio_open	1	0	0	1.005209	232	1
benchmarks/spec2006/400.perlbench.bc	400.perlbench.bc	star-risk	PerlIOStdio_fileno	1	0	0	1.005866	4	1
benchmarks/spec2006/400.perlbench.bc	400.perlbench.bc	star-risk	PerlIOStdio_dup	1	0	0	1.005114	184	1
benchmarks/spec2006/400.perlbench.bc	400.perlbench.bc	star-risk	PerlIOStdio_read	1	0	0	1.004705	204	1
benchmarks/spec2006/400.perlbench.bc	400.perlbench.bc	star-risk	PerlIOStdio_unread	1	0	0	1.003297	200	1
benchmarks/spec2006/400.perlbench.bc	400.perlbench.bc	star-risk	PerlIOStdio_write	1	0	0	1.006018	192	1
benchmarks/spec2006/400.perlbench.bc	400.perlbench.bc	star-risk	PerlIOStdio_seek	1	0	0	1.005962	236	1
benchmarks/spec2006/400.perlbench.bc	400.perlbench.bc	star-risk	PerlIOStdio_tell	1	0	0	1.004957	208	1
benchmarks/spec2006/400.perlbench.bc	400.perlbench.bc	star-risk	PerlIOStdio_close	1	0	0	1.005496	196	1
benchmarks/spec2006/400.perlbench.bc	400.perlbench.bc	star-risk	PerlIOStdio_flush	1	0	0	1.004124	196	1
benchmarks/spec2006/400.perlbench.bc	400.perlbench.bc	star-risk	PerlIOStdio_fill	1	0	0	1.004849	164	1
benchmarks/spec2006/400.perlbench.bc	400.perlbench.bc	star-risk	PerlIOStdio_eof	1	0	0	1.003301	204	1
benchmarks/spec2006/400.perlbench.bc	400.perlbench.bc	star-risk	PerlIOStdio_error	1	0	0	1.003649	204	1
benchmarks/spec2006/400.perlbench.bc	400.perlbench.bc	star-risk	PerlIOStdio_clearerr	1	0	0	1.003691	208	1
benchmarks/spec2006/400.perlbench.bc	400.perlbench.bc	star-risk	PerlIOStdio_setlinebuf	1	0	0	1.004519	204	1
benchmarks/spec2006/400.perlbench.bc	400.perlbench.bc	star-risk	PerlIOStdio_get_base	1	0	0	1.004010	204	1
benchmarks/spec2006/400.perlbench.bc	400.perlbench.bc	star-risk	PerlIOStdio_get_bufsiz	1	0	0	1.004567	204	1
benchmarks/spec2006/400.perlbench.bc	400.perlbench.bc	star-risk	PerlIOStdio_get_ptr	1	0	0	1.004386	208	1
benchmarks/spec2006/400.perlbench.bc	400.perlbench.bc	star-risk	PerlIOStdio_get_cnt	1	0	0	1.004735	180	1
benchmarks/spec2006/400.perlbench.bc	400.perlbench.bc	star-risk	PerlIOUnix_refcnt_dec	1	0	0	1.006160	196	1
benchmarks/spec2006/400.perlbench.bc	400.perlbench.bc	star-risk	PerlIOStdio_invalidate_fileno	1	0	0	1.004281	232	1
benchmarks/spec2006/400.perlbench.bc	400.perlbench.bc	star-risk	PerlIO_has_cntptr	1	0	0	1.003551	208	1
benchmarks/spec2006/400.perlbench.bc	400.perlbench.bc	star-risk	PerlIOUnix_refcnt_inc	1	0	0	1.003327	240	1
benchmarks/spec2006/400.perlbench.bc	400.perlbench.bc	star-risk	PerlIOStdio_mode	1	0	0	1.004955	196	1
benchmarks/spec2006/400.perlbench.bc	400.perlbench.bc	star-risk	PerlIO_allocate	1	0	0	1.005506	200	1
benchmarks/spec2006/400.perlbench.bc	400.perlbench.bc	star-risk	PerlIO_list_alloc	1	0	0	1.003999	204	1
benchmarks/spec2006/400.perlbench.bc	400.perlbench.bc	star-risk	PerlIO_define_layer	1	0	0	1.003629	196	1
benchmarks/spec2006/400.perlbench.bc	400.perlbench.bc	star-risk	PerlIO_find_layer	1	0	0	1.005053	1748	1
benchmarks/spec2006/400.perlbench.bc	400.perlbench.bc	star-risk	PerlIO_list_push	1	0	0	1.006070	204	1
benchmarks/spec2006/400.perlbench.bc	400.perlbench.bc	star-risk	PerlIO_parse_layers	1	0	0	2.006970	139744	1
benchmarks/spec2006/400.perlbench.bc	400.perlbench.bc	star-risk	PerlIO_default_buffer	1	0	0	1.006871	180	1
benchmarks/spec2006/400.perlbench.bc	400.perlbench.bc	star-risk	PerlIOUtf8_pushed	1	0	0	1.005375	204	1
benchmarks/spec2006/400.perlbench.bc	400.perlbench.bc	star-risk	PerlIOPop_pushed	1	0	0	1.005944	204	1
benchmarks/spec2006/400.perlbench.bc	400.perlbench.bc	star-risk	PerlIOCrlf_pushed	1	0	0	1.004045	180	1
benchmarks/spec2006/400.perlbench.bc	400.perlbench.bc	star-risk	PerlIOCrlf_binmode	1	0	0	1.004603	184	1
benchmarks/spec2006/400.perlbench.bc	400.perlbench.bc	star-risk	PerlIOCrlf_unread	1	0	0	1.003494	188	1
benchmarks/spec2006/400.perlbench.bc	400.perlbench.bc	star-risk	PerlIOCrlf_write	1	0	0	1.003814	180	1
benchmarks/spec2006/400.perlbench.bc	400.perlbench.bc	star-risk	PerlIOCrlf_flush	1	0	0	1.003501	208	1
benchmarks/spec2006/400.perlbench.bc	400.perlbench.bc	star-risk	PerlIOCrlf_get_cnt	1	0	0	1.004443	188	1
benchmarks/spec2006/400.perlbench.bc	400.perlbench.bc	star-risk	PerlIOCrlf_set_ptrcnt	1	0	0	1.011075	204	1
benchmarks/spec2006/400.perlbench.bc	400.perlbench.bc	star-risk	PerlIORaw_pushed	1	0	0	1.004605	8	1
benchmarks/spec2006/400.perlbench.bc	400.perlbench.bc	star-risk	PerlIORaw_open	1	0	0	1.004356	208	1
benchmarks/spec2006/400.perlbench.bc	400.perlbench.bc	star-risk	PerlIOUnix_pushed	1	0	0	1.006020	188	1
benchmarks/spec2006/400.perlbench.bc	400.perlbench.bc	star-risk	PerlIOUnix_open	1	0	0	1.006897	204	1
benchmarks/spec2006/400.perlbench.bc	400.perlbench.bc	star-risk	PerlIOUnix_fileno	1	0	0	1.005408	208	1
benchmarks/spec2006/400.perlbench.bc	400.perlbench.bc	star-risk	PerlIOUnix_dup	1	0	0	1.004418	176	1
benchmarks/spec2006/400.perlbench.bc	400.perlbench.bc	star-risk	PerlIOUnix_read	1	0	0	1.005789	184	1
benchmarks/spec2006/400.perlbench.bc	400.perlbench.bc	star-risk	PerlIOUnix_write	1	0	0	1.005394	204	1
benchmarks/spec2006/400.perlbench.bc	400.perlbench.bc	star-risk	PerlIOUnix_seek	1	0	0	1.004582	472	1
benchmarks/spec2006/400.perlbench.bc	400.perlbench.bc	star-risk	PerlIOUnix_tell	1	0	0	1.005214	204	1
benchmarks/spec2006/400.perlbench.bc	400.perlbench.bc	star-risk	PerlIOUnix_close	1	0	0	1.006756	208	1
benchmarks/spec2006/400.perlbench.bc	400.perlbench.bc	star-risk	PerlIOBase_noop_ok	1	0	0	1.004736	200	1
benchmarks/spec2006/400.perlbench.bc	400.perlbench.bc	star-risk	PerlIOBase_noop_fail	1	0	0	1.003811	204	1
benchmarks/spec2006/400.perlbench.bc	400.perlbench.bc	star-risk	PerlIOUnix_setfd	1	0	0	1.005925	192	1
benchmarks/spec2006/400.perlbench.bc	400.perlbench.bc	star-risk	PerlIOUnix_oflags	1	0	0	1.004026	176	1
benchmarks/spec2006/400.perlbench.bc	400.perlbench.bc	star-risk	perlsio_binmode	1	0	0	1.004456	204	1
benchmarks/spec2006/400.perlbench.bc	400.perlbench.bc	star-risk	PerlIO_intmode2str	1	0	0	1.005611	204	1
benchmarks/spec2006/400.perlbench.bc	400.perlbench.bc	star-risk	PerlIO_fdupopen	1	0	0	1.005565	188	1
benchmarks/spec2006/400.perlbench.bc	400.perlbench.bc	star-risk	PerlIO_cleantable	1	0	0	1.004276	192	1
benchmarks/spec2006/400.perlbench.bc	400.perlbench.bc	star-risk	PerlIO_list_free	1	0	0	1.004724	196	1
benchmarks/spec2006/400.perlbench.bc	400.perlbench.bc	star-risk	PerlIO_clone_list	1	0	0	1.005624	204	1
benchmarks/spec2006/400.perlbench.bc	400.perlbench.bc	star-risk	PerlIO_sv_dup	1	0	0	1.004724	204	1
benchmarks/spec2006/400.perlbench.bc	400.perlbench.bc	star-risk	PerlIO_clone	1	0	0	1.003719	184	1
benchmarks/spec2006/400.perlbench.bc	400.perlbench.bc	star-risk	PerlIO_destruct	1	0	0	1.003920	204	1
benchmarks/spec2006/400.perlbench.bc	400.perlbench.bc	star-risk	PerlIO_get_layers	1	0	0	1.005339	204	1
benchmarks/spec2006/400.perlbench.bc	400.perlbench.bc	star-risk	PerlIO_tab_sv	1	0	0	1.004019	208	1
benchmarks/spec2006/400.perlbench.bc	400.perlbench.bc	star-risk	XS_PerlIO__Layer__NoWarnings	1	0	0	1.003861	204	1
benchmarks/spec2006/400.perlbench.bc	400.perlbench.bc	star-risk	XS_PerlIO__Layer__find	1	0	0	1.004906	176	1
benchmarks/spec2006/400.perlbench.bc	400.perlbench.bc	star-risk	Perl_boot_core_PerlIO	1	0	0	1.005143	164	1
benchmarks/spec2006/400.perlbench.bc	400.perlbench.bc	star-risk	PerlIO_stdstreams	1	0	0	1.004480	204	1
benchmarks/spec2006/400.perlbench.bc	400.perlbench.bc	star-risk	PerlIO_fdopen	1	0	0	1.003459	208	1
benchmarks/spec2006/400.perlbench.bc	400.perlbench.bc	star-risk	PerlIO_openn	1	0	0	1.003324	208	1
benchmarks/spec2006/400.perlbench.bc	400.perlbench.bc	star-risk	PerlIO_tmpfile	1	0	0	1.004440	236	1
benchmarks/spec2006/400.perlbench.bc	400.perlbench.bc	star-risk	PerlIO_context_layers	1	0	0	1.004802	188	1
benchmarks/spec2006/400.perlbench.bc	400.perlbench.bc	star-risk	PerlIO_apply_layers	1	0	0	1.004114	236	1
benchmarks/spec2006/400.perlbench.bc	400.perlbench.bc	star-risk	PerlIO_resolve_layers	1	0	0	1.004275	232	1
benchmarks/spec2006/400.perlbench.bc	400.perlbench.bc	star-risk	PerlIO_apply_layera	1	0	0	1.003177	204	1
benchmarks/spec2006/400.perlbench.bc	400.perlbench.bc	star-risk	PerlIO_layer_from_ref	1	0	0	1.005098	204	1
benchmarks/spec2006/400.perlbench.bc	400.perlbench.bc	star-risk	PerlIO_binmode	1	0	0	1.003866	184	1
benchmarks/spec2006/400.perlbench.bc	400.perlbench.bc	star-risk	Perl_PerlIO_unread	1	0	0	1.005519	188	1
benchmarks/spec2006/400.perlbench.bc	400.perlbench.bc	star-risk	PerlIO_isutf8	1	0	0	1.005017	180	1
benchmarks/spec2006/400.perlbench.bc	400.perlbench.bc	star-risk	Perl_PerlIO_setlinebuf	1	0	0	1.004055	240	1
benchmarks/spec2006/400.perlbench.bc	400.perlbench.bc	star-risk	PerlIO_has_base	1	0	0	1.006639	200	1
benchmarks/spec2006/400.perlbench.bc	400.perlbench.bc	star-risk	PerlIO_canset_cnt	1	0	0	1.004545	204	1
benchmarks/spec2006/400.perlbench.bc	400.perlbench.bc	star-risk	Perl_PerlIO_get_bufsiz	1	0	0	1.014512	180	1
benchmarks/spec2006/400.perlbench.bc	400.perlbench.bc	star-risk	Perl_PerlIO_set_cnt	1	0	0	1.006644	204	1
benchmarks/spec2006/400.perlbench.bc	400.perlbench.bc	star-risk	PerlIO_init	1	0	0	1.007415	204	1
benchmarks/spec2006/400.perlbench.bc	400.perlbench.bc	star-risk	PerlIO_cleanup	1	0	0	1.005363	204	1
benchmarks/spec2006/400.perlbench.bc	400.perlbench.bc	star-risk	PerlIO_importFILE	1	0	0	1.005041	204	1
benchmarks/spec2006/400.perlbench.bc	400.perlbench.bc	star-risk	PerlIOStdio_set_ptrcnt	1	0	0	1.005143	208	1
benchmarks/spec2006/400.perlbench.bc	400.perlbench.bc	star-risk	PerlIO_exportFILE	1	0	0	1.003689	204	1
benchmarks/spec2006/400.perlbench.bc	400.perlbench.bc	star-risk	PerlIO_findFILE	1	0	0	1.003007	204	1
benchmarks/spec2006/400.perlbench.bc	400.perlbench.bc	star-risk	PerlIO_releaseFILE	1	0	0	1.003629	236	1
benchmarks/spec2006/400.perlbench.bc	400.perlbench.bc	star-risk	Perl_PerlIO_stdin	1	0	0	1.003323	204	1
benchmarks/spec2006/400.perlbench.bc	400.perlbench.bc	star-risk	Perl_PerlIO_stdout	1	0	0	1.004018	208	1
benchmarks/spec2006/400.perlbench.bc	400.perlbench.bc	star-risk	Perl_PerlIO_stderr	1	0	0	1.003295	196	1
benchmarks/spec2006/400.perlbench.bc	400.perlbench.bc	star-risk	PerlIO_getname	1	0	0	1.003308	192	1
benchmarks/spec2006/400.perlbench.bc	400.perlbench.bc	star-risk	PerlIO_open	1	0	0	1.003361	236	1
benchmarks/spec2006/400.perlbench.bc	400.perlbench.bc	star-risk	PerlIO_reopen	1	0	0	1.004102	204	1
benchmarks/spec2006/400.perlbench.bc	400.perlbench.bc	star-risk	PerlIO_getc	1	0	0	1.004142	200	1
benchmarks/spec2006/400.perlbench.bc	400.perlbench.bc	star-risk	PerlIO_ungetc	1	0	0	1.004388	208	1
benchmarks/spec2006/400.perlbench.bc	400.perlbench.bc	star-risk	PerlIO_putc	1	0	0	1.003165	180	1
benchmarks/spec2006/400.perlbench.bc	400.perlbench.bc	star-risk	PerlIO_puts	1	0	0	1.004170	208	1
benchmarks/spec2006/400.perlbench.bc	400.perlbench.bc	star-risk	PerlIO_rewind	1	0	0	1.005889	196	1
benchmarks/spec2006/400.perlbench.bc	400.perlbench.bc	star-risk	PerlIO_vprintf	1	0	0	1.005154	204	1
benchmarks/spec2006/400.perlbench.bc	400.perlbench.bc	star-risk	PerlIO_printf	1	0	0	1.005254	204	1
benchmarks/spec2006/400.perlbench.bc	400.perlbench.bc	star-risk	PerlIO_stdoutf	1	0	0	1.003513	180	1
benchmarks/spec2006/400.perlbench.bc	400.perlbench.bc	star-risk	PerlIO_setpos	1	0	0	1.004707	208	1
benchmarks/spec2006/400.perlbench.bc	400.perlbench.bc	star-risk	PerlIO_getpos	1	0	0	1.004773	204	1
benchmarks/spec2006/400.perlbench.bc	400.perlbench.bc	star-risk	PerlIO_vsprintf	1	0	0	1.004311	240	1
benchmarks/spec2006/400.perlbench.bc	400.perlbench.bc	star-risk	PerlIO_sprintf	1	0	0	1.006180	208	1
benchmarks/spec2006/400.perlbench.bc	400.perlbench.bc	star-risk	main	1	0	0	1.003993	196	1
benchmarks/spec2006/400.perlbench.bc	400.perlbench.bc	star-risk	xs_init	1	0	0	1.004980	204	1
benchmarks/spec2006/400.perlbench.bc	400.perlbench.bc	star-risk	Perl_yyparse	1	0	0	63.097921	1041404	1
benchmarks/spec2006/400.perlbench.bc	400.perlbench.bc	star-risk	yydestruct	1	0	0	1.002855	188	1
benchmarks/spec2006/400.perlbench.bc	400.perlbench.bc	star-risk	Perl_pp_stub	1	0	0	1.004897	192	1
benchmarks/spec2006/400.perlbench.bc	400.perlbench.bc	star-risk	Perl_pp_scalar	1	0	0	1.005055	204	1
benchmarks/spec2006/400.perlbench.bc	400.perlbench.bc	star-risk	Perl_pp_padav	1	0	0	1.004112	192	1
benchmarks/spec2006/400.perlbench.bc	400.perlbench.bc	star-risk	Perl_pp_padhv	1	0	0	1.004289	204	1
benchmarks/spec2006/400.perlbench.bc	400.perlbench.bc	star-risk	Perl_pp_padany	1	0	0	1.003352	140	1
benchmarks/spec2006/400.perlbench.bc	400.perlbench.bc	star-risk	Perl_pp_rv2gv	1	0	0	3.005739	143068	1
benchmarks/spec2006/400.perlbench.bc	400.perlbench.bc	star-risk	Perl_pp_rv2sv	1	0	0	1.003212	4	1
benchmarks/spec2006/400.perlbench.bc	400.perlbench.bc	star-risk	Perl_pp_av2arylen	1	0	0	1.004235	204	1
benchmarks/spec2006/400.perlbench.bc	400.perlbench.bc	star-risk	Perl_pp_pos	1	0	0	1.004531	204	1
benchmarks/spec2006/400.perlbench.bc	400.perlbench.bc	star-risk	Perl_pp_rv2cv	1	0	0	1.004215	208	1
benchmarks/spec2006/400.perlbench.bc	400.perlbench.bc	star-risk	Perl_pp_prototype	1	0	0	1.005312	188	1
benchmarks/spec2006/400.perlbench.bc	400.perlbench.bc	star-risk	Perl_pp_anoncode	1	0	0	1.003964	200	1
benchmarks/spec2006/400.perlbench.bc	400.perlbench.bc	star-risk	Perl_pp_srefgen	1	0	0	1.003773	204	1
benchmarks/spec2006/400.perlbench.bc	400.perlbench.bc	star-risk	S_refto	1	0	0	1.003338	232	1
benchmarks/spec2006/400.perlbench.bc	400.perlbench.bc	star-risk	Perl_pp_refgen	1	0	0	1.004602	200	1
benchmarks/spec2006/400.perlbench.bc	400.perlbench.bc	star-risk	Perl_pp_ref	1	0	0	1.004088	196	1
benchmarks/spec2006/400.perlbench.bc	400.perlbench.bc	star-risk	Perl_pp_bless	1	0	0	1.004910	208	1
benchmarks/spec2006/400.perlbench.bc	400.perlbench.bc	star-risk	Perl_pp_gelem	1	0	0	1.004560	188	1
benchmarks/spec2006/400.perlbench.bc	400.perlbench.bc	star-risk	Perl_pp_study	1	0	0	1.006227	188	1
benchmarks/spec2006/400.perlbench.bc	400.perlbench.bc	star-risk	Perl_pp_trans	1	0	0	1.005573	196	1
benchmarks/spec2006/400.perlbench.bc	400.perlbench.bc	star-risk	Perl_pp_schop	1	0	0	1.003873	200	1
benchmarks/spec2006/400.perlbench.bc	400.perlbench.bc	star-risk	Perl_pp_chop	1	0	0	1.005228	208	1
benchmarks/spec2006/400.perlbench.bc	400.perlbench.bc	star-risk	Perl_pp_schomp	1	0	0	1.004164	232	1
benchmarks/spec2006/400.perlbench.bc	400.perlbench.bc	star-risk	Perl_pp_chomp	1	0	0	1.005286	188	1
benchmarks/spec2006/400.perlbench.bc	400.perlbench.bc	star-risk	Perl_pp_defined	1	0	0	1.006831	236	1
benchmarks/spec2006/400.perlbench.bc	400.perlbench.bc	star-risk	Perl_pp_undef	1	0	0	1.005245	468	1
benchmarks/spec2006/400.perlbench.bc	400.perlbench.bc	star-risk	Perl_pp_predec	1	0	0	1.004167	84	1
benchmarks/spec2006/400.perlbench.bc	400.perlbench.bc	star-risk	Perl_pp_postinc	1	0	0	1.007336	176	1
benchmarks/spec2006/400.perlbench.bc	400.perlbench.bc	star-risk	Perl_pp_postdec	1	0	0	1.005125	184	1
benchmarks/spec2006/400.perlbench.bc	400.perlbench.bc	star-risk	Perl_pp_pow	1	0	0	13.022485	163724	1
benchmarks/spec2006/400.perlbench.bc	400.perlbench.bc	star-risk	Perl_pp_multiply	1	0	0	1.003804	200	1
benchmarks/spec2006/400.perlbench.bc	400.perlbench.bc	star-risk	Perl_pp_divide	1	0	0	1.015020	15444	1
benchmarks/spec2006/400.perlbench.bc	400.perlbench.bc	star-risk	Perl_pp_modulo	1	0	0	1.004724	204	1
benchmarks/spec2006/400.perlbench.bc	400.perlbench.bc	star-risk	Perl_pp_repeat	1	0	0	1.004525	204	1
benchmarks/spec2006/400.perlbench.bc	400.perlbench.bc	star-risk	Perl_pp_subtract	1	0	0	1.004942	204	1
benchmarks/spec2006/400.perlbench.bc	400.perlbench.bc	star-risk	Perl_pp_left_shift	1	0	0	1.005323	188	1
benchmarks/spec2006/400.perlbench.bc	400.perlbench.bc	star-risk	Perl_pp_right_shift	1	0	0	1.003907	204	1
benchmarks/spec2006/400.perlbench.bc	400.perlbench.bc	star-risk	Perl_pp_lt	1	0	0	1.006054	236	1
benchmarks/spec2006/400.perlbench.bc	400.perlbench.bc	star-risk	Perl_pp_gt	1	0	0	1.005247	208	1
benchmarks/spec2006/400.perlbench.bc	400.perlbench.bc	star-risk	Perl_pp_le	1	0	0	1.005127	208	1
benchmarks/spec2006/400.perlbench.bc	400.perlbench.bc	star-risk	Perl_pp_ge	1	0	0	1.004424	204	1
benchmarks/spec2006/400.perlbench.bc	400.perlbench.bc	star-risk	Perl_pp_ne	1	0	0	1.004260	180	1
benchmarks/spec2006/400.perlbench.bc	400.perlbench.bc	star-risk	Perl_pp_ncmp	1	0	0	1.005829	236	1
benchmarks/spec2006/400.perlbench.bc	400.perlbench.bc	star-risk	Perl_pp_slt	1	0	0	1.006596	204	1
benchmarks/spec2006/400.perlbench.bc	400.perlbench.bc	star-risk	Perl_pp_sgt	1	0	0	1.004768	204	1
benchmarks/spec2006/400.perlbench.bc	400.perlbench.bc	star-risk	Perl_pp_sle	1	0	0	1.005426	200	1
benchmarks/spec2006/400.perlbench.bc	400.perlbench.bc	star-risk	Perl_pp_sge	1	0	0	1.005565	204	1
benchmarks/spec2006/400.perlbench.bc	400.perlbench.bc	star-risk	Perl_pp_seq	1	0	0	1.005939	236	1
benchmarks/spec2006/400.perlbench.bc	400.perlbench.bc	star-risk	Perl_pp_sne	1	0	0	1.005446	236	1
benchmarks/spec2006/400.perlbench.bc	400.perlbench.bc	star-risk	Perl_pp_scmp	1	0	0	1.005009	204	1
benchmarks/spec2006/400.perlbench.bc	400.perlbench.bc	star-risk	Perl_pp_bit_and	1	0	0	1.004523	164	1
benchmarks/spec2006/400.perlbench.bc	400.perlbench.bc	star-risk	Perl_pp_bit_xor	1	0	0	1.006366	236	1
benchmarks/spec2006/400.perlbench.bc	400.perlbench.bc	star-risk	Perl_pp_bit_or	1	0	0	1.004352	192	1
benchmarks/spec2006/400.perlbench.bc	400.perlbench.bc	star-risk	Perl_pp_negate	1	0	0	2.005068	144768	1
benchmarks/spec2006/400.perlbench.bc	400.perlbench.bc	star-risk	Perl_pp_not	1	0	0	1.005011	188	1
benchmarks/spec2006/400.perlbench.bc	400.perlbench.bc	star-risk	Perl_pp_complement	1	0	0	1.004515	192	1
benchmarks/spec2006/400.perlbench.bc	400.perlbench.bc	star-risk	Perl_pp_i_multiply	1	0	0	1.003807	236	1
benchmarks/spec2006/400.perlbench.bc	400.perlbench.bc	star-risk	Perl_pp_i_divide	1	0	0	1.005740	232	1
benchmarks/spec2006/400.perlbench.bc	400.perlbench.bc	star-risk	Perl_pp_i_modulo	1	0	0	1.004056	200	1
benchmarks/spec2006/400.perlbench.bc	400.perlbench.bc	star-risk	Perl_pp_i_modulo_0	1	0	0	1.004468	184	1
benchmarks/spec2006/400.perlbench.bc	400.perlbench.bc	star-risk	Perl_pp_i_modulo_1	1	0	0	1.003591	232	1
benchmarks/spec2006/400.perlbench.bc	400.perlbench.bc	star-risk	Perl_pp_i_add	1	0	0	1.004293	208	1
benchmarks/spec2006/400.perlbench.bc	400.perlbench.bc	star-risk	Perl_pp_i_subtract	1	0	0	1.003569	196	1
benchmarks/spec2006/400.perlbench.bc	400.perlbench.bc	star-risk	Perl_pp_i_lt	1	0	0	1.003911	208	1
benchmarks/spec2006/400.perlbench.bc	400.perlbench.bc	star-risk	Perl_pp_i_gt	1	0	0	1.003060	208	1
benchmarks/spec2006/400.perlbench.bc	400.perlbench.bc	star-risk	Perl_pp_i_le	1	0	0	1.003852	204	1
benchmarks/spec2006/400.perlbench.bc	400.perlbench.bc	star-risk	Perl_pp_i_ge	1	0	0	1.003840	204	1
benchmarks/spec2006/400.perlbench.bc	400.perlbench.bc	star-risk	Perl_pp_i_eq	1	0	0	1.005569	236	1
benchmarks/spec2006/400.perlbench.bc	400.perlbench.bc	star-risk	Perl_pp_i_ne	1	0	0	1.004442	208	1
benchmarks/spec2006/400.perlbench.bc	400.perlbench.bc	star-risk	Perl_pp_i_ncmp	1	0	0	1.005449	4	1
benchmarks/spec2006/400.perlbench.bc	400.perlbench.bc	star-risk	Perl_pp_i_negate	1	0	0	1.004629	208	1
benchmarks/spec2006/400.perlbench.bc	400.perlbench.bc	star-risk	Perl_pp_atan2	1	0	0	1.015868	180	1
benchmarks/spec2006/400.perlbench.bc	400.perlbench.bc	star-risk	Perl_pp_sin	1	0	0	1.006318	2288	1
benchmarks/spec2006/400.perlbench.bc	400.perlbench.bc	star-risk	Perl_pp_cos	1	0	0	1.004787	208	1
benchmarks/spec2006/400.perlbench.bc	400.perlbench.bc	star-risk	Perl_pp_rand	1	0	0	1.006683	184	1
benchmarks/spec2006/400.perlbench.bc	400.perlbench.bc	star-risk	Perl_pp_srand	1	0	0	1.004192	180	1
benchmarks/spec2006/400.perlbench.bc	400.perlbench.bc	star-risk	Perl_pp_exp	1	0	0	1.006955	200	1
benchmarks/spec2006/400.perlbench.bc	400.perlbench.bc	star-risk	Perl_pp_log	1	0	0	1.005472	176	1
benchmarks/spec2006/400.perlbench.bc	400.perlbench.bc	star-risk	Perl_pp_sqrt	1	0	0	1.005650	204	1
benchmarks/spec2006/400.perlbench.bc	400.perlbench.bc	star-risk	Perl_pp_int	1	0	0	1.006078	1352	1
benchmarks/spec2006/400.perlbench.bc	400.perlbench.bc	star-risk	Perl_pp_abs	1	0	0	1.004514	208	1
benchmarks/spec2006/400.perlbench.bc	400.perlbench.bc	star-risk	Perl_pp_hex	1	0	0	1.005494	184	1
benchmarks/spec2006/400.perlbench.bc	400.perlbench.bc	star-risk	Perl_pp_oct	1	0	0	1.005369	200	1
benchmarks/spec2006/400.perlbench.bc	400.perlbench.bc	star-risk	Perl_pp_length	1	0	0	1.003529	208	1
benchmarks/spec2006/400.perlbench.bc	400.perlbench.bc	star-risk	Perl_pp_substr	1	0	0	1.004545	204	1
benchmarks/spec2006/400.perlbench.bc	400.perlbench.bc	star-risk	Perl_pp_vec	1	0	0	1.005876	184	1
benchmarks/spec2006/400.perlbench.bc	400.perlbench.bc	star-risk	Perl_pp_index	1	0	0	1.003449	208	1
benchmarks/spec2006/400.perlbench.bc	400.perlbench.bc	star-risk	Perl_pp_rindex	1	0	0	1.003297	208	1
benchmarks/spec2006/400.perlbench.bc	400.perlbench.bc	star-risk	Perl_pp_sprintf	1	0	0	1.003951	176	1
benchmarks/spec2006/400.perlbench.bc	400.perlbench.bc	star-risk	Perl_pp_ord	1	0	0	1.005544	192	1
benchmarks/spec2006/400.perlbench.bc	400.perlbench.bc	star-risk	Perl_pp_chr	1	0	0	1.005904	176	1
benchmarks/spec2006/400.perlbench.bc	400.perlbench.bc	star-risk	Perl_pp_crypt	1	0	0	1.004653	184	1
benchmarks/spec2006/400.perlbench.bc	400.perlbench.bc	star-risk	Perl_pp_ucfirst	1	0	0	1.005322	192	1
benchmarks/spec2006/400.perlbench.bc	400.perlbench.bc	star-risk	Perl_pp_lcfirst	1	0	0	1.005633	204	1
benchmarks/spec2006/400.perlbench.bc	400.perlbench.bc	star-risk	Perl_pp_uc	1	0	0	1.003703	236	1
benchmarks/spec2006/400.perlbench.bc	400.perlbench.bc	star-risk	Perl_pp_lc	1	0	0	1.004245	188	1
benchmarks/spec2006/400.perlbench.bc	400.perlbench.bc	star-risk	Perl_pp_quotemeta	1	0	0	1.004755	204	1
benchmarks/spec2006/400.perlbench.bc	400.perlbench.bc	star-risk	Perl_pp_aslice	1	0	0	1.004762	204	1
benchmarks/spec2006/400.perlbench.bc	400.perlbench.bc	star-risk	Perl_pp_each	1	0	0	1.005289	204	1
benchmarks/spec2006/400.perlbench.bc	400.perlbench.bc	star-risk	Perl_pp_values	1	0	0	1.005318	204	1
benchmarks/spec2006/400.perlbench.bc	400.perlbench.bc	star-risk	Perl_pp_keys	1	0	0	1.003734	188	1
benchmarks/spec2006/400.perlbench.bc	400.perlbench.bc	star-risk	Perl_pp_delete	1	0	0	1.006150	148	1
benchmarks/spec2006/400.perlbench.bc	400.perlbench.bc	star-risk	Perl_pp_exists	1	0	0	1.003686	164	1
benchmarks/spec2006/400.perlbench.bc	400.perlbench.bc	star-risk	Perl_pp_hslice	1	0	0	2.004881	129012	1
benchmarks/spec2006/400.perlbench.bc	400.perlbench.bc	star-risk	Perl_pp_list	1	0	0	1.015285	196	1
benchmarks/spec2006/400.perlbench.bc	400.perlbench.bc	star-risk	Perl_pp_lslice	1	0	0	1.005503	204	1
benchmarks/spec2006/400.perlbench.bc	400.perlbench.bc	star-risk	Perl_pp_anonlist	1	0	0	1.005346	204	1
benchmarks/spec2006/400.perlbench.bc	400.perlbench.bc	star-risk	Perl_pp_anonhash	1	0	0	1.003657	208	1
benchmarks/spec2006/400.perlbench.bc	400.perlbench.bc	star-risk	Perl_pp_splice	1	0	0	1.005827	184	1
benchmarks/spec2006/400.perlbench.bc	400.perlbench.bc	star-risk	Perl_pp_push	1	0	0	1.004108	180	1
benchmarks/spec2006/400.perlbench.bc	400.perlbench.bc	star-risk	Perl_pp_pop	1	0	0	1.004356	192	1
benchmarks/spec2006/400.perlbench.bc	400.perlbench.bc	star-risk	Perl_pp_shift	1	0	0	1.007512	204	1
benchmarks/spec2006/400.perlbench.bc	400.perlbench.bc	star-risk	Perl_pp_unshift	1	0	0	1.006093	164	1
benchmarks/spec2006/400.perlbench.bc	400.perlbench.bc	star-risk	Perl_pp_reverse	1	0	0	1.005963	204	1
benchmarks/spec2006/400.perlbench.bc	400.perlbench.bc	star-risk	Perl_pp_split	1	-9	1	185.343376	930412	0
benchmarks/spec2006/400.perlbench.bc	400.perlbench.bc	star-risk	Perl_pp_lock	1	0	0	1.004536	204	1
benchmarks/spec2006/400.perlbench.bc	400.perlbench.bc	star-risk	Perl_pp_threadsv	1	0	0	1.006065	204	1
benchmarks/spec2006/400.perlbench.bc	400.perlbench.bc	star-risk	Perl_pp_wantarray	1	0	0	1.006096	184	1
benchmarks/spec2006/400.perlbench.bc	400.perlbench.bc	star-risk	S_dopoptosub	1	0	0	1.004362	204	1
benchmarks/spec2006/400.perlbench.bc	400.perlbench.bc	star-risk	S_dopoptosub_at	1	0	0	1.004354	236	1
benchmarks/spec2006/400.perlbench.bc	400.perlbench.bc	star-risk	Perl_pp_regcmaybe	1	0	0	1.003956	200	1
benchmarks/spec2006/400.perlbench.bc	400.perlbench.bc	star-risk	Perl_pp_regcreset	1	0	0	1.006691	184	1
benchmarks/spec2006/400.perlbench.bc	400.perlbench.bc	star-risk	Perl_pp_regcomp	1	0	0	1.005494	236	1
benchmarks/spec2006/400.perlbench.bc	400.perlbench.bc	star-risk	Perl_pp_substcont	1	0	0	1.003845	208	1
benchmarks/spec2006/400.perlbench.bc	400.perlbench.bc	star-risk	Perl_rxres_restore	1	0	0	1.004529	168	1
benchmarks/spec2006/400.perlbench.bc	400.perlbench.bc	star-risk	Perl_rxres_free	1	0	0	1.003668	204	1
benchmarks/spec2006/400.perlbench.bc	400.perlbench.bc	star-risk	Perl_rxres_save	1	0	0	1.004483	208	1
benchmarks/spec2006/400.perlbench.bc	400.perlbench.bc	star-risk	Perl_pp_formline	1	0	0	174.278876	874160	1
benchmarks/spec2006/400.perlbench.bc	400.perlbench.bc	star-risk	S_doparseform	1	0	0	2.006486	118504	1
benchmarks/spec2006/400.perlbench.bc	400.perlbench.bc	star-risk	S_num_overflow	1	0	0	1.006036	156	1
benchmarks/spec2006/400.perlbench.bc	400.perlbench.bc	star-risk	Perl_pp_grepstart	1	0	0	1.007315	204	1
benchmarks/spec2006/400.perlbench.bc	400.perlbench.bc	star-risk	Perl_block_gimme	1	0	0	1.003995	192	1
benchmarks/spec2006/400.perlbench.bc	400.perlbench.bc	star-risk	Perl_pp_mapstart	1	0	0	1.003237	96	1
benchmarks/spec2006/400.perlbench.bc	400.perlbench.bc	star-risk	Perl_pp_mapwhile	1	0	0	1.006518	204	1
benchmarks/spec2006/400.perlbench.bc	400.perlbench.bc	star-risk	Perl_pp_range	1	0	0	1.006923	180	1
benchmarks/spec2006/400.perlbench.bc	400.perlbench.bc	star-risk	Perl_dowantarray	1	0	0	1.004230	192	1
benchmarks/spec2006/400.perlbench.bc	400.perlbench.bc	star-risk	Perl_pp_flip	1	0	0	1.003560	200	1
benchmarks/spec2006/400.perlbench.bc	400.perlbench.bc	star-risk	Perl_pp_flop	1	0	0	72.119832	134712	1
benchmarks/spec2006/400.perlbench.bc	400.perlbench.bc	star-risk	Perl_is_lvalue_sub	1	0	0	1.004817	188	1
benchmarks/spec2006/400.perlbench.bc	400.perlbench.bc	star-risk	Perl_dounwind	1	0	0	1.006350	240	1
benchmarks/spec2006/400.perlbench.bc	400.perlbench.bc	star-risk	Perl_qerror	1	0	0	1.005610	204	1
benchmarks/spec2006/400.perlbench.bc	400.perlbench.bc	star-risk	Perl_die_where	1	0	0	1.005093	204	1
benchmarks/spec2006/400.perlbench.bc	400.perlbench.bc	star-risk	S_dopoptoeval	1	0	0	1.005050	180	1
benchmarks/spec2006/400.perlbench.bc	400.perlbench.bc	star-risk	Perl_pp_xor	1	0	0	1.003673	204	1
benchmarks/spec2006/400.perlbench.bc	400.perlbench.bc	star-risk	Perl_pp_andassign	1	0	0	1.003661	236	1
benchmarks/spec2006/400.perlbench.bc	400.perlbench.bc	star-risk	Perl_pp_orassign	1	0	0	1.004169	240	1
benchmarks/spec2006/400.perlbench.bc	400.perlbench.bc	star-risk	Perl_pp_caller	1	-9	1	185.307019	172964	0
benchmarks/spec2006/400.perlbench.bc	400.perlbench.bc	star-risk	Perl_pp_reset	1	0	0	1.003294	180	1
benchmarks/spec2006/400.perlbench.bc	400.perlbench.bc	star-risk	Perl_pp_lineseq	1	0	0	1.005552	232	1
benchmarks/spec2006/400.perlbench.bc	400.perlbench.bc	star-risk	Perl_pp_dbstate	1	0	0	1.003624	208	1
benchmarks/spec2006/400.perlbench.bc	400.perlbench.bc	star-risk	Perl_pp_scope	1	0	0	1.004363	232	1
benchmarks/spec2006/400.perlbench.bc	400.perlbench.bc	star-risk	Perl_pp_enteriter	1	0	0	1.004343	188	1
benchmarks/spec2006/400.perlbench.bc	400.perlbench.bc	star-risk	Perl_pp_enterloop	1	0	0	1.006148	208	1
benchmarks/spec2006/400.perlbench.bc	400.perlbench.bc	star-risk	Perl_pp_leaveloop	1	0	0	1.004742	164	1
benchmarks/spec2006/400.perlbench.bc	400.perlbench.bc	star-risk	Perl_pp_return	1	0	0	1.008385	184	1
benchmarks/spec2006/400.perlbench.bc	400.perlbench.bc	star-risk	Perl_pp_last	1	0	0	1.005391	232	1
benchmarks/spec2006/400.perlbench.bc	400.perlbench.bc	star-risk	S_dopoptoloop	1	0	0	1.006589	204	1
benchmarks/spec2006/400.perlbench.bc	400.perlbench.bc	star-risk	S_dopoptolabel	1	0	0	1.004039	240	1
benchmarks/spec2006/400.perlbench.bc	400.perlbench.bc	star-risk	Perl_pp_next	1	0	0	1.003964	204	1
benchmarks/spec2006/400.perlbench.bc	400.perlbench.bc	star-risk	Perl_pp_redo	1	0	0	1.006589	204	1
benchmarks/spec2006/400.perlbench.bc	400.perlbench.bc	star-risk	Perl_pp_dump	1	0	0	1.004514	204	1
benchmarks/spec2006/400.perlbench.bc	400.perlbench.bc	star-risk	Perl_pp_goto	1	0	0	7.012714	308280	1
benchmarks/spec2006/400.perlbench.bc	400.perlbench.bc	star-risk	S_dofindlabel	1	0	0	1.004794	204	1
benchmarks/spec2006/400.perlbench.bc	400.perlbench.bc	star-risk	Perl_pp_exit	1	0	0	1.004114	232	1
benchmarks/spec2006/400.perlbench.bc	400.perlbench.bc	star-risk	Perl_sv_compile_2op	1	0	0	1.003570	200	1
benchmarks/spec2006/400.perlbench.bc	400.perlbench.bc	star-risk	Perl_find_runcv	1	0	0	1.006029	204	1
benchmarks/spec2006/400.perlbench.bc	400.perlbench.bc	star-risk	S_doeval	1	0	0	1.003383	200	1
benchmarks/spec2006/400.perlbench.bc	400.perlbench.bc	star-risk	Perl_pp_require	1	-9	1	185.319414	490096	0
benchmarks/spec2006/400.perlbench.bc	400.perlbench.bc	star-risk	S_path_is_absolute	1	0	0	1.002114	200	1
benchmarks/spec2006/400.perlbench.bc	400.perlbench.bc	star-risk	S_doopen_pm	1	0	0	1.004469	204	1
benchmarks/spec2006/400.perlbench.bc	400.perlbench.bc	star-risk	run_user_filter	1	0	0	1.003454	204	1
benchmarks/spec2006/400.perlbench.bc	400.perlbench.bc	star-risk	S_docatch	1	0	0	1.004762	180	1
benchmarks/spec2006/400.perlbench.bc	400.perlbench.bc	star-risk	S_docatch_body	1	0	0	1.004563	208	1
benchmarks/spec2006/400.perlbench.bc	400.perlbench.bc	star-risk	Perl_pp_dofile	1	0	0	1.004184	208	1
benchmarks/spec2006/400.perlbench.bc	400.perlbench.bc	star-risk	Perl_pp_entereval	1	0	0	1.004961	204	1
benchmarks/spec2006/400.perlbench.bc	400.perlbench.bc	star-risk	S_save_lines	1	0	0	1.004637	188	1
benchmarks/spec2006/400.perlbench.bc	400.perlbench.bc	star-risk	Perl_pp_leaveeval	1	0	0	1.005363	196	1
benchmarks/spec2006/400.perlbench.bc	400.perlbench.bc	star-risk	Perl_pp_entertry	1	0	0	1.004135	196	1
benchmarks/spec2006/400.perlbench.bc	400.perlbench.bc	star-risk	Perl_pp_leavetry	1	0	0	1.005300	196	1
benchmarks/spec2006/400.perlbench.bc	400.perlbench.bc	star-risk	Perl_pp_const	1	0	0	1.004148	180	1
benchmarks/spec2006/400.perlbench.bc	400.perlbench.bc	star-risk	Perl_pp_nextstate	1	0	0	1.004083	208	1
benchmarks/spec2006/400.perlbench.bc	400.perlbench.bc	star-risk	Perl_pp_gvsv	1	0	0	1.003312	204	1
benchmarks/spec2006/400.perlbench.bc	400.perlbench.bc	star-risk	Perl_pp_null	1	0	0	1.004270	204	1
benchmarks/spec2006/400.perlbench.bc	400.perlbench.bc	star-risk	Perl_pp_setstate	1	0	0	1.004040	188	1
benchmarks/spec2006/400.perlbench.bc	400.perlbench.bc	star-risk	Perl_pp_pushmark	1	0	0	1.004473	208	1
benchmarks/spec2006/400.perlbench.bc	400.perlbench.bc	star-risk	Perl_pp_stringify	1	0	0	1.004531	204	1
benchmarks/spec2006/400.perlbench.bc	400.perlbench.bc	star-risk	Perl_pp_gv	1	0	0	1.004198	204	1
benchmarks/spec2006/400.perlbench.bc	400.perlbench.bc	star-risk	Perl_pp_and	1	0	0	1.004799	68	1
benchmarks/spec2006/400.perlbench.bc	400.perlbench.bc	star-risk	Perl_pp_sassign	1	0	0	1.004360	204	1
benchmarks/spec2006/400.perlbench.bc	400.perlbench.bc	star-risk	Perl_pp_cond_expr	1	0	0	1.005368	188	1
benchmarks/spec2006/400.perlbench.bc	400.perlbench.bc	star-risk	Perl_pp_unstack	1	0	0	1.003717	176	1
benchmarks/spec2006/400.perlbench.bc	400.perlbench.bc	star-risk	Perl_pp_concat	1	0	0	1.005165	196	1
benchmarks/spec2006/400.perlbench.bc	400.perlbench.bc	star-risk	Perl_pp_padsv	1	0	0	1.004600	192	1
benchmarks/spec2006/400.perlbench.bc	400.perlbench.bc	star-risk	Perl_vivify_ref	1	0	0	1.005383	208	1
benchmarks/spec2006/400.perlbench.bc	400.perlbench.bc	star-risk	Perl_pp_readline	1	0	0	1.006573	204	1
benchmarks/spec2006/400.perlbench.bc	400.perlbench.bc	star-risk	Perl_do_readline	1	-9	1	185.315478	243136	0
benchmarks/spec2006/400.perlbench.bc	400.perlbench.bc	star-risk	Perl_pp_eq	1	0	0	1.003464	204	1
benchmarks/spec2006/400.perlbench.bc	400.perlbench.bc	star-risk	Perl_pp_preinc	1	0	0	1.003310	192	1
benchmarks/spec2006/400.perlbench.bc	400.perlbench.bc	star-risk	Perl_pp_or	1	0	0	1.003599	204	1
benchmarks/spec2006/400.perlbench.bc	400.perlbench.bc	star-risk	Perl_pp_add	1	0	0	1.002351	204	1
benchmarks/spec2006/400.perlbench.bc	400.perlbench.bc	star-risk	Perl_pp_aelemfast	1	0	0	1.005368	204	1
benchmarks/spec2006/400.perlbench.bc	400.perlbench.bc	star-risk	Perl_pp_join	1	0	0	1.003392	240	1
benchmarks/spec2006/400.perlbench.bc	400.perlbench.bc	star-risk	Perl_pp_pushre	1	0	0	1.004247	200	1
benchmarks/spec2006/400.perlbench.bc	400.perlbench.bc	star-risk	Perl_pp_print	1	0	0	23.038765	143020	1
benchmarks/spec2006/400.perlbench.bc	400.perlbench.bc	star-risk	Perl_pp_rv2av	1	0	0	3.006308	146724	1
benchmarks/spec2006/400.perlbench.bc	400.perlbench.bc	star-risk	Perl_pp_rv2hv	1	0	0	5.012807	140308	1
benchmarks/spec2006/400.perlbench.bc	400.perlbench.bc	star-risk	Perl_pp_aassign	1	0	0	1.005060	208	1
benchmarks/spec2006/400.perlbench.bc	400.perlbench.bc	star-risk	S_do_maybe_phash	1	0	0	1.007042	236	1
benchmarks/spec2006/400.perlbench.bc	400.perlbench.bc	star-risk	S_do_oddball	1	0	0	1.007853	184	1
benchmarks/spec2006/400.perlbench.bc	400.perlbench.bc	star-risk	Perl_pp_qr	1	0	0	1.005516	200	1
benchmarks/spec2006/400.perlbench.bc	400.perlbench.bc	star-risk	Perl_pp_match	1	-9	1	185.314577	324512	0
benchmarks/spec2006/400.perlbench.bc	400.perlbench.bc	star-risk	Perl_pp_enter	1	0	0	1.004605	208	1
benchmarks/spec2006/400.perlbench.bc	400.perlbench.bc	star-risk	Perl_pp_helem	1	0	0	1.005128	236	1
benchmarks/spec2006/400.perlbench.bc	400.perlbench.bc	star-risk	Perl_pp_leave	1	0	0	1.004839	232	1
benchmarks/spec2006/400.perlbench.bc	400.perlbench.bc	star-risk	Perl_pp_iter	1	0	0	1.004306	180	1
benchmarks/spec2006/400.perlbench.bc	400.perlbench.bc	star-risk	Perl_pp_subst	1	0	0	128.205488	306384	1
benchmarks/spec2006/400.perlbench.bc	400.perlbench.bc	star-risk	Perl_pp_grepwhile	1	0	0	1.004620	232	1
benchmarks/spec2006/400.perlbench.bc	400.perlbench.bc	star-risk	Perl_pp_leavesub	1	0	0	1.003898	232	1
benchmarks/spec2006/400.perlbench.bc	400.perlbench.bc	star-risk	Perl_pp_leavesublv	1	0	0	5.010557	288584	1
benchmarks/spec2006/400.perlbench.bc	400.perlbench.bc	star-risk	Perl_pp_entersub	1	0	0	4.009668	214252	1
benchmarks/spec2006/400.perlbench.bc	400.perlbench.bc	star-risk	S_get_db_sub	1	0	0	1.007057	204	1
benchmarks/spec2006/400.perlbench.bc	400.perlbench.bc	star-risk	Perl_sub_crush_depth	1	0	0	1.005977	204	1
benchmarks/spec2006/400.perlbench.bc	400.perlbench.bc	star-risk	Perl_pp_aelem	1	0	0	1.006436	208	1
benchmarks/spec2006/400.perlbench.bc	400.perlbench.bc	star-risk	Perl_pp_method	1	0	0	1.005200	236	1
benchmarks/spec2006/400.perlbench.bc	400.perlbench.bc	star-risk	S_method_common	1	0	0	1.008844	208	1
benchmarks/spec2006/400.perlbench.bc	400.perlbench.bc	star-risk	Perl_pp_method_named	1	0	0	1.005603	192	1
benchmarks/spec2006/400.perlbench.bc	400.perlbench.bc	star-risk	Perl_unpack_str	1	0	0	1.004948	204	1
benchmarks/spec2006/400.perlbench.bc	400.perlbench.bc	star-risk	S_unpack_rec	1	-9	1	185.363385	1852132	0
benchmarks/spec2006/400.perlbench.bc	400.perlbench.bc	star-risk	S_next_symbol	1	0	0	2.005204	143340	1
benchmarks/spec2006/400.perlbench.bc	400.perlbench.bc	star-risk	S_mul128	1	0	0	1.005714	180	1
benchmarks/spec2006/400.perlbench.bc	400.perlbench.bc	star-risk	S_group_end	1	0	0	1.004435	188	1
benchmarks/spec2006/400.perlbench.bc	400.perlbench.bc	star-risk	S_get_num	1	0	0	1.016447	340	1
benchmarks/spec2006/400.perlbench.bc	400.perlbench.bc	star-risk	S_measure_struct	1	0	0	1.005904	204	1
benchmarks/spec2006/400.perlbench.bc	400.perlbench.bc	star-risk	Perl_unpackstring	1	0	0	1.005926	204	1
benchmarks/spec2006/400.perlbench.bc	400.perlbench.bc	star-risk	Perl_pp_unpack	1	0	0	1.004844	204	1
benchmarks/spec2006/400.perlbench.bc	400.perlbench.bc	star-risk	Perl_pack_cat	1	0	0	1.005955	192	1
benchmarks/spec2006/400.perlbench.bc	400.perlbench.bc	star-risk	S_pack_rec	1	-9	1	185.352066	1764588	0
benchmarks/spec2006/400.perlbench.bc	400.perlbench.bc	star-risk	S_is_an_int	1	0	0	1.005637	204	1
benchmarks/spec2006/400.perlbench.bc	400.perlbench.bc	star-risk	S_div128	1	0	0	1.006297	196	1
benchmarks/spec2006/400.perlbench.bc	400.perlbench.bc	star-risk	S_doencodes	1	0	0	1.015208	184	1
benchmarks/spec2006/400.perlbench.bc	400.perlbench.bc	star-risk	Perl_packlist	1	0	0	1.005738	176	1
benchmarks/spec2006/400.perlbench.bc	400.perlbench.bc	star-risk	Perl_pp_pack	1	0	0	1.008155	176	1
benchmarks/spec2006/400.perlbench.bc	400.perlbench.bc	star-risk	Perl_sortsv	1	0	0	1.003785	204	1
benchmarks/spec2006/400.perlbench.bc	400.perlbench.bc	star-risk	S_mergesortsv	1	0	0	8.014295	185288	1
benchmarks/spec2006/400.perlbench.bc	400.perlbench.bc	star-risk	S_qsortsv	1	0	0	1.004398	196	1
benchmarks/spec2006/400.perlbench.bc	400.perlbench.bc	star-risk	cmpindir_desc	1	0	0	1.002733	192	1
benchmarks/spec2006/400.perlbench.bc	400.perlbench.bc	star-risk	cmpindir	1	0	0	1.004794	168	1
benchmarks/spec2006/400.perlbench.bc	400.perlbench.bc	star-risk	S_qsortsvu	1	0	0	34.056875	342136	1
benchmarks/spec2006/400.perlbench.bc	400.perlbench.bc	star-risk	cmp_desc	1	0	0	1.006963	208	1
benchmarks/spec2006/400.perlbench.bc	400.perlbench.bc	star-risk	dynprep	1	0	0	3.007607	139812	1
benchmarks/spec2006/400.perlbench.bc	400.perlbench.bc	star-risk	S_sortsv_desc	1	0	0	1.004743	184	1
benchmarks/spec2006/400.perlbench.bc	400.perlbench.bc	star-risk	Perl_pp_sort	1	0	0	1.004011	208	1
benchmarks/spec2006/400.perlbench.bc	400.perlbench.bc	star-risk	sortcv_stacked	1	0	0	1.005106	204	1
benchmarks/spec2006/400.perlbench.bc	400.perlbench.bc	star-risk	sortcv	1	0	0	1.006108	176	1
benchmarks/spec2006/400.perlbench.bc	400.perlbench.bc	star-risk	sortcv_xsub	1	0	0	1.004693	200	1
benchmarks/spec2006/400.perlbench.bc	400.perlbench.bc	star-risk	amagic_i_ncmp	1	0	0	1.007897	236	1
benchmarks/spec2006/400.perlbench.bc	400.perlbench.bc	star-risk	sv_i_ncmp	1	0	0	1.005209	204	1
benchmarks/spec2006/400.perlbench.bc	400.perlbench.bc	star-risk	amagic_ncmp	1	0	0	1.003628	232	1
benchmarks/spec2006/400.perlbench.bc	400.perlbench.bc	star-risk	sv_ncmp	1	0	0	1.005232	156	1
benchmarks/spec2006/400.perlbench.bc	400.perlbench.bc	star-risk	amagic_cmp	1	0	0	1.005146	204	1
benchmarks/spec2006/400.perlbench.bc	400.perlbench.bc	star-risk	Perl_pp_backtick	1	0	0	1.003574	200	1
benchmarks/spec2006/400.perlbench.bc	400.perlbench.bc	star-risk	Perl_pp_glob	1	0	0	1.005465	200	1
benchmarks/spec2006/400.perlbench.bc	400.perlbench.bc	star-risk	Perl_pp_rcatline	1	0	0	1.006566	184	1
benchmarks/spec2006/400.perlbench.bc	400.perlbench.bc	star-risk	Perl_pp_warn	1	0	0	1.004953	180	1
benchmarks/spec2006/400.perlbench.bc	400.perlbench.bc	star-risk	Perl_pp_die	1	0	0	1.005144	176	1
benchmarks/spec2006/400.perlbench.bc	400.perlbench.bc	star-risk	Perl_pp_open	1	0	0	1.003707	188	1
benchmarks/spec2006/400.perlbench.bc	400.perlbench.bc	star-risk	Perl_pp_close	1	0	0	1.004141	204	1
benchmarks/spec2006/400.perlbench.bc	400.perlbench.bc	star-risk	Perl_pp_pipe_op	1	0	0	1.004615	204	1
benchmarks/spec2006/400.perlbench.bc	400.perlbench.bc	star-risk	Perl_pp_fileno	1	0	0	1.003725	204	1
benchmarks/spec2006/400.perlbench.bc	400.perlbench.bc	star-risk	Perl_pp_umask	1	0	0	1.003138	204	1
benchmarks/spec2006/400.perlbench.bc	400.perlbench.bc	star-risk	Perl_pp_binmode	1	0	0	1.003703	192	1
benchmarks/spec2006/400.perlbench.bc	400.perlbench.bc	star-risk	Perl_pp_tie	1	0	0	1.004069	200	1
benchmarks/spec2006/400.perlbench.bc	400.perlbench.bc	star-risk	Perl_pp_untie	1	0	0	1.006449	180	1
benchmarks/spec2006/400.perlbench.bc	400.perlbench.bc	star-risk	Perl_pp_tied	1	0	0	1.008555	204	1
benchmarks/spec2006/400.perlbench.bc	400.perlbench.bc	star-risk	Perl_pp_dbmopen	1	0	0	1.005545	196	1
benchmarks/spec2006/400.perlbench.bc	400.perlbench.bc	star-risk	Perl_pp_dbmclose	1	0	0	1.005635	204	1
benchmarks/spec2006/400.perlbench.bc	400.perlbench.bc	star-risk	Perl_pp_sselect	1	0	0	1.016484	15160	1
benchmarks/spec2006/400.perlbench.bc	400.perlbench.bc	star-risk	Perl_setdefout	1	0	0	1.005319	180	1
benchmarks/spec2006/400.perlbench.bc	400.perlbench.bc	star-risk	Perl_pp_select	1	0	0	1.007461	208	1
benchmarks/spec2006/400.perlbench.bc	400.perlbench.bc	star-risk	Perl_pp_getc	1	0	0	1.004868	188	1
benchmarks/spec2006/400.perlbench.bc	400.perlbench.bc	star-risk	Perl_pp_read	1	0	0	1.003861	176	1
benchmarks/spec2006/400.perlbench.bc	400.perlbench.bc	star-risk	Perl_pp_sysread	1	-9	1	185.307798	222852	0
benchmarks/spec2006/400.perlbench.bc	400.perlbench.bc	star-risk	Perl_pp_enterwrite	1	0	0	1.005644	188	1
benchmarks/spec2006/400.perlbench.bc	400.perlbench.bc	star-risk	S_doform	1	0	0	1.015969	180	1
benchmarks/spec2006/400.perlbench.bc	400.perlbench.bc	star-risk	Perl_pp_leavewrite	1	0	0	13.022430	156152	1
benchmarks/spec2006/400.perlbench.bc	400.perlbench.bc	star-risk	Perl_pp_prtf	1	0	0	1.004697	208	1
benchmarks/spec2006/400.perlbench.bc	400.perlbench.bc	star-risk	Perl_pp_sysopen	1	0	0	1.006468	204	1
benchmarks/spec2006/400.perlbench.bc	400.perlbench.bc	star-risk	Perl_pp_syswrite	1	0	0	1.017229	240	1
benchmarks/spec2006/400.perlbench.bc	400.perlbench.bc	star-risk	Perl_pp_send	1	0	0	1.005159	204	1
benchmarks/spec2006/400.perlbench.bc	400.perlbench.bc	star-risk	Perl_pp_recv	1	0	0	1.006615	184	1
benchmarks/spec2006/400.perlbench.bc	400.perlbench.bc	star-risk	Perl_pp_eof	1	0	0	1.007691	188	1
benchmarks/spec2006/400.perlbench.bc	400.perlbench.bc	star-risk	Perl_pp_tell	1	0	0	1.006538	204	1
benchmarks/spec2006/400.perlbench.bc	400.perlbench.bc	star-risk	Perl_pp_seek	1	0	0	1.008000	208	1
benchmarks/spec2006/400.perlbench.bc	400.perlbench.bc	star-risk	Perl_pp_sysseek	1	0	0	1.014991	200	1
benchmarks/spec2006/400.perlbench.bc	400.perlbench.bc	star-risk	Perl_pp_truncate	1	0	0	1.005230	176	1
benchmarks/spec2006/400.perlbench.bc	400.perlbench.bc	star-risk	Perl_pp_fcntl	1	0	0	1.004174	208	1
benchmarks/spec2006/400.perlbench.bc	400.perlbench.bc	star-risk	Perl_pp_ioctl	1	0	0	1.005236	176	1
benchmarks/spec2006/400.perlbench.bc	400.perlbench.bc	star-risk	Perl_pp_flock	1	0	0	1.005136	204	1
benchmarks/spec2006/400.perlbench.bc	400.perlbench.bc	star-risk	Perl_pp_socket	1	0	0	1.007007	176	1
benchmarks/spec2006/400.perlbench.bc	400.perlbench.bc	star-risk	Perl_pp_sockpair	1	0	0	1.006230	204	1
benchmarks/spec2006/400.perlbench.bc	400.perlbench.bc	star-risk	Perl_pp_bind	1	0	0	1.007073	200	1
benchmarks/spec2006/400.perlbench.bc	400.perlbench.bc	star-risk	Perl_pp_connect	1	0	0	1.006052	204	1
benchmarks/spec2006/400.perlbench.bc	400.perlbench.bc	star-risk	Perl_pp_listen	1	0	0	1.006479	176	1
benchmarks/spec2006/400.perlbench.bc	400.perlbench.bc	star-risk	Perl_pp_accept	1	0	0	1.005723	236	1
benchmarks/spec2006/400.perlbench.bc	400.perlbench.bc	star-risk	Perl_pp_shutdown	1	0	0	1.006568	204	1
benchmarks/spec2006/400.perlbench.bc	400.perlbench.bc	star-risk	Perl_pp_gsockopt	1	0	0	1.005855	176	1
benchmarks/spec2006/400.perlbench.bc	400.perlbench.bc	star-risk	Perl_pp_ssockopt	1	0	0	1.003773	180	1
benchmarks/spec2006/400.perlbench.bc	400.perlbench.bc	star-risk	Perl_pp_getsockname	1	0	0	1.015272	204	1
benchmarks/spec2006/400.perlbench.bc	400.perlbench.bc	star-risk	Perl_pp_getpeername	1	0	0	1.004243	204	1
benchmarks/spec2006/400.perlbench.bc	400.perlbench.bc	star-risk	Perl_pp_lstat	1	0	0	1.005320	1352	1
benchmarks/spec2006/400.perlbench.bc	400.perlbench.bc	star-risk	Perl_pp_stat	1	0	0	1.006453	236	1
benchmarks/spec2006/400.perlbench.bc	400.perlbench.bc	star-risk	Perl_pp_ftrread	1	0	0	1.003972	196	1
benchmarks/spec2006/400.perlbench.bc	400.perlbench.bc	star-risk	Perl_pp_ftrwrite	1	0	0	1.003228	208	1
benchmarks/spec2006/400.perlbench.bc	400.perlbench.bc	star-risk	Perl_pp_ftrexec	1	0	0	1.003857	236	1
benchmarks/spec2006/400.perlbench.bc	400.perlbench.bc	star-risk	Perl_pp_fteread	1	0	0	1.004229	192	1
benchmarks/spec2006/400.perlbench.bc	400.perlbench.bc	star-risk	Perl_pp_ftewrite	1	0	0	1.004305	236	1
benchmarks/spec2006/400.perlbench.bc	400.perlbench.bc	star-risk	Perl_pp_fteexec	1	0	0	1.003308	208	1
benchmarks/spec2006/400.perlbench.bc	400.perlbench.bc	star-risk	Perl_pp_ftis	1	0	0	1.003642	204	1
benchmarks/spec2006/400.perlbench.bc	400.perlbench.bc	star-risk	Perl_pp_fteowned	1	0	0	1.030054	204	1
benchmarks/spec2006/400.perlbench.bc	400.perlbench.bc	star-risk	Perl_pp_ftrowned	1	0	0	1.021764	208	1
benchmarks/spec2006/400.perlbench.bc	400.perlbench.bc	star-risk	Perl_pp_ftzero	1	0	0	1.010532	200	1
benchmarks/spec2006/400.perlbench.bc	400.perlbench.bc	star-risk	Perl_pp_ftsize	1	0	0	1.007999	200	1
benchmarks/spec2006/400.perlbench.bc	400.perlbench.bc	star-risk	Perl_pp_ftmtime	1	0	0	1.003308	192	1
benchmarks/spec2006/400.perlbench.bc	400.perlbench.bc	star-risk	Perl_pp_ftatime	1	0	0	1.005527	204	1
benchmarks/spec2006/400.perlbench.bc	400.perlbench.bc	star-risk	Perl_pp_ftctime	1	0	0	1.003416	184	1
benchmarks/spec2006/400.perlbench.bc	400.perlbench.bc	star-risk	Perl_pp_ftsock	1	0	0	1.003249	200	1
benchmarks/spec2006/400.perlbench.bc	400.perlbench.bc	star-risk	Perl_pp_ftchr	1	0	0	1.003468	204	1
benchmarks/spec2006/400.perlbench.bc	400.perlbench.bc	star-risk	Perl_pp_ftblk	1	0	0	1.006617	180	1
benchmarks/spec2006/400.perlbench.bc	400.perlbench.bc	star-risk	Perl_pp_ftfile	1	0	0	1.008881	204	1
benchmarks/spec2006/400.perlbench.bc	400.perlbench.bc	star-risk	Perl_pp_ftdir	1	0	0	1.006192	236	1
benchmarks/spec2006/400.perlbench.bc	400.perlbench.bc	star-risk	Perl_pp_ftpipe	1	0	0	1.003654	204	1
benchmarks/spec2006/400.perlbench.bc	400.perlbench.bc	star-risk	Perl_pp_ftlink	1	0	0	1.005191	144	1
benchmarks/spec2006/400.perlbench.bc	400.perlbench.bc	star-risk	Perl_pp_ftsuid	1	0	0	1.005701	204	1
benchmarks/spec2006/400.perlbench.bc	400.perlbench.bc	star-risk	Perl_pp_ftsgid	1	0	0	1.005895	8	1
benchmarks/spec2006/400.perlbench.bc	400.perlbench.bc	star-risk	Perl_pp_ftsvtx	1	0	0	1.005938	208	1
benchmarks/spec2006/400.perlbench.bc	400.perlbench.bc	star-risk	Perl_pp_fttty	1	0	0	1.005759	208	1
benchmarks/spec2006/400.perlbench.bc	400.perlbench.bc	star-risk	Perl_pp_fttext	1	0	0	13.026373	161552	1
benchmarks/spec2006/400.perlbench.bc	400.perlbench.bc	star-risk	Perl_pp_ftbinary	1	0	0	1.004728	224	1
benchmarks/spec2006/400.perlbench.bc	400.perlbench.bc	star-risk	Perl_pp_chdir	1	0	0	1.005531	188	1
benchmarks/spec2006/400.perlbench.bc	400.perlbench.bc	star-risk	Perl_pp_chown	1	0	0	1.007004	176	1
benchmarks/spec2006/400.perlbench.bc	400.perlbench.bc	star-risk	Perl_pp_chroot	1	0	0	1.005444	204	1
benchmarks/spec2006/400.perlbench.bc	400.perlbench.bc	star-risk	Perl_pp_unlink	1	0	0	1.005107	204	1
benchmarks/spec2006/400.perlbench.bc	400.perlbench.bc	star-risk	Perl_pp_chmod	1	0	0	1.004925	204	1
benchmarks/spec2006/400.perlbench.bc	400.perlbench.bc	star-risk	Perl_pp_utime	1	0	0	1.006797	180	1
benchmarks/spec2006/400.perlbench.bc	400.perlbench.bc	star-risk	Perl_pp_rename	1	0	0	1.006343	208	1
benchmarks/spec2006/400.perlbench.bc	400.perlbench.bc	star-risk	Perl_pp_link	1	0	0	1.003825	208	1
benchmarks/spec2006/400.perlbench.bc	400.perlbench.bc	star-risk	Perl_pp_symlink	1	0	0	1.003195	200	1
benchmarks/spec2006/400.perlbench.bc	400.perlbench.bc	star-risk	Perl_pp_readlink	1	0	0	1.005196	236	1
benchmarks/spec2006/400.perlbench.bc	400.perlbench.bc	star-risk	Perl_pp_mkdir	1	0	0	1.004651	204	1
benchmarks/spec2006/400.perlbench.bc	400.perlbench.bc	star-risk	Perl_pp_rmdir	1	0	0	1.003244	208	1
benchmarks/spec2006/400.perlbench.bc	400.perlbench.bc	star-risk	Perl_pp_open_dir	1	0	0	1.005384	232	1
benchmarks/spec2006/400.perlbench.bc	400.perlbench.bc	star-risk	Perl_pp_readdir	1	0	0	1.005651	752	1
benchmarks/spec2006/400.perlbench.bc	400.perlbench.bc	star-risk	Perl_pp_telldir	1	0	0	1.006232	208	1
benchmarks/spec2006/400.perlbench.bc	400.perlbench.bc	star-risk	Perl_pp_seekdir	1	0	0	1.005529	204	1
benchmarks/spec2006/400.perlbench.bc	400.perlbench.bc	star-risk	Perl_pp_rewinddir	1	0	0	1.006599	80	1
benchmarks/spec2006/400.perlbench.bc	400.perlbench.bc	star-risk	Perl_pp_closedir	1	0	0	1.005507	180	1
benchmarks/spec2006/400.perlbench.bc	400.perlbench.bc	star-risk	Perl_pp_fork	1	0	0	1.004446	232	1
benchmarks/spec2006/400.perlbench.bc	400.perlbench.bc	star-risk	Perl_pp_wait	1	0	0	1.005081	204	1
benchmarks/spec2006/400.perlbench.bc	400.perlbench.bc	star-risk	Perl_pp_waitpid	1	0	0	1.005257	192	1
benchmarks/spec2006/400.perlbench.bc	400.perlbench.bc	star-risk	Perl_pp_system	1	0	0	1.004953	192	1
benchmarks/spec2006/400.perlbench.bc	400.perlbench.bc	star-risk	Perl_pp_exec	1	0	0	1.004231	208	1
benchmarks/spec2006/400.perlbench.bc	400.perlbench.bc	star-risk	Perl_pp_kill	1	0	0	1.004399	196	1
benchmarks/spec2006/400.perlbench.bc	400.perlbench.bc	star-risk	Perl_pp_getppid	1	0	0	1.006145	184	1
benchmarks/spec2006/400.perlbench.bc	400.perlbench.bc	star-risk	Perl_pp_getpgrp	1	0	0	1.005978	204	1
benchmarks/spec2006/400.perlbench.bc	400.perlbench.bc	star-risk	Perl_pp_setpgrp	1	0	0	1.006148	208	1
benchmarks/spec2006/400.perlbench.bc	400.perlbench.bc	star-risk	Perl_pp_getpriority	1	0	0	1.004187	204	1
benchmarks/spec2006/400.perlbench.bc	400.perlbench.bc	star-risk	Perl_pp_setpriority	1	0	0	1.005234	232	1
benchmarks/spec2006/400.perlbench.bc	400.perlbench.bc	star-risk	Perl_pp_time	1	0	0	1.006692	204	1
benchmarks/spec2006/400.perlbench.bc	400.perlbench.bc	star-risk	Perl_pp_tms	1	0	0	1.004394	192	1
benchmarks/spec2006/400.perlbench.bc	400.perlbench.bc	star-risk	Perl_pp_localtime	1	0	0	1.003500	240	1
benchmarks/spec2006/400.perlbench.bc	400.perlbench.bc	star-risk	Perl_pp_gmtime	1	0	0	1.004752	204	1
benchmarks/spec2006/400.perlbench.bc	400.perlbench.bc	star-risk	Perl_pp_alarm	1	0	0	1.003959	208	1
benchmarks/spec2006/400.perlbench.bc	400.perlbench.bc	star-risk	Perl_pp_sleep	1	0	0	1.003970	204	1
benchmarks/spec2006/400.perlbench.bc	400.perlbench.bc	star-risk	Perl_pp_shmget	1	0	0	1.005328	204	1
benchmarks/spec2006/400.perlbench.bc	400.perlbench.bc	star-risk	Perl_pp_semget	1	0	0	1.005755	184	1
benchmarks/spec2006/400.perlbench.bc	400.perlbench.bc	star-risk	Perl_pp_shmctl	1	0	0	1.003912	204	1
benchmarks/spec2006/400.perlbench.bc	400.perlbench.bc	star-risk	Perl_pp_semctl	1	0	0	1.005777	204	1
benchmarks/spec2006/400.perlbench.bc	400.perlbench.bc	star-risk	Perl_pp_shmread	1	0	0	1.005540	208	1
benchmarks/spec2006/400.perlbench.bc	400.perlbench.bc	star-risk	Perl_pp_shmwrite	1	0	0	1.006478	240	1
benchmarks/spec2006/400.perlbench.bc	400.perlbench.bc	star-risk	Perl_pp_msgget	1	0	0	1.006644	204	1
benchmarks/spec2006/400.perlbench.bc	400.perlbench.bc	star-risk	Perl_pp_msgctl	1	0	0	1.004761	204	1
benchmarks/spec2006/400.perlbench.bc	400.perlbench.bc	star-risk	Perl_pp_msgsnd	1	0	0	1.006449	204	1
benchmarks/spec2006/400.perlbench.bc	400.perlbench.bc	star-risk	Perl_pp_msgrcv	1	0	0	1.006289	208	1
benchmarks/spec2006/400.perlbench.bc	400.perlbench.bc	star-risk	Perl_pp_semop	1	0	0	1.005719	204	1
benchmarks/spec2006/400.perlbench.bc	400.perlbench.bc	star-risk	Perl_pp_ghbyname	1	0	0	1.006052	208	1
benchmarks/spec2006/400.perlbench.bc	400.perlbench.bc	star-risk	Perl_pp_ghbyaddr	1	0	0	1.005179	232	1
benchmarks/spec2006/400.perlbench.bc	400.perlbench.bc	star-risk	Perl_pp_ghostent	1	0	0	1.005629	208	1
benchmarks/spec2006/400.perlbench.bc	400.perlbench.bc	star-risk	Perl_pp_gnbyname	1	0	0	1.005639	204	1
benchmarks/spec2006/400.perlbench.bc	400.perlbench.bc	star-risk	Perl_pp_gnbyaddr	1	0	0	1.007643	192	1
benchmarks/spec2006/400.perlbench.bc	400.perlbench.bc	star-risk	Perl_pp_gnetent	1	0	0	1.007383	184	1
benchmarks/spec2006/400.perlbench.bc	400.perlbench.bc	star-risk	Perl_pp_gpbyname	1	0	0	1.005746	236	1
benchmarks/spec2006/400.perlbench.bc	400.perlbench.bc	star-risk	Perl_pp_gpbynumber	1	0	0	1.005791	236	1
benchmarks/spec2006/400.perlbench.bc	400.perlbench.bc	star-risk	Perl_pp_gprotoent	1	0	0	1.005984	200	1
benchmarks/spec2006/400.perlbench.bc	400.perlbench.bc	star-risk	Perl_pp_gsbyname	1	0	0	1.004874	204	1
benchmarks/spec2006/400.perlbench.bc	400.perlbench.bc	star-risk	Perl_pp_gsbyport	1	0	0	1.003652	208	1
benchmarks/spec2006/400.perlbench.bc	400.perlbench.bc	star-risk	Perl_pp_gservent	1	0	0	1.004098	152	1
benchmarks/spec2006/400.perlbench.bc	400.perlbench.bc	star-risk	Perl_pp_shostent	1	0	0	1.005958	204	1
benchmarks/spec2006/400.perlbench.bc	400.perlbench.bc	star-risk	Perl_pp_snetent	1	0	0	1.005165	204	1
benchmarks/spec2006/400.perlbench.bc	400.perlbench.bc	star-risk	Perl_pp_sprotoent	1	0	0	1.004650	180	1
benchmarks/spec2006/400.perlbench.bc	400.perlbench.bc	star-risk	Perl_pp_sservent	1	0	0	1.004583	196	1
benchmarks/spec2006/400.perlbench.bc	400.perlbench.bc	star-risk	Perl_pp_ehostent	1	0	0	1.006257	204	1
benchmarks/spec2006/400.perlbench.bc	400.perlbench.bc	star-risk	Perl_pp_enetent	1	0	0	1.004265	188	1
benchmarks/spec2006/400.perlbench.bc	400.perlbench.bc	star-risk	Perl_pp_eprotoent	1	0	0	1.005047	196	1
benchmarks/spec2006/400.perlbench.bc	400.perlbench.bc	star-risk	Perl_pp_eservent	1	0	0	1.005142	188	1
benchmarks/spec2006/400.perlbench.bc	400.perlbench.bc	star-risk	Perl_pp_gpwnam	1	0	0	1.006669	204	1
benchmarks/spec2006/400.perlbench.bc	400.perlbench.bc	star-risk	Perl_pp_gpwuid	1	0	0	1.004517	204	1
benchmarks/spec2006/400.perlbench.bc	400.perlbench.bc	star-risk	Perl_pp_gpwent	1	0	0	1.004234	236	1
benchmarks/spec2006/400.perlbench.bc	400.perlbench.bc	star-risk	Perl_pp_spwent	1	0	0	1.005163	996	1
benchmarks/spec2006/400.perlbench.bc	400.perlbench.bc	star-risk	Perl_pp_epwent	1	0	0	1.004822	204	1
benchmarks/spec2006/400.perlbench.bc	400.perlbench.bc	star-risk	Perl_pp_ggrnam	1	0	0	1.005220	204	1
benchmarks/spec2006/400.perlbench.bc	400.perlbench.bc	star-risk	Perl_pp_ggrgid	1	0	0	1.005944	180	1
benchmarks/spec2006/400.perlbench.bc	400.perlbench.bc	star-risk	Perl_pp_ggrent	1	0	0	1.005805	236	1
benchmarks/spec2006/400.perlbench.bc	400.perlbench.bc	star-risk	Perl_pp_sgrent	1	0	0	1.005662	184	1
benchmarks/spec2006/400.perlbench.bc	400.perlbench.bc	star-risk	Perl_pp_egrent	1	0	0	1.003755	204	1
benchmarks/spec2006/400.perlbench.bc	400.perlbench.bc	star-risk	Perl_pp_getlogin	1	0	0	1.006249	100	1
benchmarks/spec2006/400.perlbench.bc	400.perlbench.bc	star-risk	Perl_pp_syscall	1	0	0	1.005818	204	1
benchmarks/spec2006/400.perlbench.bc	400.perlbench.bc	star-risk	Perl_reginitcolors	1	0	0	1.005189	204	1
benchmarks/spec2006/400.perlbench.bc	400.perlbench.bc	star-risk	Perl_pregcomp	1	-9	1	185.318497	343440	0
benchmarks/spec2006/400.perlbench.bc	400.perlbench.bc	star-risk	clear_re	1	0	0	1.004735	232	1
benchmarks/spec2006/400.perlbench.bc	400.perlbench.bc	star-risk	S_reg	1	0	0	25.042696	347828	1
benchmarks/spec2006/400.perlbench.bc	400.perlbench.bc	star-risk	Perl_regnext	1	0	0	1.006591	208	1
benchmarks/spec2006/400.perlbench.bc	400.perlbench.bc	star-risk	S_cl_init	1	0	0	1.005256	204	1
benchmarks/spec2006/400.perlbench.bc	400.perlbench.bc	star-risk	S_study_chunk	1	-9	1	185.388378	3791436	0
benchmarks/spec2006/400.perlbench.bc	400.perlbench.bc	star-risk	S_scan_commit	1	0	0	1.006006	204	1
benchmarks/spec2006/400.perlbench.bc	400.perlbench.bc	star-risk	S_cl_is_anything	1	0	0	1.005397	192	1
benchmarks/spec2006/400.perlbench.bc	400.perlbench.bc	star-risk	S_add_data	1	0	0	1.004835	236	1
benchmarks/spec2006/400.perlbench.bc	400.perlbench.bc	star-risk	S_cl_init_zero	1	0	0	1.015083	204	1
benchmarks/spec2006/400.perlbench.bc	400.perlbench.bc	star-risk	S_cl_or	1	0	0	1.004759	200	1
benchmarks/spec2006/400.perlbench.bc	400.perlbench.bc	star-risk	S_cl_and	1	0	0	1.005555	940	1
benchmarks/spec2006/400.perlbench.bc	400.perlbench.bc	star-risk	S_cl_anything	1	0	0	1.005574	204	1
benchmarks/spec2006/400.perlbench.bc	400.perlbench.bc	star-risk	S_re_croak2	1	0	0	1.003835	204	1
benchmarks/spec2006/400.perlbench.bc	400.perlbench.bc	star-risk	S_nextchar	1	0	0	1.003319	208	1
benchmarks/spec2006/400.perlbench.bc	400.perlbench.bc	star-risk	Perl_save_re_context	1	0	0	1.004433	184	1
benchmarks/spec2006/400.perlbench.bc	400.perlbench.bc	star-risk	S_reg_node	1	0	0	1.003499	204	1
benchmarks/spec2006/400.perlbench.bc	400.perlbench.bc	star-risk	S_reganode	1	0	0	1.002490	204	1
benchmarks/spec2006/400.perlbench.bc	400.perlbench.bc	star-risk	S_regtail	1	0	0	1.005638	204	1
benchmarks/spec2006/400.perlbench.bc	400.perlbench.bc	star-risk	S_regbranch	1	0	0	1.004748	180	1
benchmarks/spec2006/400.perlbench.bc	400.perlbench.bc	star-risk	S_reginsert	1	0	0	1.004754	188	1
benchmarks/spec2006/400.perlbench.bc	400.perlbench.bc	star-risk	S_regoptail	1	0	0	1.005736	188	1
benchmarks/spec2006/400.perlbench.bc	400.perlbench.bc	star-risk	S_regpiece	1	-9	1	185.292039	164992	0
benchmarks/spec2006/400.perlbench.bc	400.perlbench.bc	star-risk	S_regatom	1	-9	1	185.315349	465160	0
benchmarks/spec2006/400.perlbench.bc	400.perlbench.bc	star-risk	S_regcurly	1	0	0	1.005693	236	1
benchmarks/spec2006/400.perlbench.bc	400.perlbench.bc	star-risk	S_regclass	1	0	0	1.004783	204	1
benchmarks/spec2006/400.perlbench.bc	400.perlbench.bc	star-risk	S_regwhite	1	0	0	1.003940	196	1
benchmarks/spec2006/400.perlbench.bc	400.perlbench.bc	star-risk	S_reguni	1	0	0	1.004398	204	1
benchmarks/spec2006/400.perlbench.bc	400.perlbench.bc	star-risk	S_checkposixcc	1	0	0	1.003824	188	1
benchmarks/spec2006/400.perlbench.bc	400.perlbench.bc	star-risk	S_regpposixcc	1	0	0	1.004101	208	1
benchmarks/spec2006/400.perlbench.bc	400.perlbench.bc	star-risk	Perl_regdump	1	0	0	1.003384	120	1
benchmarks/spec2006/400.perlbench.bc	400.perlbench.bc	star-risk	Perl_regprop	1	0	0	1.005494	208	1
benchmarks/spec2006/400.perlbench.bc	400.perlbench.bc	star-risk	Perl_re_intuit_string	1	0	0	1.004930	196	1
benchmarks/spec2006/400.perlbench.bc	400.perlbench.bc	star-risk	Perl_pregfree	1	0	0	1.006709	192	1
benchmarks/spec2006/400.perlbench.bc	400.perlbench.bc	star-risk	Perl_pregexec	1	0	0	1.006130	204	1
benchmarks/spec2006/400.perlbench.bc	400.perlbench.bc	star-risk	Perl_regexec_flags	1	-9	1	185.313435	464724	0
benchmarks/spec2006/400.perlbench.bc	400.perlbench.bc	star-risk	S_cache_re	1	0	0	1.005126	204	1
benchmarks/spec2006/400.perlbench.bc	400.perlbench.bc	star-risk	Perl_re_intuit_start	1	-9	1	185.346622	1683788	0
benchmarks/spec2006/400.perlbench.bc	400.perlbench.bc	star-risk	S_regtry	1	0	0	1.003519	204	1
benchmarks/spec2006/400.perlbench.bc	400.perlbench.bc	star-risk	S_reghop3	1	0	0	1.003328	188	1
benchmarks/spec2006/400.perlbench.bc	400.perlbench.bc	star-risk	S_to_utf8_substr	1	0	0	1.003185	192	1
benchmarks/spec2006/400.perlbench.bc	400.perlbench.bc	star-risk	S_to_byte_substr	1	0	0	1.004907	188	1
benchmarks/spec2006/400.perlbench.bc	400.perlbench.bc	star-risk	S_reghop	1	0	0	1.004932	200	1
benchmarks/spec2006/400.perlbench.bc	400.perlbench.bc	star-risk	S_find_byclass	1	0	0	13.021246	348032	1
benchmarks/spec2006/400.perlbench.bc	400.perlbench.bc	star-risk	restore_pos	1	0	0	1.003613	176	1
benchmarks/spec2006/400.perlbench.bc	400.perlbench.bc	star-risk	S_reginclass	1	-9	1	185.316683	507576	0
benchmarks/spec2006/400.perlbench.bc	400.perlbench.bc	star-risk	Perl_regclass_swash	1	0	0	1.005166	176	1
benchmarks/spec2006/400.perlbench.bc	400.perlbench.bc	star-risk	S_regmatch	1	-9	1	185.454829	7367828	0
benchmarks/spec2006/400.perlbench.bc	400.perlbench.bc	star-risk	S_regcppush	1	0	0	1.003360	208	1
benchmarks/spec2006/400.perlbench.bc	400.perlbench.bc	star-risk	S_regcppop	1	0	0	1.005818	204	1
benchmarks/spec2006/400.perlbench.bc	400.perlbench.bc	star-risk	S_regrepeat_hard	1	0	0	1.003607	192	1
benchmarks/spec2006/400.perlbench.bc	400.perlbench.bc	star-risk	S_regrepeat	1	0	0	1.005142	180	1
benchmarks/spec2006/400.perlbench.bc	400.perlbench.bc	star-risk	S_regcp_set_to	1	0	0	1.005044	164	1
benchmarks/spec2006/400.perlbench.bc	400.perlbench.bc	star-risk	S_reghopmaybe	1	0	0	1.007208	208	1
benchmarks/spec2006/400.perlbench.bc	400.perlbench.bc	star-risk	S_reghopmaybe3	1	0	0	1.004046	196	1
benchmarks/spec2006/400.perlbench.bc	400.perlbench.bc	star-risk	Perl_runops_standard	1	0	0	1.003122	196	1
benchmarks/spec2006/400.perlbench.bc	400.perlbench.bc	star-risk	Perl_stack_grow	1	0	0	1.005071	204	1
benchmarks/spec2006/400.perlbench.bc	400.perlbench.bc	star-risk	Perl_new_stackinfo	1	0	0	1.006398	232	1
benchmarks/spec2006/400.perlbench.bc	400.perlbench.bc	star-risk	Perl_cxinc	1	0	0	1.006684	180	1
benchmarks/spec2006/400.perlbench.bc	400.perlbench.bc	star-risk	Perl_push_return	1	0	0	1.006675	200	1
benchmarks/spec2006/400.perlbench.bc	400.perlbench.bc	star-risk	Perl_pop_return	1	0	0	1.007056	200	1
benchmarks/spec2006/400.perlbench.bc	400.perlbench.bc	star-risk	Perl_push_scope	1	0	0	1.004545	452	1
benchmarks/spec2006/400.perlbench.bc	400.perlbench.bc	star-risk	Perl_pop_scope	1	0	0	1.003429	180	1
benchmarks/spec2006/400.perlbench.bc	400.perlbench.bc	star-risk	Perl_leave_scope	1	0	0	1.003385	204	1
benchmarks/spec2006/400.perlbench.bc	400.perlbench.bc	star-risk	Perl_markstack_grow	1	0	0	1.003827	180	1
benchmarks/spec2006/400.perlbench.bc	400.perlbench.bc	star-risk	Perl_savestack_grow	1	0	0	1.003575	96	1
benchmarks/spec2006/400.perlbench.bc	400.perlbench.bc	star-risk	Perl_savestack_grow_cnt	1	0	0	1.004644	204	1
benchmarks/spec2006/400.perlbench.bc	400.perlbench.bc	star-risk	Perl_tmps_grow	1	0	0	1.005192	176	1
benchmarks/spec2006/400.perlbench.bc	400.perlbench.bc	star-risk	Perl_free_tmps	1	0	0	1.004561	236	1
benchmarks/spec2006/400.perlbench.bc	400.perlbench.bc	star-risk	Perl_save_scalar	1	0	0	1.004994	204	1
benchmarks/spec2006/400.perlbench.bc	400.perlbench.bc	star-risk	S_save_scalar_at	1	0	0	1.004548	184	1
benchmarks/spec2006/400.perlbench.bc	400.perlbench.bc	star-risk	Perl_save_sptr	1	0	0	1.007311	1644	1
benchmarks/spec2006/400.perlbench.bc	400.perlbench.bc	star-risk	Perl_save_svref	1	0	0	1.005048	204	1
benchmarks/spec2006/400.perlbench.bc	400.perlbench.bc	star-risk	Perl_save_generic_svref	1	0	0	1.003672	236	1
benchmarks/spec2006/400.perlbench.bc	400.perlbench.bc	star-risk	Perl_save_generic_pvref	1	0	0	1.006825	196	1
benchmarks/spec2006/400.perlbench.bc	400.perlbench.bc	star-risk	Perl_save_shared_pvref	1	0	0	1.003882	176	1
benchmarks/spec2006/400.perlbench.bc	400.perlbench.bc	star-risk	Perl_save_gp	1	0	0	1.003230	208	1
benchmarks/spec2006/400.perlbench.bc	400.perlbench.bc	star-risk	Perl_save_ary	1	0	0	1.003245	204	1
benchmarks/spec2006/400.perlbench.bc	400.perlbench.bc	star-risk	Perl_save_hash	1	0	0	1.006336	176	1
benchmarks/spec2006/400.perlbench.bc	400.perlbench.bc	star-risk	Perl_save_item	1	0	0	1.006611	4	1
benchmarks/spec2006/400.perlbench.bc	400.perlbench.bc	star-risk	Perl_save_int	1	0	0	1.006729	204	1
benchmarks/spec2006/400.perlbench.bc	400.perlbench.bc	star-risk	Perl_save_long	1	0	0	1.003959	204	1
benchmarks/spec2006/400.perlbench.bc	400.perlbench.bc	star-risk	Perl_save_bool	1	0	0	1.006955	176	1
benchmarks/spec2006/400.perlbench.bc	400.perlbench.bc	star-risk	Perl_save_I32	1	0	0	1.007768	668	1
benchmarks/spec2006/400.perlbench.bc	400.perlbench.bc	star-risk	Perl_save_I16	1	0	0	1.014778	15060	1
benchmarks/spec2006/400.perlbench.bc	400.perlbench.bc	star-risk	Perl_save_I8	1	0	0	1.004470	208	1
benchmarks/spec2006/400.perlbench.bc	400.perlbench.bc	star-risk	Perl_save_iv	1	0	0	1.006854	176	1
benchmarks/spec2006/400.perlbench.bc	400.perlbench.bc	star-risk	Perl_save_pptr	1	0	0	1.008888	200	1
benchmarks/spec2006/400.perlbench.bc	400.perlbench.bc	star-risk	Perl_save_vptr	1	0	0	1.005113	184	1
benchmarks/spec2006/400.perlbench.bc	400.perlbench.bc	star-risk	Perl_save_padsv	1	0	0	1.006084	192	1
benchmarks/spec2006/400.perlbench.bc	400.perlbench.bc	star-risk	Perl_save_threadsv	1	0	0	1.006936	196	1
benchmarks/spec2006/400.perlbench.bc	400.perlbench.bc	star-risk	Perl_save_nogv	1	0	0	1.005339	196	1
benchmarks/spec2006/400.perlbench.bc	400.perlbench.bc	star-risk	Perl_save_hptr	1	0	0	1.007153	180	1
benchmarks/spec2006/400.perlbench.bc	400.perlbench.bc	star-risk	Perl_save_aptr	1	0	0	1.004909	204	1
benchmarks/spec2006/400.perlbench.bc	400.perlbench.bc	star-risk	Perl_save_freesv	1	0	0	1.008109	188	1
benchmarks/spec2006/400.perlbench.bc	400.perlbench.bc	star-risk	Perl_save_mortalizesv	1	0	0	1.004153	204	1
benchmarks/spec2006/400.perlbench.bc	400.perlbench.bc	star-risk	Perl_save_freeop	1	0	0	1.006686	204	1
benchmarks/spec2006/400.perlbench.bc	400.perlbench.bc	star-risk	Perl_save_freepv	1	0	0	1.004948	204	1
benchmarks/spec2006/400.perlbench.bc	400.perlbench.bc	star-risk	Perl_save_clearsv	1	0	0	1.004543	208	1
benchmarks/spec2006/400.perlbench.bc	400.perlbench.bc	star-risk	Perl_save_delete	1	0	0	1.004987	164	1
benchmarks/spec2006/400.perlbench.bc	400.perlbench.bc	star-risk	Perl_save_list	1	0	0	1.004685	192	1
benchmarks/spec2006/400.perlbench.bc	400.perlbench.bc	star-risk	Perl_save_destructor	1	0	0	1.006312	208	1
benchmarks/spec2006/400.perlbench.bc	400.perlbench.bc	star-risk	Perl_save_destructor_x	1	0	0	1.003891	196	1
benchmarks/spec2006/400.perlbench.bc	400.perlbench.bc	star-risk	Perl_save_aelem	1	0	0	1.003077	204	1
benchmarks/spec2006/400.perlbench.bc	400.perlbench.bc	star-risk	Perl_save_helem	1	0	0	1.003400	204	1
benchmarks/spec2006/400.perlbench.bc	400.perlbench.bc	star-risk	Perl_save_op	1	0	0	1.005053	232	1
benchmarks/spec2006/400.perlbench.bc	400.perlbench.bc	star-risk	Perl_save_alloc	1	0	0	1.004730	196	1
benchmarks/spec2006/400.perlbench.bc	400.perlbench.bc	star-risk	Perl_cx_dump	1	0	0	1.004535	236	1
benchmarks/spec2006/400.perlbench.bc	400.perlbench.bc	star-risk	Perl_sv_add_arena	1	0	0	1.005084	192	1
benchmarks/spec2006/400.perlbench.bc	400.perlbench.bc	star-risk	Perl_sv_report_used	1	0	0	1.005088	188	1
benchmarks/spec2006/400.perlbench.bc	400.perlbench.bc	star-risk	Perl_sv_clean_objs	1	0	0	1.003487	180	1
benchmarks/spec2006/400.perlbench.bc	400.perlbench.bc	star-risk	do_clean_objs	1	0	0	1.003834	184	1
benchmarks/spec2006/400.perlbench.bc	400.perlbench.bc	star-risk	S_visit	1	0	0	1.003645	236	1
benchmarks/spec2006/400.perlbench.bc	400.perlbench.bc	star-risk	do_clean_named_objs	1	0	0	1.005464	208	1
benchmarks/spec2006/400.perlbench.bc	400.perlbench.bc	star-risk	Perl_sv_free	1	0	0	1.003869	232	1
benchmarks/spec2006/400.perlbench.bc	400.perlbench.bc	star-risk	Perl_sv_clear	1	0	0	2.004157	118556	1
benchmarks/spec2006/400.perlbench.bc	400.perlbench.bc	star-risk	Perl_newRV	1	0	0	1.007333	236	1
benchmarks/spec2006/400.perlbench.bc	400.perlbench.bc	star-risk	Perl_sv_backoff	1	0	0	1.003626	204	1
benchmarks/spec2006/400.perlbench.bc	400.perlbench.bc	star-risk	S_sv_del_backref	1	0	0	1.003278	196	1
benchmarks/spec2006/400.perlbench.bc	400.perlbench.bc	star-risk	S_del_xiv	1	0	0	1.003563	208	1
benchmarks/spec2006/400.perlbench.bc	400.perlbench.bc	star-risk	S_del_xnv	1	0	0	1.003174	232	1
benchmarks/spec2006/400.perlbench.bc	400.perlbench.bc	star-risk	S_del_xrv	1	0	0	1.002905	208	1
benchmarks/spec2006/400.perlbench.bc	400.perlbench.bc	star-risk	S_del_xpv	1	0	0	1.003234	204	1
benchmarks/spec2006/400.perlbench.bc	400.perlbench.bc	star-risk	S_del_xpviv	1	0	0	1.003236	96	1
benchmarks/spec2006/400.perlbench.bc	400.perlbench.bc	star-risk	S_del_xpvnv	1	0	0	1.005582	96	1
benchmarks/spec2006/400.perlbench.bc	400.perlbench.bc	star-risk	S_del_xpvmg	1	0	0	1.004125	204	1
benchmarks/spec2006/400.perlbench.bc	400.perlbench.bc	star-risk	S_del_xpvlv	1	0	0	1.003165	204	1
benchmarks/spec2006/400.perlbench.bc	400.perlbench.bc	star-risk	S_del_xpvav	1	0	0	1.003407	204	1
benchmarks/spec2006/400.perlbench.bc	400.perlbench.bc	star-risk	S_del_xpvhv	1	0	0	1.006310	204	1
benchmarks/spec2006/400.perlbench.bc	400.perlbench.bc	star-risk	S_del_xpvcv	1	0	0	1.003785	204	1
benchmarks/spec2006/400.perlbench.bc	400.perlbench.bc	star-risk	S_del_xpvbm	1	0	0	1.004815	204	1
benchmarks/spec2006/400.perlbench.bc	400.perlbench.bc	star-risk	Perl_newRV_noinc	1	0	0	1.005289	180	1
benchmarks/spec2006/400.perlbench.bc	400.perlbench.bc	star-risk	S_more_sv	1	0	0	1.004082	232	1
benchmarks/spec2006/400.perlbench.bc	400.perlbench.bc	star-risk	Perl_sv_upgrade	1	0	0	1.003177	240	1
benchmarks/spec2006/400.perlbench.bc	400.perlbench.bc	star-risk	Perl_sv_force_normal	1	0	0	1.003096	204	1
benchmarks/spec2006/400.perlbench.bc	400.perlbench.bc	star-risk	S_new_xiv	1	0	0	1.003378	180	1
benchmarks/spec2006/400.perlbench.bc	400.perlbench.bc	star-risk	S_new_xnv	1	0	0	1.003351	204	1
benchmarks/spec2006/400.perlbench.bc	400.perlbench.bc	star-risk	S_new_xrv	1	0	0	1.003926	204	1
benchmarks/spec2006/400.perlbench.bc	400.perlbench.bc	star-risk	S_new_xpv	1	0	0	1.004095	204	1
benchmarks/spec2006/400.perlbench.bc	400.perlbench.bc	star-risk	S_new_xpviv	1	0	0	1.003225	180	1
benchmarks/spec2006/400.perlbench.bc	400.perlbench.bc	star-risk	S_new_xpvnv	1	0	0	1.005289	188	1
benchmarks/spec2006/400.perlbench.bc	400.perlbench.bc	star-risk	S_new_xpvmg	1	0	0	1.005006	208	1
benchmarks/spec2006/400.perlbench.bc	400.perlbench.bc	star-risk	S_new_xpvlv	1	0	0	1.003500	204	1
benchmarks/spec2006/400.perlbench.bc	400.perlbench.bc	star-risk	S_new_xpvav	1	0	0	1.003231	180	1
benchmarks/spec2006/400.perlbench.bc	400.perlbench.bc	star-risk	S_new_xpvhv	1	0	0	1.003224	204	1
benchmarks/spec2006/400.perlbench.bc	400.perlbench.bc	star-risk	S_new_xpvcv	1	0	0	1.003471	176	1
benchmarks/spec2006/400.perlbench.bc	400.perlbench.bc	star-risk	S_new_xpvbm	1	0	0	1.004918	236	1
benchmarks/spec2006/400.perlbench.bc	400.perlbench.bc	star-risk	S_more_xpvbm	1	0	0	1.003998	236	1
benchmarks/spec2006/400.perlbench.bc	400.perlbench.bc	star-risk	S_more_xpvcv	1	0	0	1.005922	8	1
benchmarks/spec2006/400.perlbench.bc	400.perlbench.bc	star-risk	S_more_xpvhv	1	0	0	1.004715	192	1
benchmarks/spec2006/400.perlbench.bc	400.perlbench.bc	star-risk	S_more_xpvav	1	0	0	1.003506	232	1
benchmarks/spec2006/400.perlbench.bc	400.perlbench.bc	star-risk	S_more_xpvlv	1	0	0	1.003623	240	1
benchmarks/spec2006/400.perlbench.bc	400.perlbench.bc	star-risk	S_more_xpvmg	1	0	0	1.004662	208	1
benchmarks/spec2006/400.perlbench.bc	400.perlbench.bc	star-risk	S_more_xpvnv	1	0	0	1.003827	236	1
benchmarks/spec2006/400.perlbench.bc	400.perlbench.bc	star-risk	S_more_xpviv	1	0	0	1.002844	204	1
benchmarks/spec2006/400.perlbench.bc	400.perlbench.bc	star-risk	S_more_xpv	1	0	0	1.002866	184	1
benchmarks/spec2006/400.perlbench.bc	400.perlbench.bc	star-risk	S_more_xrv	1	0	0	1.007877	204	1
benchmarks/spec2006/400.perlbench.bc	400.perlbench.bc	star-risk	S_more_xnv	1	0	0	1.005049	188	1
benchmarks/spec2006/400.perlbench.bc	400.perlbench.bc	star-risk	S_more_xiv	1	0	0	1.008231	132	1
benchmarks/spec2006/400.perlbench.bc	400.perlbench.bc	star-risk	Perl_sv_force_normal_flags	1	0	0	1.003917	204	1
benchmarks/spec2006/400.perlbench.bc	400.perlbench.bc	star-risk	Perl_sv_grow	1	0	0	1.004030	208	1
benchmarks/spec2006/400.perlbench.bc	400.perlbench.bc	star-risk	Perl_sv_unref_flags	1	0	0	1.004848	232	1
benchmarks/spec2006/400.perlbench.bc	400.perlbench.bc	star-risk	S_sv_unglob	1	0	0	1.008481	196	1
benchmarks/spec2006/400.perlbench.bc	400.perlbench.bc	star-risk	Perl_sv_unmagic	1	0	0	1.007045	232	1
benchmarks/spec2006/400.perlbench.bc	400.perlbench.bc	star-risk	Perl_sv_2mortal	1	0	0	1.009636	236	1
benchmarks/spec2006/400.perlbench.bc	400.perlbench.bc	star-risk	Perl_sv_unref	1	0	0	1.003973	208	1
benchmarks/spec2006/400.perlbench.bc	400.perlbench.bc	star-risk	Perl_sv_clean_all	1	0	0	1.003441	204	1
benchmarks/spec2006/400.perlbench.bc	400.perlbench.bc	star-risk	do_clean_all	1	0	0	1.003178	192	1
benchmarks/spec2006/400.perlbench.bc	400.perlbench.bc	star-risk	Perl_sv_free_arenas	1	0	0	1.003327	92	1
benchmarks/spec2006/400.perlbench.bc	400.perlbench.bc	star-risk	Perl_report_uninit	1	0	0	1.006361	236	1
benchmarks/spec2006/400.perlbench.bc	400.perlbench.bc	star-risk	Perl_sv_setiv	1	0	0	1.005019	208	1
benchmarks/spec2006/400.perlbench.bc	400.perlbench.bc	star-risk	Perl_sv_reftype	1	0	0	1.004692	200	1
benchmarks/spec2006/400.perlbench.bc	400.perlbench.bc	star-risk	Perl_sv_taint	1	0	0	1.006753	1624	1
benchmarks/spec2006/400.perlbench.bc	400.perlbench.bc	star-risk	Perl_sv_magic	1	0	0	1.003892	184	1
benchmarks/spec2006/400.perlbench.bc	400.perlbench.bc	star-risk	Perl_sv_magicext	1	0	0	1.004497	188	1
benchmarks/spec2006/400.perlbench.bc	400.perlbench.bc	star-risk	Perl_sv_rvweaken	1	0	0	1.006644	1776	1
benchmarks/spec2006/400.perlbench.bc	400.perlbench.bc	star-risk	S_sv_add_backref	1	0	0	1.003796	204	1
benchmarks/spec2006/400.perlbench.bc	400.perlbench.bc	star-risk	Perl_sv_setiv_mg	1	0	0	1.002535	204	1
benchmarks/spec2006/400.perlbench.bc	400.perlbench.bc	star-risk	Perl_sv_setuv	1	0	0	1.003364	196	1
benchmarks/spec2006/400.perlbench.bc	400.perlbench.bc	star-risk	Perl_sv_setuv_mg	1	0	0	1.003137	192	1
benchmarks/spec2006/400.perlbench.bc	400.perlbench.bc	star-risk	Perl_sv_setnv	1	0	0	1.005729	200	1
benchmarks/spec2006/400.perlbench.bc	400.perlbench.bc	star-risk	Perl_sv_setnv_mg	1	0	0	1.003936	240	1
benchmarks/spec2006/400.perlbench.bc	400.perlbench.bc	star-risk	Perl_looks_like_number	1	0	0	1.004843	4	1
benchmarks/spec2006/400.perlbench.bc	400.perlbench.bc	star-risk	Perl_sv_2pv_flags	1	0	0	4.006261	151192	1
benchmarks/spec2006/400.perlbench.bc	400.perlbench.bc	star-risk	Perl_newSV	1	0	0	1.003207	196	1
benchmarks/spec2006/400.perlbench.bc	400.perlbench.bc	star-risk	Perl_sv_setpvf	1	0	0	1.004186	204	1
benchmarks/spec2006/400.perlbench.bc	400.perlbench.bc	star-risk	uiv_2buf	1	0	0	1.004946	188	1
benchmarks/spec2006/400.perlbench.bc	400.perlbench.bc	star-risk	Perl_newSVpv	1	0	0	1.004569	192	1
benchmarks/spec2006/400.perlbench.bc	400.perlbench.bc	star-risk	Perl_sv_setpvn	1	0	0	1.003312	200	1
benchmarks/spec2006/400.perlbench.bc	400.perlbench.bc	star-risk	Perl_sv_vsetpvf	1	0	0	1.006305	204	1
benchmarks/spec2006/400.perlbench.bc	400.perlbench.bc	star-risk	Perl_sv_vsetpvfn	1	0	0	1.006839	4	1
benchmarks/spec2006/400.perlbench.bc	400.perlbench.bc	star-risk	Perl_sv_vcatpvfn	1	-9	1	185.446769	5909552	0
benchmarks/spec2006/400.perlbench.bc	400.perlbench.bc	star-risk	Perl_sv_pvn_force_flags	1	0	0	1.008988	180	1
benchmarks/spec2006/400.perlbench.bc	400.perlbench.bc	star-risk	Perl_sv_catpv	1	0	0	1.003717	188	1
benchmarks/spec2006/400.perlbench.bc	400.perlbench.bc	star-risk	Perl_sv_catsv_flags	1	0	0	1.005760	204	1
benchmarks/spec2006/400.perlbench.bc	400.perlbench.bc	star-risk	Perl_sv_2nv	1	0	0	1.004799	204	1
benchmarks/spec2006/400.perlbench.bc	400.perlbench.bc	star-risk	F0convert	1	0	0	1.006586	208	1
benchmarks/spec2006/400.perlbench.bc	400.perlbench.bc	star-risk	Perl_sv_catpvn_flags	1	0	0	1.004033	180	1
benchmarks/spec2006/400.perlbench.bc	400.perlbench.bc	star-risk	Perl_newSVpvn	1	0	0	1.006353	184	1
benchmarks/spec2006/400.perlbench.bc	400.perlbench.bc	star-risk	Perl_sv_utf8_upgrade_flags	1	0	0	1.007076	200	1
benchmarks/spec2006/400.perlbench.bc	400.perlbench.bc	star-risk	S_expect_number	1	0	0	1.007099	208	1
benchmarks/spec2006/400.perlbench.bc	400.perlbench.bc	star-risk	Perl_sv_2iv	1	0	0	1.004248	208	1
benchmarks/spec2006/400.perlbench.bc	400.perlbench.bc	star-risk	Perl_sv_pos_u2b	1	0	0	1.004100	240	1
benchmarks/spec2006/400.perlbench.bc	400.perlbench.bc	star-risk	Perl_sv_len_utf8	1	0	0	1.006025	188	1
benchmarks/spec2006/400.perlbench.bc	400.perlbench.bc	star-risk	Perl_sv_2uv	1	0	0	1.005992	176	1
benchmarks/spec2006/400.perlbench.bc	400.perlbench.bc	star-risk	Perl_sv_newmortal	1	0	0	1.005865	196	1
benchmarks/spec2006/400.perlbench.bc	400.perlbench.bc	star-risk	Perl_sv_catpvf	1	0	0	1.005656	204	1
benchmarks/spec2006/400.perlbench.bc	400.perlbench.bc	star-risk	Perl_sv_vcatpvf	1	0	0	1.005541	456	1
benchmarks/spec2006/400.perlbench.bc	400.perlbench.bc	star-risk	S_asUV	1	0	0	1.004655	1768	1
benchmarks/spec2006/400.perlbench.bc	400.perlbench.bc	star-risk	S_not_a_number	1	0	0	1.004757	236	1
benchmarks/spec2006/400.perlbench.bc	400.perlbench.bc	star-risk	S_sv_2iuv_non_preserve	1	0	0	1.004190	204	1
benchmarks/spec2006/400.perlbench.bc	400.perlbench.bc	star-risk	S_utf8_mg_pos	1	0	0	1.006352	204	1
benchmarks/spec2006/400.perlbench.bc	400.perlbench.bc	star-risk	S_utf8_mg_pos_init	1	0	0	1.004947	204	1
benchmarks/spec2006/400.perlbench.bc	400.perlbench.bc	star-risk	S_asIV	1	0	0	1.004464	204	1
benchmarks/spec2006/400.perlbench.bc	400.perlbench.bc	star-risk	Perl_sv_recode_to_utf8	1	0	0	1.006633	1584	1
benchmarks/spec2006/400.perlbench.bc	400.perlbench.bc	star-risk	Perl_sv_2pv_nolen	1	0	0	1.004234	168	1
benchmarks/spec2006/400.perlbench.bc	400.perlbench.bc	star-risk	Perl_sv_2pv	1	0	0	1.005201	204	1
benchmarks/spec2006/400.perlbench.bc	400.perlbench.bc	star-risk	Perl_sv_copypv	1	0	0	1.005066	204	1
benchmarks/spec2006/400.perlbench.bc	400.perlbench.bc	star-risk	Perl_sv_2pvbyte_nolen	1	0	0	1.006719	532	1
benchmarks/spec2006/400.perlbench.bc	400.perlbench.bc	star-risk	Perl_sv_2pvbyte	1	0	0	1.005435	196	1
benchmarks/spec2006/400.perlbench.bc	400.perlbench.bc	star-risk	Perl_sv_utf8_downgrade	1	0	0	1.004181	208	1
benchmarks/spec2006/400.perlbench.bc	400.perlbench.bc	star-risk	Perl_sv_2pvutf8_nolen	1	0	0	1.005552	204	1
benchmarks/spec2006/400.perlbench.bc	400.perlbench.bc	star-risk	Perl_sv_2pvutf8	1	0	0	1.004142	208	1
benchmarks/spec2006/400.perlbench.bc	400.perlbench.bc	star-risk	Perl_sv_2bool	1	0	0	1.004666	208	1
benchmarks/spec2006/400.perlbench.bc	400.perlbench.bc	star-risk	Perl_sv_utf8_upgrade	1	0	0	1.006161	168	1
benchmarks/spec2006/400.perlbench.bc	400.perlbench.bc	star-risk	Perl_sv_utf8_encode	1	0	0	1.004972	204	1
benchmarks/spec2006/400.perlbench.bc	400.perlbench.bc	star-risk	Perl_sv_utf8_decode	1	0	0	1.009073	204	1
benchmarks/spec2006/400.perlbench.bc	400.perlbench.bc	star-risk	Perl_sv_setsv	1	0	0	1.005328	164	1
benchmarks/spec2006/400.perlbench.bc	400.perlbench.bc	star-risk	Perl_sv_setsv_flags	1	0	0	1.007403	184	1
benchmarks/spec2006/400.perlbench.bc	400.perlbench.bc	star-risk	Perl_sv_tainted	1	0	0	1.006069	184	1
benchmarks/spec2006/400.perlbench.bc	400.perlbench.bc	star-risk	Perl_sv_cmp	1	0	0	1.006292	208	1
benchmarks/spec2006/400.perlbench.bc	400.perlbench.bc	star-risk	Perl_sv_setsv_mg	1	0	0	1.004675	192	1
benchmarks/spec2006/400.perlbench.bc	400.perlbench.bc	star-risk	Perl_sv_setpvn_mg	1	0	0	1.004134	204	1
benchmarks/spec2006/400.perlbench.bc	400.perlbench.bc	star-risk	Perl_sv_setpv	1	0	0	1.005479	204	1
benchmarks/spec2006/400.perlbench.bc	400.perlbench.bc	star-risk	Perl_sv_setpv_mg	1	0	0	1.007666	1004	1
benchmarks/spec2006/400.perlbench.bc	400.perlbench.bc	star-risk	Perl_sv_usepvn	1	0	0	1.005566	208	1
benchmarks/spec2006/400.perlbench.bc	400.perlbench.bc	star-risk	Perl_sv_usepvn_mg	1	0	0	1.004113	208	1
benchmarks/spec2006/400.perlbench.bc	400.perlbench.bc	star-risk	Perl_sv_chop	1	0	0	1.003955	204	1
benchmarks/spec2006/400.perlbench.bc	400.perlbench.bc	star-risk	Perl_sv_catpvn	1	0	0	1.003328	236	1
benchmarks/spec2006/400.perlbench.bc	400.perlbench.bc	star-risk	Perl_sv_catpvn_mg	1	0	0	1.006439	204	1
benchmarks/spec2006/400.perlbench.bc	400.perlbench.bc	star-risk	Perl_sv_catsv	1	0	0	1.004937	188	1
benchmarks/spec2006/400.perlbench.bc	400.perlbench.bc	star-risk	Perl_sv_catsv_mg	1	0	0	1.005084	236	1
benchmarks/spec2006/400.perlbench.bc	400.perlbench.bc	star-risk	Perl_sv_catpv_mg	1	0	0	1.006023	236	1
benchmarks/spec2006/400.perlbench.bc	400.perlbench.bc	star-risk	Perl_sv_insert	1	0	0	1.008530	196	1
benchmarks/spec2006/400.perlbench.bc	400.perlbench.bc	star-risk	Perl_sv_replace	1	0	0	1.005576	232	1
benchmarks/spec2006/400.perlbench.bc	400.perlbench.bc	star-risk	Perl_sv_newref	1	0	0	1.004855	184	1
benchmarks/spec2006/400.perlbench.bc	400.perlbench.bc	star-risk	Perl_sv_len	1	0	0	1.006198	128	1
benchmarks/spec2006/400.perlbench.bc	400.perlbench.bc	star-risk	Perl_sv_pos_b2u	1	0	0	1.005468	240	1
benchmarks/spec2006/400.perlbench.bc	400.perlbench.bc	star-risk	Perl_sv_eq	1	0	0	1.004850	208	1
benchmarks/spec2006/400.perlbench.bc	400.perlbench.bc	star-risk	Perl_sv_cmp_locale	1	0	0	1.007225	204	1
benchmarks/spec2006/400.perlbench.bc	400.perlbench.bc	star-risk	Perl_sv_gets	1	0	0	51.082425	268256	1
benchmarks/spec2006/400.perlbench.bc	400.perlbench.bc	star-risk	Perl_sv_inc	1	0	0	2.015689	131976	1
benchmarks/spec2006/400.perlbench.bc	400.perlbench.bc	star-risk	Perl_sv_dec	1	0	0	1.004633	204	1
benchmarks/spec2006/400.perlbench.bc	400.perlbench.bc	star-risk	Perl_sv_mortalcopy	1	0	0	1.006727	544	1
benchmarks/spec2006/400.perlbench.bc	400.perlbench.bc	star-risk	Perl_newSVpvn_share	1	0	0	1.005289	200	1
benchmarks/spec2006/400.perlbench.bc	400.perlbench.bc	star-risk	Perl_newSVpvf	1	0	0	1.004251	180	1
benchmarks/spec2006/400.perlbench.bc	400.perlbench.bc	star-risk	Perl_vnewSVpvf	1	0	0	1.005088	204	1
benchmarks/spec2006/400.perlbench.bc	400.perlbench.bc	star-risk	Perl_newSVnv	1	0	0	1.004941	204	1
benchmarks/spec2006/400.perlbench.bc	400.perlbench.bc	star-risk	Perl_newSViv	1	0	0	1.004527	200	1
benchmarks/spec2006/400.perlbench.bc	400.perlbench.bc	star-risk	Perl_newSVuv	1	0	0	1.006351	180	1
benchmarks/spec2006/400.perlbench.bc	400.perlbench.bc	star-risk	Perl_newSVsv	1	0	0	1.015448	204	1
benchmarks/spec2006/400.perlbench.bc	400.perlbench.bc	star-risk	Perl_sv_reset	1	0	0	1.005471	232	1
benchmarks/spec2006/400.perlbench.bc	400.perlbench.bc	star-risk	Perl_sv_2io	1	0	0	1.008827	200	1
benchmarks/spec2006/400.perlbench.bc	400.perlbench.bc	star-risk	Perl_sv_2cv	1	0	0	2.005022	126212	1
benchmarks/spec2006/400.perlbench.bc	400.perlbench.bc	star-risk	Perl_sv_true	1	0	0	1.006836	228	1
benchmarks/spec2006/400.perlbench.bc	400.perlbench.bc	star-risk	Perl_sv_iv	1	0	0	1.004897	180	1
benchmarks/spec2006/400.perlbench.bc	400.perlbench.bc	star-risk	Perl_sv_uv	1	0	0	1.009126	184	1
benchmarks/spec2006/400.perlbench.bc	400.perlbench.bc	star-risk	Perl_sv_nv	1	0	0	1.006716	188	1
benchmarks/spec2006/400.perlbench.bc	400.perlbench.bc	star-risk	Perl_sv_pv	1	0	0	1.005790	236	1
benchmarks/spec2006/400.perlbench.bc	400.perlbench.bc	star-risk	Perl_sv_pvn	1	0	0	1.006559	208	1
benchmarks/spec2006/400.perlbench.bc	400.perlbench.bc	star-risk	Perl_sv_pvn_nomg	1	0	0	1.005628	180	1
benchmarks/spec2006/400.perlbench.bc	400.perlbench.bc	star-risk	Perl_sv_pvn_force	1	0	0	1.005355	184	1
benchmarks/spec2006/400.perlbench.bc	400.perlbench.bc	star-risk	Perl_sv_pvbyte	1	0	0	1.004917	236	1
benchmarks/spec2006/400.perlbench.bc	400.perlbench.bc	star-risk	Perl_sv_pvbyten	1	0	0	1.005406	208	1
benchmarks/spec2006/400.perlbench.bc	400.perlbench.bc	star-risk	Perl_sv_pvbyten_force	1	0	0	1.004916	196	1
benchmarks/spec2006/400.perlbench.bc	400.perlbench.bc	star-risk	Perl_sv_pvutf8	1	0	0	1.004697	200	1
benchmarks/spec2006/400.perlbench.bc	400.perlbench.bc	star-risk	Perl_sv_pvutf8n	1	0	0	1.004316	100	1
benchmarks/spec2006/400.perlbench.bc	400.perlbench.bc	star-risk	Perl_sv_pvutf8n_force	1	0	0	1.005275	204	1
benchmarks/spec2006/400.perlbench.bc	400.perlbench.bc	star-risk	Perl_sv_isobject	1	0	0	1.005800	180	1
benchmarks/spec2006/400.perlbench.bc	400.perlbench.bc	star-risk	Perl_sv_isa	1	0	0	1.005059	200	1
benchmarks/spec2006/400.perlbench.bc	400.perlbench.bc	star-risk	Perl_newSVrv	1	0	0	1.005595	184	1
benchmarks/spec2006/400.perlbench.bc	400.perlbench.bc	star-risk	Perl_sv_bless	1	0	0	1.006207	180	1
benchmarks/spec2006/400.perlbench.bc	400.perlbench.bc	star-risk	Perl_sv_setref_pv	1	0	0	1.005610	236	1
benchmarks/spec2006/400.perlbench.bc	400.perlbench.bc	star-risk	Perl_sv_setref_iv	1	0	0	1.005437	188	1
benchmarks/spec2006/400.perlbench.bc	400.perlbench.bc	star-risk	Perl_sv_setref_uv	1	0	0	1.004602	204	1
benchmarks/spec2006/400.perlbench.bc	400.perlbench.bc	star-risk	Perl_sv_setref_nv	1	0	0	1.004666	704	1
benchmarks/spec2006/400.perlbench.bc	400.perlbench.bc	star-risk	Perl_sv_setref_pvn	1	0	0	1.006201	192	1
benchmarks/spec2006/400.perlbench.bc	400.perlbench.bc	star-risk	Perl_sv_untaint	1	0	0	1.005815	168	1
benchmarks/spec2006/400.perlbench.bc	400.perlbench.bc	star-risk	Perl_sv_setpviv	1	0	0	1.003515	200	1
benchmarks/spec2006/400.perlbench.bc	400.perlbench.bc	star-risk	Perl_sv_setpviv_mg	1	0	0	1.005365	204	1
benchmarks/spec2006/400.perlbench.bc	400.perlbench.bc	star-risk	Perl_sv_setpvf_mg	1	0	0	1.007009	188	1
benchmarks/spec2006/400.perlbench.bc	400.perlbench.bc	star-risk	Perl_sv_vsetpvf_mg	1	0	0	1.004926	204	1
benchmarks/spec2006/400.perlbench.bc	400.perlbench.bc	star-risk	Perl_sv_catpvf_mg	1	0	0	1.006425	208	1
benchmarks/spec2006/400.perlbench.bc	400.perlbench.bc	star-risk	Perl_sv_vcatpvf_mg	1	0	0	1.005565	204	1
benchmarks/spec2006/400.perlbench.bc	400.perlbench.bc	star-risk	Perl_sv_cat_decode	1	0	0	1.004813	204	1
benchmarks/spec2006/400.perlbench.bc	400.perlbench.bc	star-risk	Perl_taint_proper	1	0	0	1.004885	208	1
benchmarks/spec2006/400.perlbench.bc	400.perlbench.bc	star-risk	Perl_taint_env	1	0	0	1.007269	204	1
benchmarks/spec2006/400.perlbench.bc	400.perlbench.bc	star-risk	Perl_deprecate	1	0	0	1.005127	196	1
benchmarks/spec2006/400.perlbench.bc	400.perlbench.bc	star-risk	Perl_deprecate_old	1	0	0	1.005470	192	1
benchmarks/spec2006/400.perlbench.bc	400.perlbench.bc	star-risk	Perl_lex_start	1	0	0	1.003866	208	1
benchmarks/spec2006/400.perlbench.bc	400.perlbench.bc	star-risk	restore_rsfp	1	0	0	1.005705	12	1
benchmarks/spec2006/400.perlbench.bc	400.perlbench.bc	star-risk	Perl_lex_end	1	0	0	1.004478	204	1
benchmarks/spec2006/400.perlbench.bc	400.perlbench.bc	star-risk	Perl_str_to_version	1	0	0	1.005289	204	1
benchmarks/spec2006/400.perlbench.bc	400.perlbench.bc	star-risk	Perl_filter_add	1	0	0	1.006270	204	1
benchmarks/spec2006/400.perlbench.bc	400.perlbench.bc	star-risk	Perl_filter_del	1	0	0	1.006594	180	1
benchmarks/spec2006/400.perlbench.bc	400.perlbench.bc	star-risk	Perl_filter_read	1	0	0	1.005131	204	1
benchmarks/spec2006/400.perlbench.bc	400.perlbench.bc	star-risk	Perl_yylex	1	-9	1	185.471137	7824020	0
benchmarks/spec2006/400.perlbench.bc	400.perlbench.bc	star-risk	S_pending_ident	1	0	0	1.003539	204	1
benchmarks/spec2006/400.perlbench.bc	400.perlbench.bc	star-risk	S_force_next	1	0	0	1.004205	204	1
benchmarks/spec2006/400.perlbench.bc	400.perlbench.bc	star-risk	S_ao	1	0	0	1.004447	208	1
benchmarks/spec2006/400.perlbench.bc	400.perlbench.bc	star-risk	S_sublex_push	1	0	0	1.004421	188	1
benchmarks/spec2006/400.perlbench.bc	400.perlbench.bc	star-risk	S_sublex_done	1	0	0	1.004690	176	1
benchmarks/spec2006/400.perlbench.bc	400.perlbench.bc	star-risk	S_force_ident	1	0	0	1.005141	180	1
benchmarks/spec2006/400.perlbench.bc	400.perlbench.bc	star-risk	S_intuit_more	1	0	0	1.005455	344	1
benchmarks/spec2006/400.perlbench.bc	400.perlbench.bc	star-risk	S_tokeq	1	0	0	1.005942	180	1
benchmarks/spec2006/400.perlbench.bc	400.perlbench.bc	star-risk	S_new_constant	1	0	0	1.004953	232	1
benchmarks/spec2006/400.perlbench.bc	400.perlbench.bc	star-risk	S_scan_const	1	-9	1	185.333270	766140	0
benchmarks/spec2006/400.perlbench.bc	400.perlbench.bc	star-risk	S_scan_formline	1	0	0	2.007916	144056	1
benchmarks/spec2006/400.perlbench.bc	400.perlbench.bc	star-risk	Perl_yyerror	1	0	0	1.006191	192	1
benchmarks/spec2006/400.perlbench.bc	400.perlbench.bc	star-risk	S_incl_perldb	1	0	0	1.005687	188	1
benchmarks/spec2006/400.perlbench.bc	400.perlbench.bc	star-risk	S_filter_gets	1	0	0	1.006107	188	1
benchmarks/spec2006/400.perlbench.bc	400.perlbench.bc	star-risk	S_swallow_bom	1	0	0	1.006204	240	1
benchmarks/spec2006/400.perlbench.bc	400.perlbench.bc	star-risk	S_incline	1	0	0	1.007960	200	1
benchmarks/spec2006/400.perlbench.bc	400.perlbench.bc	star-risk	S_force_word	1	0	0	1.005810	204	1
benchmarks/spec2006/400.perlbench.bc	400.perlbench.bc	star-risk	S_skipspace	1	0	0	2.006559	135364	1
benchmarks/spec2006/400.perlbench.bc	400.perlbench.bc	star-risk	S_check_uni	1	0	0	1.004400	144	1
benchmarks/spec2006/400.perlbench.bc	400.perlbench.bc	star-risk	S_scan_ident	1	0	0	41.068438	478348	1
benchmarks/spec2006/400.perlbench.bc	400.perlbench.bc	star-risk	S_scan_word	1	0	0	2.003786	132468	1
benchmarks/spec2006/400.perlbench.bc	400.perlbench.bc	star-risk	Perl_keyword	1	0	0	1.004821	164	1
benchmarks/spec2006/400.perlbench.bc	400.perlbench.bc	star-risk	S_scan_str	1	-9	1	185.317969	685976	0
benchmarks/spec2006/400.perlbench.bc	400.perlbench.bc	star-risk	S_scan_heredoc	1	0	0	1.004119	208	1
benchmarks/spec2006/400.perlbench.bc	400.perlbench.bc	star-risk	S_scan_inputsymbol	1	0	0	1.004778	232	1
benchmarks/spec2006/400.perlbench.bc	400.perlbench.bc	star-risk	S_sublex_start	1	0	0	1.004674	176	1
benchmarks/spec2006/400.perlbench.bc	400.perlbench.bc	star-risk	S_depcom	1	0	0	1.004194	144	1
benchmarks/spec2006/400.perlbench.bc	400.perlbench.bc	star-risk	S_no_op	1	0	0	1.004793	184	1
benchmarks/spec2006/400.perlbench.bc	400.perlbench.bc	star-risk	S_scan_pat	1	0	0	1.003781	208	1
benchmarks/spec2006/400.perlbench.bc	400.perlbench.bc	star-risk	Perl_scan_num	1	0	0	38.060328	247404	1
benchmarks/spec2006/400.perlbench.bc	400.perlbench.bc	star-risk	S_missingterm	1	0	0	1.003382	208	1
benchmarks/spec2006/400.perlbench.bc	400.perlbench.bc	star-risk	S_set_csh	1	0	0	1.003647	200	1
benchmarks/spec2006/400.perlbench.bc	400.perlbench.bc	star-risk	S_intuit_method	1	0	0	1.003337	184	1
benchmarks/spec2006/400.perlbench.bc	400.perlbench.bc	star-risk	S_lop	1	0	0	1.003492	204	1
benchmarks/spec2006/400.perlbench.bc	400.perlbench.bc	star-risk	S_find_in_my_stash	1	0	0	1.003747	204	1
benchmarks/spec2006/400.perlbench.bc	400.perlbench.bc	star-risk	S_force_version	1	0	0	1.003952	180	1
benchmarks/spec2006/400.perlbench.bc	400.perlbench.bc	star-risk	S_checkcomma	1	0	0	1.004004	240	1
benchmarks/spec2006/400.perlbench.bc	400.perlbench.bc	star-risk	S_scan_subst	1	0	0	1.003434	164	1
benchmarks/spec2006/400.perlbench.bc	400.perlbench.bc	star-risk	S_scan_trans	1	0	0	1.003425	204	1
benchmarks/spec2006/400.perlbench.bc	400.perlbench.bc	star-risk	Perl_pmflag	1	0	0	1.003184	240	1
benchmarks/spec2006/400.perlbench.bc	400.perlbench.bc	star-risk	Perl_scan_vstring	1	0	0	1.004137	236	1
benchmarks/spec2006/400.perlbench.bc	400.perlbench.bc	star-risk	Perl_yywarn	1	0	0	1.005340	200	1
benchmarks/spec2006/400.perlbench.bc	400.perlbench.bc	star-risk	utf16rev_textfilter	1	0	0	1.002390	204	1
benchmarks/spec2006/400.perlbench.bc	400.perlbench.bc	star-risk	utf16_textfilter	1	0	0	1.003274	204	1
benchmarks/spec2006/400.perlbench.bc	400.perlbench.bc	star-risk	Perl_start_subparse	1	0	0	1.003202	140	1
benchmarks/spec2006/400.perlbench.bc	400.perlbench.bc	star-risk	Perl_sv_derived_from	1	0	0	1.003347	4	1
benchmarks/spec2006/400.perlbench.bc	400.perlbench.bc	star-risk	S_isa_lookup	1	0	0	2.004742	118620	1
benchmarks/spec2006/400.perlbench.bc	400.perlbench.bc	star-risk	Perl_boot_core_UNIVERSAL	1	0	0	1.002246	208	1
benchmarks/spec2006/400.perlbench.bc	400.perlbench.bc	star-risk	XS_UNIVERSAL_isa	1	0	0	1.004093	1648	1
benchmarks/spec2006/400.perlbench.bc	400.perlbench.bc	star-risk	XS_UNIVERSAL_can	1	0	0	1.003244	168	1
benchmarks/spec2006/400.perlbench.bc	400.perlbench.bc	star-risk	XS_UNIVERSAL_VERSION	1	0	0	9.014083	155968	1
benchmarks/spec2006/400.perlbench.bc	400.perlbench.bc	star-risk	XS_utf8_is_utf8	1	0	0	1.003351	204	1
benchmarks/spec2006/400.perlbench.bc	400.perlbench.bc	star-risk	XS_utf8_valid	1	0	0	1.003352	192	1
benchmarks/spec2006/400.perlbench.bc	400.perlbench.bc	star-risk	XS_utf8_encode	1	0	0	1.003339	192	1
benchmarks/spec2006/400.perlbench.bc	400.perlbench.bc	star-risk	XS_utf8_decode	1	0	0	1.003327	196	1
benchmarks/spec2006/400.perlbench.bc	400.perlbench.bc	star-risk	XS_utf8_upgrade	1	0	0	1.003372	200	1
benchmarks/spec2006/400.perlbench.bc	400.perlbench.bc	star-risk	XS_utf8_downgrade	1	0	0	1.003337	208	1
benchmarks/spec2006/400.perlbench.bc	400.perlbench.bc	star-risk	XS_utf8_native_to_unicode	1	0	0	1.003538	184	1
benchmarks/spec2006/400.perlbench.bc	400.perlbench.bc	star-risk	XS_utf8_unicode_to_native	1	0	0	1.003571	208	1
benchmarks/spec2006/400.perlbench.bc	400.perlbench.bc	star-risk	XS_Internals_SvREADONLY	1	0	0	1.004113	208	1
benchmarks/spec2006/400.perlbench.bc	400.perlbench.bc	star-risk	XS_Internals_SvREFCNT	1	0	0	1.003248	188	1
benchmarks/spec2006/400.perlbench.bc	400.perlbench.bc	star-risk	XS_Internals_hv_clear_placehold	1	0	0	1.003234	204	1
benchmarks/spec2006/400.perlbench.bc	400.perlbench.bc	star-risk	XS_PerlIO_get_layers	1	0	0	1.003706	208	1
benchmarks/spec2006/400.perlbench.bc	400.perlbench.bc	star-risk	XS_Regexp_DESTROY	1	0	0	1.003328	204	1
benchmarks/spec2006/400.perlbench.bc	400.perlbench.bc	star-risk	XS_Internals_hash_seed	1	0	0	1.003307	236	1
benchmarks/spec2006/400.perlbench.bc	400.perlbench.bc	star-risk	XS_Internals_rehash_seed	1	0	0	1.003393	180	1
benchmarks/spec2006/400.perlbench.bc	400.perlbench.bc	star-risk	XS_Internals_HvREHASH	1	0	0	1.003441	208	1
benchmarks/spec2006/400.perlbench.bc	400.perlbench.bc	star-risk	Perl_uvuni_to_utf8_flags	1	0	0	1.003435	204	1
benchmarks/spec2006/400.perlbench.bc	400.perlbench.bc	star-risk	Perl_uvuni_to_utf8	1	0	0	1.002468	204	1
benchmarks/spec2006/400.perlbench.bc	400.perlbench.bc	star-risk	Perl_is_utf8_char	1	0	0	1.003385	184	1
benchmarks/spec2006/400.perlbench.bc	400.perlbench.bc	star-risk	Perl_is_utf8_string	1	0	0	1.003360	184	1
benchmarks/spec2006/400.perlbench.bc	400.perlbench.bc	star-risk	Perl_is_utf8_string_loc	1	0	0	1.003237	100	1
benchmarks/spec2006/400.perlbench.bc	400.perlbench.bc	star-risk	Perl_utf8n_to_uvuni	1	0	0	86.133551	162324	1
benchmarks/spec2006/400.perlbench.bc	400.perlbench.bc	star-risk	Perl_utf8_to_uvchr	1	0	0	1.003850	200	1
benchmarks/spec2006/400.perlbench.bc	400.perlbench.bc	star-risk	Perl_utf8_to_uvuni	1	0	0	1.004520	204	1
benchmarks/spec2006/400.perlbench.bc	400.perlbench.bc	star-risk	Perl_utf8_length	1	0	0	1.003680	192	1
benchmarks/spec2006/400.perlbench.bc	400.perlbench.bc	star-risk	Perl_utf8_distance	1	0	0	1.004931	188	1
benchmarks/spec2006/400.perlbench.bc	400.perlbench.bc	star-risk	Perl_utf8_hop	1	0	0	1.003890	204	1
benchmarks/spec2006/400.perlbench.bc	400.perlbench.bc	star-risk	Perl_utf8_to_bytes	1	0	0	1.003319	208	1
benchmarks/spec2006/400.perlbench.bc	400.perlbench.bc	star-risk	Perl_bytes_from_utf8	1	0	0	1.002437	208	1
benchmarks/spec2006/400.perlbench.bc	400.perlbench.bc	star-risk	Perl_bytes_to_utf8	1	0	0	1.003382	180	1
benchmarks/spec2006/400.perlbench.bc	400.perlbench.bc	star-risk	Perl_utf16_to_utf8	1	0	0	1.002886	208	1
benchmarks/spec2006/400.perlbench.bc	400.perlbench.bc	star-risk	Perl_utf16_to_utf8_reversed	1	0	0	1.004578	204	1
benchmarks/spec2006/400.perlbench.bc	400.perlbench.bc	star-risk	Perl_is_uni_alnum	1	0	0	1.004187	176	1
benchmarks/spec2006/400.perlbench.bc	400.perlbench.bc	star-risk	Perl_is_utf8_alnum	1	0	0	1.003159	204	1
benchmarks/spec2006/400.perlbench.bc	400.perlbench.bc	star-risk	Perl_swash_init	1	0	0	1.003478	208	1
benchmarks/spec2006/400.perlbench.bc	400.perlbench.bc	star-risk	Perl_swash_fetch	1	0	0	1.003917	208	1
benchmarks/spec2006/400.perlbench.bc	400.perlbench.bc	star-risk	Perl_is_uni_alnumc	1	0	0	1.003675	184	1
benchmarks/spec2006/400.perlbench.bc	400.perlbench.bc	star-risk	Perl_is_utf8_alnumc	1	0	0	1.004651	76	1
benchmarks/spec2006/400.perlbench.bc	400.perlbench.bc	star-risk	Perl_is_uni_idfirst	1	0	0	1.006006	192	1
benchmarks/spec2006/400.perlbench.bc	400.perlbench.bc	star-risk	Perl_is_utf8_idfirst	1	0	0	1.003608	204	1
benchmarks/spec2006/400.perlbench.bc	400.perlbench.bc	star-risk	Perl_is_uni_alpha	1	0	0	1.005078	204	1
benchmarks/spec2006/400.perlbench.bc	400.perlbench.bc	star-risk	Perl_is_utf8_alpha	1	0	0	1.004029	192	1
benchmarks/spec2006/400.perlbench.bc	400.perlbench.bc	star-risk	Perl_is_uni_ascii	1	0	0	1.003461	16	1
benchmarks/spec2006/400.perlbench.bc	400.perlbench.bc	star-risk	Perl_is_utf8_ascii	1	0	0	1.003286	200	1
benchmarks/spec2006/400.perlbench.bc	400.perlbench.bc	star-risk	Perl_is_uni_space	1	0	0	1.003647	188	1
benchmarks/spec2006/400.perlbench.bc	400.perlbench.bc	star-risk	Perl_is_utf8_space	1	0	0	1.003261	184	1
benchmarks/spec2006/400.perlbench.bc	400.perlbench.bc	star-risk	Perl_is_uni_digit	1	0	0	1.005161	236	1
benchmarks/spec2006/400.perlbench.bc	400.perlbench.bc	star-risk	Perl_is_utf8_digit	1	0	0	1.003920	200	1
benchmarks/spec2006/400.perlbench.bc	400.perlbench.bc	star-risk	Perl_is_uni_upper	1	0	0	1.003302	200	1
benchmarks/spec2006/400.perlbench.bc	400.perlbench.bc	star-risk	Perl_is_utf8_upper	1	0	0	1.005149	4	1
benchmarks/spec2006/400.perlbench.bc	400.perlbench.bc	star-risk	Perl_is_uni_lower	1	0	0	1.003965	180	1
benchmarks/spec2006/400.perlbench.bc	400.perlbench.bc	star-risk	Perl_is_utf8_lower	1	0	0	1.005695	80	1
benchmarks/spec2006/400.perlbench.bc	400.perlbench.bc	star-risk	Perl_is_uni_cntrl	1	0	0	1.005582	192	1
benchmarks/spec2006/400.perlbench.bc	400.perlbench.bc	star-risk	Perl_is_utf8_cntrl	1	0	0	1.003860	196	1
benchmarks/spec2006/400.perlbench.bc	400.perlbench.bc	star-risk	Perl_is_uni_graph	1	0	0	1.003251	168	1
benchmarks/spec2006/400.perlbench.bc	400.perlbench.bc	star-risk	Perl_is_utf8_graph	1	0	0	1.003396	208	1
benchmarks/spec2006/400.perlbench.bc	400.perlbench.bc	star-risk	Perl_is_uni_print	1	0	0	1.003364	192	1
benchmarks/spec2006/400.perlbench.bc	400.perlbench.bc	star-risk	Perl_is_utf8_print	1	0	0	1.002573	204	1
benchmarks/spec2006/400.perlbench.bc	400.perlbench.bc	star-risk	Perl_is_uni_punct	1	0	0	1.003695	204	1
benchmarks/spec2006/400.perlbench.bc	400.perlbench.bc	star-risk	Perl_is_utf8_punct	1	0	0	1.003443	204	1
benchmarks/spec2006/400.perlbench.bc	400.perlbench.bc	star-risk	Perl_is_uni_xdigit	1	0	0	1.003291	204	1
benchmarks/spec2006/400.perlbench.bc	400.perlbench.bc	star-risk	Perl_is_utf8_xdigit	1	0	0	1.003401	180	1
benchmarks/spec2006/400.perlbench.bc	400.perlbench.bc	star-risk	Perl_to_uni_upper	1	0	0	1.003873	200	1
benchmarks/spec2006/400.perlbench.bc	400.perlbench.bc	star-risk	Perl_to_utf8_upper	1	0	0	1.005139	204	1
benchmarks/spec2006/400.perlbench.bc	400.perlbench.bc	star-risk	Perl_to_utf8_case	1	0	0	1.006017	204	1
benchmarks/spec2006/400.perlbench.bc	400.perlbench.bc	star-risk	Perl_to_uni_title	1	0	0	1.006297	184	1
benchmarks/spec2006/400.perlbench.bc	400.perlbench.bc	star-risk	Perl_to_utf8_title	1	0	0	1.009133	204	1
benchmarks/spec2006/400.perlbench.bc	400.perlbench.bc	star-risk	Perl_to_uni_lower	1	0	0	1.005399	204	1
benchmarks/spec2006/400.perlbench.bc	400.perlbench.bc	star-risk	Perl_to_utf8_lower	1	0	0	1.003970	204	1
benchmarks/spec2006/400.perlbench.bc	400.perlbench.bc	star-risk	Perl_to_uni_fold	1	0	0	1.004996	200	1
benchmarks/spec2006/400.perlbench.bc	400.perlbench.bc	star-risk	Perl_to_utf8_fold	1	0	0	1.003445	184	1
benchmarks/spec2006/400.perlbench.bc	400.perlbench.bc	star-risk	Perl_is_uni_alnum_lc	1	0	0	1.005620	188	1
benchmarks/spec2006/400.perlbench.bc	400.perlbench.bc	star-risk	Perl_is_uni_alnumc_lc	1	0	0	1.005246	208	1
benchmarks/spec2006/400.perlbench.bc	400.perlbench.bc	star-risk	Perl_is_uni_idfirst_lc	1	0	0	1.005532	176	1
benchmarks/spec2006/400.perlbench.bc	400.perlbench.bc	star-risk	Perl_is_uni_alpha_lc	1	0	0	1.003648	204	1
benchmarks/spec2006/400.perlbench.bc	400.perlbench.bc	star-risk	Perl_is_uni_ascii_lc	1	0	0	1.003721	232	1
benchmarks/spec2006/400.perlbench.bc	400.perlbench.bc	star-risk	Perl_is_uni_space_lc	1	0	0	1.004050	204	1
benchmarks/spec2006/400.perlbench.bc	400.perlbench.bc	star-risk	Perl_is_uni_digit_lc	1	0	0	1.003480	204	1
benchmarks/spec2006/400.perlbench.bc	400.perlbench.bc	star-risk	Perl_is_uni_upper_lc	1	0	0	1.003479	220	1
benchmarks/spec2006/400.perlbench.bc	400.perlbench.bc	star-risk	Perl_is_uni_lower_lc	1	0	0	1.005894	200	1
benchmarks/spec2006/400.perlbench.bc	400.perlbench.bc	star-risk	Perl_is_uni_cntrl_lc	1	0	0	1.003790	232	1
benchmarks/spec2006/400.perlbench.bc	400.perlbench.bc	star-risk	Perl_is_uni_graph_lc	1	0	0	1.004021	168	1
benchmarks/spec2006/400.perlbench.bc	400.perlbench.bc	star-risk	Perl_is_uni_print_lc	1	0	0	1.004051	232	1
benchmarks/spec2006/400.perlbench.bc	400.perlbench.bc	star-risk	Perl_is_uni_punct_lc	1	0	0	1.003405	236	1
benchmarks/spec2006/400.perlbench.bc	400.perlbench.bc	star-risk	Perl_is_uni_xdigit_lc	1	0	0	1.004532	236	1
benchmarks/spec2006/400.perlbench.bc	400.perlbench.bc	star-risk	Perl_to_uni_upper_lc	1	0	0	1.005304	192	1
benchmarks/spec2006/400.perlbench.bc	400.perlbench.bc	star-risk	Perl_to_uni_title_lc	1	0	0	1.005915	204	1
benchmarks/spec2006/400.perlbench.bc	400.perlbench.bc	star-risk	Perl_to_uni_lower_lc	1	0	0	1.003520	176	1
benchmarks/spec2006/400.perlbench.bc	400.perlbench.bc	star-risk	Perl_is_utf8_idcont	1	0	0	1.003627	204	1
benchmarks/spec2006/400.perlbench.bc	400.perlbench.bc	star-risk	Perl_is_utf8_mark	1	0	0	1.004251	204	1
benchmarks/spec2006/400.perlbench.bc	400.perlbench.bc	star-risk	Perl_uvchr_to_utf8	1	0	0	1.004192	196	1
benchmarks/spec2006/400.perlbench.bc	400.perlbench.bc	star-risk	Perl_uvchr_to_utf8_flags	1	0	0	1.005191	208	1
benchmarks/spec2006/400.perlbench.bc	400.perlbench.bc	star-risk	Perl_utf8n_to_uvchr	1	0	0	1.004541	204	1
benchmarks/spec2006/400.perlbench.bc	400.perlbench.bc	star-risk	Perl_pv_uni_display	1	0	0	1.005675	204	1
benchmarks/spec2006/400.perlbench.bc	400.perlbench.bc	star-risk	Perl_sv_uni_display	1	0	0	1.003950	176	1
benchmarks/spec2006/400.perlbench.bc	400.perlbench.bc	star-risk	Perl_ibcmp_utf8	1	0	0	6.011188	130372	1
benchmarks/spec2006/400.perlbench.bc	400.perlbench.bc	star-risk	Perl_safesysmalloc	1	0	0	1.005057	200	1
benchmarks/spec2006/400.perlbench.bc	400.perlbench.bc	star-risk	Perl_safesysrealloc	1	0	0	1.004831	196	1
benchmarks/spec2006/400.perlbench.bc	400.perlbench.bc	star-risk	Perl_safesysfree	1	0	0	1.003782	192	1
benchmarks/spec2006/400.perlbench.bc	400.perlbench.bc	star-risk	Perl_safesyscalloc	1	0	0	1.003347	200	1
benchmarks/spec2006/400.perlbench.bc	400.perlbench.bc	star-risk	Perl_malloc	1	0	0	1.002631	184	1
benchmarks/spec2006/400.perlbench.bc	400.perlbench.bc	star-risk	Perl_calloc	1	0	0	1.003935	180	1
benchmarks/spec2006/400.perlbench.bc	400.perlbench.bc	star-risk	Perl_realloc	1	0	0	1.004352	208	1
benchmarks/spec2006/400.perlbench.bc	400.perlbench.bc	star-risk	Perl_mfree	1	0	0	1.004681	204	1
benchmarks/spec2006/400.perlbench.bc	400.perlbench.bc	star-risk	Perl_delimcpy	1	0	0	1.004686	200	1
benchmarks/spec2006/400.perlbench.bc	400.perlbench.bc	star-risk	Perl_instr	1	0	0	1.004681	108	1
benchmarks/spec2006/400.perlbench.bc	400.perlbench.bc	star-risk	Perl_ninstr	1	0	0	1.003422	236	1
benchmarks/spec2006/400.perlbench.bc	400.perlbench.bc	star-risk	Perl_rninstr	1	0	0	1.009672	180	1
benchmarks/spec2006/400.perlbench.bc	400.perlbench.bc	star-risk	Perl_fbm_compile	1	0	0	1.005005	200	1
benchmarks/spec2006/400.perlbench.bc	400.perlbench.bc	star-risk	Perl_fbm_instr	1	0	0	1.003797	232	1
benchmarks/spec2006/400.perlbench.bc	400.perlbench.bc	star-risk	Perl_screaminstr	1	0	0	1.003306	188	1
benchmarks/spec2006/400.perlbench.bc	400.perlbench.bc	star-risk	Perl_ibcmp	1	0	0	1.003464	192	1
benchmarks/spec2006/400.perlbench.bc	400.perlbench.bc	star-risk	Perl_ibcmp_locale	1	0	0	1.013874	15292	1
benchmarks/spec2006/400.perlbench.bc	400.perlbench.bc	star-risk	Perl_savepv	1	0	0	1.003295	196	1
benchmarks/spec2006/400.perlbench.bc	400.perlbench.bc	star-risk	Perl_savepvn	1	0	0	1.003305	236	1
benchmarks/spec2006/400.perlbench.bc	400.perlbench.bc	star-risk	Perl_savesharedpv	1	0	0	1.003972	204	1
benchmarks/spec2006/400.perlbench.bc	400.perlbench.bc	star-risk	Perl_savesvpv	1	0	0	1.004223	204	1
benchmarks/spec2006/400.perlbench.bc	400.perlbench.bc	star-risk	Perl_form	1	0	0	1.003843	204	1
benchmarks/spec2006/400.perlbench.bc	400.perlbench.bc	star-risk	Perl_vform	1	0	0	1.003897	184	1
benchmarks/spec2006/400.perlbench.bc	400.perlbench.bc	star-risk	S_mess_alloc	1	0	0	1.003670	240	1
benchmarks/spec2006/400.perlbench.bc	400.perlbench.bc	star-risk	Perl_mess	1	0	0	1.004273	8	1
benchmarks/spec2006/400.perlbench.bc	400.perlbench.bc	star-risk	Perl_vmess	1	0	0	1.003644	104	1
benchmarks/spec2006/400.perlbench.bc	400.perlbench.bc	star-risk	S_closest_cop	1	0	0	1.003807	196	1
benchmarks/spec2006/400.perlbench.bc	400.perlbench.bc	star-risk	Perl_write_to_stderr	1	0	0	1.003523	12	1
benchmarks/spec2006/400.perlbench.bc	400.perlbench.bc	star-risk	S_vdie_croak_common	1	0	0	1.003406	204	1
benchmarks/spec2006/400.perlbench.bc	400.perlbench.bc	star-risk	S_vdie_common	1	0	0	1.003345	204	1
benchmarks/spec2006/400.perlbench.bc	400.perlbench.bc	star-risk	Perl_vdie	1	0	0	1.003290	192	1
benchmarks/spec2006/400.perlbench.bc	400.perlbench.bc	star-risk	Perl_die	1	0	0	1.003433	204	1
benchmarks/spec2006/400.perlbench.bc	400.perlbench.bc	star-risk	Perl_vcroak	1	0	0	1.003280	172	1
benchmarks/spec2006/400.perlbench.bc	400.perlbench.bc	star-risk	Perl_croak	1	0	0	1.003294	208	1
benchmarks/spec2006/400.perlbench.bc	400.perlbench.bc	star-risk	Perl_vwarn	1	0	0	1.003253	232	1
benchmarks/spec2006/400.perlbench.bc	400.perlbench.bc	star-risk	Perl_warn	1	0	0	1.004123	232	1
benchmarks/spec2006/400.perlbench.bc	400.perlbench.bc	star-risk	Perl_warner	1	0	0	1.003519	196	1
benchmarks/spec2006/400.perlbench.bc	400.perlbench.bc	star-risk	Perl_vwarner	1	0	0	1.003795	188	1
benchmarks/spec2006/400.perlbench.bc	400.perlbench.bc	star-risk	Perl_my_setenv	1	0	0	1.005823	204	1
benchmarks/spec2006/400.perlbench.bc	400.perlbench.bc	star-risk	Perl_setenv_getix	1	0	0	1.003958	208	1
benchmarks/spec2006/400.perlbench.bc	400.perlbench.bc	star-risk	Perl_my_swap	1	0	0	1.003807	204	1
benchmarks/spec2006/400.perlbench.bc	400.perlbench.bc	star-risk	Perl_my_htonl	1	0	0	1.004161	180	1
benchmarks/spec2006/400.perlbench.bc	400.perlbench.bc	star-risk	Perl_my_ntohl	1	0	0	1.003715	208	1
benchmarks/spec2006/400.perlbench.bc	400.perlbench.bc	star-risk	htovs	1	0	0	1.003818	180	1
benchmarks/spec2006/400.perlbench.bc	400.perlbench.bc	star-risk	htovl	1	0	0	1.003906	16	1
benchmarks/spec2006/400.perlbench.bc	400.perlbench.bc	star-risk	vtohs	1	0	0	1.003454	196	1
benchmarks/spec2006/400.perlbench.bc	400.perlbench.bc	star-risk	vtohl	1	0	0	1.003465	208	1
benchmarks/spec2006/400.perlbench.bc	400.perlbench.bc	star-risk	Perl_my_swabn	1	0	0	1.003425	184	1
benchmarks/spec2006/400.perlbench.bc	400.perlbench.bc	star-risk	Perl_my_popen_list	1	0	0	1.003858	232	1
benchmarks/spec2006/400.perlbench.bc	400.perlbench.bc	star-risk	Perl_my_fork	1	0	0	1.003411	204	1
benchmarks/spec2006/400.perlbench.bc	400.perlbench.bc	star-risk	dup2	1	0	0	1.006562	196	1
benchmarks/spec2006/400.perlbench.bc	400.perlbench.bc	star-risk	Perl_wait4pid	1	0	0	1.004533	204	1
benchmarks/spec2006/400.perlbench.bc	400.perlbench.bc	star-risk	Perl_my_popen	1	0	0	1.005058	184	1
benchmarks/spec2006/400.perlbench.bc	400.perlbench.bc	star-risk	Perl_atfork_lock	1	0	0	1.003347	204	1
benchmarks/spec2006/400.perlbench.bc	400.perlbench.bc	star-risk	Perl_atfork_unlock	1	0	0	1.005535	196	1
benchmarks/spec2006/400.perlbench.bc	400.perlbench.bc	star-risk	Perl_rsignal	1	0	0	1.006561	204	1
benchmarks/spec2006/400.perlbench.bc	400.perlbench.bc	star-risk	Perl_rsignal_state	1	0	0	1.005740	204	1
benchmarks/spec2006/400.perlbench.bc	400.perlbench.bc	star-risk	sig_trap	1	0	0	1.004353	176	1
benchmarks/spec2006/400.perlbench.bc	400.perlbench.bc	star-risk	Perl_rsignal_save	1	0	0	1.005682	204	1
benchmarks/spec2006/400.perlbench.bc	400.perlbench.bc	star-risk	Perl_rsignal_restore	1	0	0	1.006747	240	1
benchmarks/spec2006/400.perlbench.bc	400.perlbench.bc	star-risk	Perl_my_pclose	1	0	0	1.003782	236	1
benchmarks/spec2006/400.perlbench.bc	400.perlbench.bc	star-risk	Perl_pidgone	1	0	0	1.003965	180	1
benchmarks/spec2006/400.perlbench.bc	400.perlbench.bc	star-risk	Perl_repeatcpy	1	0	0	1.005846	240	1
benchmarks/spec2006/400.perlbench.bc	400.perlbench.bc	star-risk	Perl_same_dirent	1	0	0	1.005158	208	1
benchmarks/spec2006/400.perlbench.bc	400.perlbench.bc	star-risk	Perl_find_script	1	0	0	1.003468	184	1
benchmarks/spec2006/400.perlbench.bc	400.perlbench.bc	star-risk	Perl_get_context	1	0	0	1.004154	192	1
benchmarks/spec2006/400.perlbench.bc	400.perlbench.bc	star-risk	Perl_set_context	1	0	0	1.004943	200	1
benchmarks/spec2006/400.perlbench.bc	400.perlbench.bc	star-risk	Perl_get_op_names	1	0	0	1.003806	184	1
benchmarks/spec2006/400.perlbench.bc	400.perlbench.bc	star-risk	Perl_get_op_descs	1	0	0	1.003285	176	1
benchmarks/spec2006/400.perlbench.bc	400.perlbench.bc	star-risk	Perl_get_no_modify	1	0	0	1.003664	192	1
benchmarks/spec2006/400.perlbench.bc	400.perlbench.bc	star-risk	Perl_get_opargs	1	0	0	1.003456	240	1
benchmarks/spec2006/400.perlbench.bc	400.perlbench.bc	star-risk	Perl_get_ppaddr	1	0	0	1.003306	204	1
benchmarks/spec2006/400.perlbench.bc	400.perlbench.bc	star-risk	Perl_getenv_len	1	0	0	1.003262	140	1
benchmarks/spec2006/400.perlbench.bc	400.perlbench.bc	star-risk	Perl_get_vtbl	1	0	0	1.004918	200	1
benchmarks/spec2006/400.perlbench.bc	400.perlbench.bc	star-risk	Perl_my_fflush_all	1	0	0	1.005121	180	1
benchmarks/spec2006/400.perlbench.bc	400.perlbench.bc	star-risk	Perl_report_evil_fh	1	0	0	1.003602	180	1
benchmarks/spec2006/400.perlbench.bc	400.perlbench.bc	star-risk	Perl_init_tm	1	0	0	1.003504	188	1
benchmarks/spec2006/400.perlbench.bc	400.perlbench.bc	star-risk	Perl_mini_mktime	1	0	0	1.004962	80	1
benchmarks/spec2006/400.perlbench.bc	400.perlbench.bc	star-risk	Perl_my_strftime	1	0	0	1.003847	196	1
benchmarks/spec2006/400.perlbench.bc	400.perlbench.bc	star-risk	Perl_getcwd_sv	1	0	0	1.003475	184	1
benchmarks/spec2006/400.perlbench.bc	400.perlbench.bc	star-risk	Perl_my_socketpair	1	0	0	1.003688	208	1
benchmarks/spec2006/400.perlbench.bc	400.perlbench.bc	star-risk	Perl_sv_nosharing	1	0	0	1.004491	204	1
benchmarks/spec2006/400.perlbench.bc	400.perlbench.bc	star-risk	Perl_sv_nolocking	1	0	0	1.003877	204	1
benchmarks/spec2006/400.perlbench.bc	400.perlbench.bc	star-risk	Perl_sv_nounlocking	1	0	0	1.004485	204	1
benchmarks/spec2006/400.perlbench.bc	400.perlbench.bc	star-risk	Perl_parse_unicode_opts	1	0	0	1.003885	232	1
benchmarks/spec2006/400.perlbench.bc	400.perlbench.bc	star-risk	Perl_seed	1	0	0	1.003786	180	1
benchmarks/spec2006/400.perlbench.bc	400.perlbench.bc	star-risk	Perl_get_hash_seed	1	0	0	1.014792	240	1
benchmarks/spec2006/400.perlbench.bc	400.perlbench.bc	star-risk	Perl_boot_core_xsutils	1	0	0	1.003486	204	1
benchmarks/spec2006/400.perlbench.bc	400.perlbench.bc	star-risk	XS_attributes_bootstrap	1	0	0	1.003840	208	1
benchmarks/spec2006/400.perlbench.bc	400.perlbench.bc	star-risk	XS_attributes__warn_reserved	1	0	0	1.004429	232	1
benchmarks/spec2006/400.perlbench.bc	400.perlbench.bc	star-risk	XS_attributes__modify_attrs	1	0	0	1.004347	236	1
benchmarks/spec2006/400.perlbench.bc	400.perlbench.bc	star-risk	XS_attributes__guess_stash	1	0	0	1.005791	12	1
benchmarks/spec2006/400.perlbench.bc	400.perlbench.bc	star-risk	XS_attributes__fetch_attrs	1	0	0	1.005178	200	1
benchmarks/spec2006/400.perlbench.bc	400.perlbench.bc	star-risk	XS_attributes_reftype	1	0	0	1.004804	184	1
benchmarks/spec2006/400.perlbench.bc	400.perlbench.bc	star-risk	modify_SV_attributes	1	0	0	1.003737	204	1
benchmarks/spec2006/400.perlbench.bc	400.perlbench.bc	star-risk	XS_MIME__Base64_encode_base64	1	0	0	1.003340	204	1
benchmarks/spec2006/400.perlbench.bc	400.perlbench.bc	star-risk	XS_MIME__Base64_decode_base64	1	0	0	1.003242	184	1
benchmarks/spec2006/400.perlbench.bc	400.perlbench.bc	star-risk	XS_MIME__QuotedPrint_encode_qp	1	0	0	1.003577	188	1
benchmarks/spec2006/400.perlbench.bc	400.perlbench.bc	star-risk	XS_MIME__QuotedPrint_decode_qp	1	0	0	1.004281	196	1
benchmarks/spec2006/400.perlbench.bc	400.perlbench.bc	star-risk	boot_MIME__Base64	1	0	0	1.003497	192	1
benchmarks/spec2006/400.perlbench.bc	400.perlbench.bc	star-risk	XS_Cwd_fastcwd	1	0	0	1.005582	184	1
benchmarks/spec2006/400.perlbench.bc	400.perlbench.bc	star-risk	XS_Cwd_abs_path	1	0	0	1.005532	208	1
benchmarks/spec2006/400.perlbench.bc	400.perlbench.bc	star-risk	bsd_realpath	1	0	0	1.003773	200	1
benchmarks/spec2006/400.perlbench.bc	400.perlbench.bc	star-risk	boot_Cwd	1	0	0	1.005108	192	1
benchmarks/spec2006/400.perlbench.bc	400.perlbench.bc	star-risk	XS_Data__Dumper_Dumpxs	1	0	0	1.003540	204	1
benchmarks/spec2006/400.perlbench.bc	400.perlbench.bc	star-risk	sv_x	1	0	0	1.003537	204	1
benchmarks/spec2006/400.perlbench.bc	400.perlbench.bc	star-risk	DD_dump	1	-9	1	185.314967	487340	0
benchmarks/spec2006/400.perlbench.bc	400.perlbench.bc	star-risk	needs_quote	1	0	0	1.003770	188	1
benchmarks/spec2006/400.perlbench.bc	400.perlbench.bc	star-risk	esc_q_utf8	1	0	0	1.003481	204	1
benchmarks/spec2006/400.perlbench.bc	400.perlbench.bc	star-risk	num_q	1	0	0	1.004331	204	1
benchmarks/spec2006/400.perlbench.bc	400.perlbench.bc	star-risk	esc_q	1	0	0	1.003967	100	1
benchmarks/spec2006/400.perlbench.bc	400.perlbench.bc	star-risk	boot_Data__Dumper	1	0	0	1.004718	204	1
benchmarks/spec2006/400.perlbench.bc	400.perlbench.bc	star-risk	hrt_usleep	1	0	0	1.004105	196	1
benchmarks/spec2006/400.perlbench.bc	400.perlbench.bc	star-risk	XS_Time__HiRes_constant	1	0	0	1.004528	208	1
benchmarks/spec2006/400.perlbench.bc	400.perlbench.bc	star-risk	constant	1	0	0	1.004365	204	1
benchmarks/spec2006/400.perlbench.bc	400.perlbench.bc	star-risk	constant_11	1	0	0	1.003290	208	1
benchmarks/spec2006/400.perlbench.bc	400.perlbench.bc	star-risk	XS_Time__HiRes_usleep	1	0	0	1.003353	208	1
benchmarks/spec2006/400.perlbench.bc	400.perlbench.bc	star-risk	XS_Time__HiRes_sleep	1	0	0	1.003920	192	1
benchmarks/spec2006/400.perlbench.bc	400.perlbench.bc	star-risk	XS_Time__HiRes_gettimeofday	1	0	0	1.003519	204	1
benchmarks/spec2006/400.perlbench.bc	400.perlbench.bc	star-risk	XS_Time__HiRes_time	1	0	0	1.007079	208	1
benchmarks/spec2006/400.perlbench.bc	400.perlbench.bc	star-risk	boot_Time__HiRes	1	0	0	1.007676	1708	1
benchmarks/spec2006/400.perlbench.bc	400.perlbench.bc	star-risk	XS_IO__Seekable_getpos	1	0	0	1.003761	232	1
benchmarks/spec2006/400.perlbench.bc	400.perlbench.bc	star-risk	XS_IO__Seekable_setpos	1	0	0	1.007438	204	1
benchmarks/spec2006/400.perlbench.bc	400.perlbench.bc	star-risk	XS_IO__File_new_tmpfile	1	0	0	1.008283	204	1
benchmarks/spec2006/400.perlbench.bc	400.perlbench.bc	star-risk	XS_IO__Poll__poll	1	0	0	1.004485	204	1
benchmarks/spec2006/400.perlbench.bc	400.perlbench.bc	star-risk	XS_IO__Handle_blocking	1	0	0	1.003551	208	1
benchmarks/spec2006/400.perlbench.bc	400.perlbench.bc	star-risk	io_blocking	1	0	0	1.003498	196	1
benchmarks/spec2006/400.perlbench.bc	400.perlbench.bc	star-risk	XS_IO__Handle_ungetc	1	0	0	1.003464	192	1
benchmarks/spec2006/400.perlbench.bc	400.perlbench.bc	star-risk	XS_IO__Handle_error	1	0	0	1.003269	204	1
benchmarks/spec2006/400.perlbench.bc	400.perlbench.bc	star-risk	XS_IO__Handle_clearerr	1	0	0	1.003408	176	1
benchmarks/spec2006/400.perlbench.bc	400.perlbench.bc	star-risk	XS_IO__Handle_untaint	1	0	0	1.003597	204	1
benchmarks/spec2006/400.perlbench.bc	400.perlbench.bc	star-risk	XS_IO__Handle_flush	1	0	0	1.003696	208	1
benchmarks/spec2006/400.perlbench.bc	400.perlbench.bc	star-risk	XS_IO__Handle_setbuf	1	0	0	1.003645	204	1
benchmarks/spec2006/400.perlbench.bc	400.perlbench.bc	star-risk	not_here	1	0	0	1.003275	204	1
benchmarks/spec2006/400.perlbench.bc	400.perlbench.bc	star-risk	XS_IO__Handle_setvbuf	1	0	0	1.003521	180	1
benchmarks/spec2006/400.perlbench.bc	400.perlbench.bc	star-risk	XS_IO__Handle_sync	1	0	0	1.003745	236	1
benchmarks/spec2006/400.perlbench.bc	400.perlbench.bc	star-risk	XS_IO__Socket_sockatmark	1	0	0	1.003426	204	1
benchmarks/spec2006/400.perlbench.bc	400.perlbench.bc	star-risk	boot_IO	1	0	0	1.003680	204	1
benchmarks/spec2006/400.perlbench.bc	400.perlbench.bc	star-risk	_runops_debug	1	0	0	1.002602	184	1
benchmarks/spec2006/400.perlbench.bc	400.perlbench.bc	star-risk	DeadCode	1	0	0	1.003337	176	1
benchmarks/spec2006/400.perlbench.bc	400.perlbench.bc	star-risk	fill_mstats	1	0	0	1.004236	4	1
benchmarks/spec2006/400.perlbench.bc	400.perlbench.bc	star-risk	mstats_fillhash	1	0	0	1.003423	204	1
benchmarks/spec2006/400.perlbench.bc	400.perlbench.bc	star-risk	mstats2hash	1	0	0	1.003369	204	1
benchmarks/spec2006/400.perlbench.bc	400.perlbench.bc	star-risk	XS_Devel__Peek_mstat	1	0	0	1.003499	200	1
benchmarks/spec2006/400.perlbench.bc	400.perlbench.bc	star-risk	XS_Devel__Peek_fill_mstats	1	0	0	1.004536	208	1
benchmarks/spec2006/400.perlbench.bc	400.perlbench.bc	star-risk	XS_Devel__Peek_mstats_fillhash	1	0	0	1.003517	188	1
benchmarks/spec2006/400.perlbench.bc	400.perlbench.bc	star-risk	XS_Devel__Peek_mstats2hash	1	0	0	1.003854	204	1
benchmarks/spec2006/400.perlbench.bc	400.perlbench.bc	star-risk	XS_Devel__Peek_Dump	1	0	0	1.003654	204	1
benchmarks/spec2006/400.perlbench.bc	400.perlbench.bc	star-risk	XS_Devel__Peek_DumpArray	1	0	0	1.003978	236	1
benchmarks/spec2006/400.perlbench.bc	400.perlbench.bc	star-risk	XS_Devel__Peek_DumpProg	1	0	0	1.003404	188	1
benchmarks/spec2006/400.perlbench.bc	400.perlbench.bc	star-risk	XS_Devel__Peek_SvREFCNT	1	0	0	1.003689	204	1
benchmarks/spec2006/400.perlbench.bc	400.perlbench.bc	star-risk	XS_Devel__Peek_SvREFCNT_inc	1	0	0	1.007135	200	1
benchmarks/spec2006/400.perlbench.bc	400.perlbench.bc	star-risk	XS_Devel__Peek_SvREFCNT_dec	1	0	0	1.004223	208	1
benchmarks/spec2006/400.perlbench.bc	400.perlbench.bc	star-risk	XS_Devel__Peek_DeadCode	1	0	0	1.003524	232	1
benchmarks/spec2006/400.perlbench.bc	400.perlbench.bc	star-risk	XS_Devel__Peek_CvGV	1	0	0	1.004137	224	1
benchmarks/spec2006/400.perlbench.bc	400.perlbench.bc	star-risk	XS_Devel__Peek_runops_debug	1	0	0	1.003507	188	1
benchmarks/spec2006/400.perlbench.bc	400.perlbench.bc	star-risk	boot_Devel__Peek	1	0	0	1.003560	200	1
benchmarks/spec2006/400.perlbench.bc	400.perlbench.bc	star-risk	XS_attrs_import	1	0	0	1.003500	208	1
benchmarks/spec2006/400.perlbench.bc	400.perlbench.bc	star-risk	get_flag	1	0	0	1.004232	204	1
benchmarks/spec2006/400.perlbench.bc	400.perlbench.bc	star-risk	XS_attrs_get	1	0	0	1.004397	208	1
benchmarks/spec2006/400.perlbench.bc	400.perlbench.bc	star-risk	boot_attrs	1	0	0	1.003498	232	1
benchmarks/spec2006/400.perlbench.bc	400.perlbench.bc	star-risk	Perl_my_poll	1	0	0	1.004233	204	1
benchmarks/spec2006/400.perlbench.bc	400.perlbench.bc	star-risk	xsfopen	1	0	0	1.003889	188	1
benchmarks/spec2006/400.perlbench.bc	400.perlbench.bc	star-risk	xsfclose	1	0	0	1.003429	200	1
benchmarks/spec2006/400.perlbench.bc	400.perlbench.bc	star-risk	xsfprintf	1	0	0	1.003653	192	1
benchmarks/spec2006/400.perlbench.bc	400.perlbench.bc	star-risk	XS_DynaLoader_dl_error	1	0	0	1.005012	196	1
benchmarks/spec2006/400.perlbench.bc	400.perlbench.bc	star-risk	boot_DynaLoader	1	0	0	1.003854	200	1
benchmarks/spec2006/400.perlbench.bc	400.perlbench.bc	star-risk	XS_Digest__MD5_new	1	0	0	1.004374	152	1
benchmarks/spec2006/400.perlbench.bc	400.perlbench.bc	star-risk	get_md5_ctx	1	0	0	1.003707	172	1
benchmarks/spec2006/400.perlbench.bc	400.perlbench.bc	star-risk	MD5Init	1	0	0	1.003455	208	1
benchmarks/spec2006/400.perlbench.bc	400.perlbench.bc	star-risk	XS_Digest__MD5_clone	1	0	0	1.003676	232	1
benchmarks/spec2006/400.perlbench.bc	400.perlbench.bc	star-risk	XS_Digest__MD5_DESTROY	1	0	0	1.003476	204	1
benchmarks/spec2006/400.perlbench.bc	400.perlbench.bc	star-risk	XS_Digest__MD5_add	1	0	0	1.005104	180	1
benchmarks/spec2006/400.perlbench.bc	400.perlbench.bc	star-risk	MD5Update	1	0	0	1.005686	236	1
benchmarks/spec2006/400.perlbench.bc	400.perlbench.bc	star-risk	MD5Transform	1	0	0	7.016151	119160	1
benchmarks/spec2006/400.perlbench.bc	400.perlbench.bc	star-risk	XS_Digest__MD5_addfile	1	0	0	1.004770	208	1
benchmarks/spec2006/400.perlbench.bc	400.perlbench.bc	star-risk	XS_Digest__MD5_digest	1	0	0	1.005563	204	1
benchmarks/spec2006/400.perlbench.bc	400.perlbench.bc	star-risk	MD5Final	1	0	0	1.004895	236	1
benchmarks/spec2006/400.perlbench.bc	400.perlbench.bc	star-risk	make_mortal_sv	1	0	0	1.003915	204	1
benchmarks/spec2006/400.perlbench.bc	400.perlbench.bc	star-risk	hex_16	1	0	0	1.004760	196	1
benchmarks/spec2006/400.perlbench.bc	400.perlbench.bc	star-risk	base64_16	1	0	0	1.005657	180	1
benchmarks/spec2006/400.perlbench.bc	400.perlbench.bc	star-risk	u2s	1	0	0	1.005130	204	1
benchmarks/spec2006/400.perlbench.bc	400.perlbench.bc	star-risk	XS_Digest__MD5_md5	1	0	0	1.004915	236	1
benchmarks/spec2006/400.perlbench.bc	400.perlbench.bc	star-risk	boot_Digest__MD5	1	0	0	1.005220	204	1
benchmarks/spec2006/400.perlbench.bc	400.perlbench.bc	star-risk	is_storing	1	0	0	1.006467	208	1
benchmarks/spec2006/400.perlbench.bc	400.perlbench.bc	star-risk	is_retrieving	1	0	0	1.005957	188	1
benchmarks/spec2006/400.perlbench.bc	400.perlbench.bc	star-risk	last_op_in_netorder	1	0	0	1.004822	236	1
benchmarks/spec2006/400.perlbench.bc	400.perlbench.bc	star-risk	pstore	1	0	0	1.006598	204	1
benchmarks/spec2006/400.perlbench.bc	400.perlbench.bc	star-risk	do_store	1	0	0	1.005767	184	1
benchmarks/spec2006/400.perlbench.bc	400.perlbench.bc	star-risk	clean_context	1	0	0	1.003930	100	1
benchmarks/spec2006/400.perlbench.bc	400.perlbench.bc	star-risk	allocate_context	1	0	0	1.004943	200	1
benchmarks/spec2006/400.perlbench.bc	400.perlbench.bc	star-risk	init_store_context	1	0	0	1.005001	188	1
benchmarks/spec2006/400.perlbench.bc	400.perlbench.bc	star-risk	magic_write	1	0	0	1.005245	192	1
benchmarks/spec2006/400.perlbench.bc	400.perlbench.bc	star-risk	store	1	0	0	1.007791	172	1
benchmarks/spec2006/400.perlbench.bc	400.perlbench.bc	star-risk	mbuf2sv	1	0	0	1.006669	204	1
benchmarks/spec2006/400.perlbench.bc	400.perlbench.bc	star-risk	clean_store_context	1	0	0	1.003467	232	1
benchmarks/spec2006/400.perlbench.bc	400.perlbench.bc	star-risk	free_context	1	0	0	1.008072	204	1
benchmarks/spec2006/400.perlbench.bc	400.perlbench.bc	star-risk	reset_context	1	0	0	1.006845	196	1
benchmarks/spec2006/400.perlbench.bc	400.perlbench.bc	star-risk	sv_type	1	0	0	1.006368	232	1
benchmarks/spec2006/400.perlbench.bc	400.perlbench.bc	star-risk	store_blessed	1	0	0	1.007108	196	1
benchmarks/spec2006/400.perlbench.bc	400.perlbench.bc	star-risk	store_ref	1	0	0	1.005922	236	1
benchmarks/spec2006/400.perlbench.bc	400.perlbench.bc	star-risk	store_scalar	1	0	0	1.004917	192	1
benchmarks/spec2006/400.perlbench.bc	400.perlbench.bc	star-risk	store_array	1	0	0	1.003481	188	1
benchmarks/spec2006/400.perlbench.bc	400.perlbench.bc	star-risk	store_hash	1	0	0	80.131431	556916	1
benchmarks/spec2006/400.perlbench.bc	400.perlbench.bc	star-risk	store_tied	1	0	0	1.003948	204	1
benchmarks/spec2006/400.perlbench.bc	400.perlbench.bc	star-risk	store_tied_item	1	0	0	1.004586	236	1
benchmarks/spec2006/400.perlbench.bc	400.perlbench.bc	star-risk	store_code	1	0	0	1.005828	188	1
benchmarks/spec2006/400.perlbench.bc	400.perlbench.bc	star-risk	store_other	1	0	0	1.006669	204	1
benchmarks/spec2006/400.perlbench.bc	400.perlbench.bc	star-risk	pkg_can	1	0	0	1.007725	176	1
benchmarks/spec2006/400.perlbench.bc	400.perlbench.bc	star-risk	store_hook	1	0	0	30.065572	1045004	1
benchmarks/spec2006/400.perlbench.bc	400.perlbench.bc	star-risk	known_class	1	0	0	1.003666	176	1
benchmarks/spec2006/400.perlbench.bc	400.perlbench.bc	star-risk	array_call	1	0	0	1.003483	180	1
benchmarks/spec2006/400.perlbench.bc	400.perlbench.bc	star-risk	pkg_hide	1	0	0	1.007720	184	1
benchmarks/spec2006/400.perlbench.bc	400.perlbench.bc	star-risk	pkg_fetchmeth	1	0	0	1.003987	204	1
benchmarks/spec2006/400.perlbench.bc	400.perlbench.bc	star-risk	clean_retrieve_context	1	0	0	1.003861	340	1
benchmarks/spec2006/400.perlbench.bc	400.perlbench.bc	star-risk	net_pstore	1	0	0	1.004885	192	1
benchmarks/spec2006/400.perlbench.bc	400.perlbench.bc	star-risk	mstore	1	0	0	1.003470	192	1
benchmarks/spec2006/400.perlbench.bc	400.perlbench.bc	star-risk	net_mstore	1	0	0	1.003413	208	1
benchmarks/spec2006/400.perlbench.bc	400.perlbench.bc	star-risk	pretrieve	1	0	0	1.003414	208	1
benchmarks/spec2006/400.perlbench.bc	400.perlbench.bc	star-risk	do_retrieve	1	0	0	1.003438	208	1
benchmarks/spec2006/400.perlbench.bc	400.perlbench.bc	star-risk	magic_check	1	0	0	1.003886	204	1
benchmarks/spec2006/400.perlbench.bc	400.perlbench.bc	star-risk	init_retrieve_context	1	0	0	1.004011	192	1
benchmarks/spec2006/400.perlbench.bc	400.perlbench.bc	star-risk	retrieve	1	0	0	2.004151	160404	1
benchmarks/spec2006/400.perlbench.bc	400.perlbench.bc	star-risk	retrieve_lscalar	1	0	0	1.004432	196	1
benchmarks/spec2006/400.perlbench.bc	400.perlbench.bc	star-risk	old_retrieve_array	1	0	0	1.004276	172	1
benchmarks/spec2006/400.perlbench.bc	400.perlbench.bc	star-risk	old_retrieve_hash	1	0	0	2.004349	144560	1
benchmarks/spec2006/400.perlbench.bc	400.perlbench.bc	star-risk	retrieve_ref	1	0	0	1.003726	192	1
benchmarks/spec2006/400.perlbench.bc	400.perlbench.bc	star-risk	retrieve_undef	1	0	0	1.002521	204	1
benchmarks/spec2006/400.perlbench.bc	400.perlbench.bc	star-risk	retrieve_integer	1	0	0	1.003381	192	1
benchmarks/spec2006/400.perlbench.bc	400.perlbench.bc	star-risk	retrieve_double	1	0	0	1.002562	176	1
benchmarks/spec2006/400.perlbench.bc	400.perlbench.bc	star-risk	retrieve_byte	1	0	0	1.003840	208	1
benchmarks/spec2006/400.perlbench.bc	400.perlbench.bc	star-risk	retrieve_netint	1	0	0	1.005641	200	1
benchmarks/spec2006/400.perlbench.bc	400.perlbench.bc	star-risk	retrieve_scalar	1	0	0	1.003762	196	1
benchmarks/spec2006/400.perlbench.bc	400.perlbench.bc	star-risk	retrieve_tied_array	1	0	0	1.004657	204	1
benchmarks/spec2006/400.perlbench.bc	400.perlbench.bc	star-risk	retrieve_tied_hash	1	0	0	1.003627	204	1
benchmarks/spec2006/400.perlbench.bc	400.perlbench.bc	star-risk	retrieve_tied_scalar	1	0	0	1.003627	12	1
benchmarks/spec2006/400.perlbench.bc	400.perlbench.bc	star-risk	retrieve_other	1	0	0	1.004121	196	1
benchmarks/spec2006/400.perlbench.bc	400.perlbench.bc	star-risk	retrieve_array	1	0	0	1.004316	176	1
benchmarks/spec2006/400.perlbench.bc	400.perlbench.bc	star-risk	retrieve_hash	1	0	0	1.003547	232	1
benchmarks/spec2006/400.perlbench.bc	400.perlbench.bc	star-risk	retrieve_sv_undef	1	0	0	1.003693	204	1
benchmarks/spec2006/400.perlbench.bc	400.perlbench.bc	star-risk	retrieve_sv_yes	1	0	0	1.003643	232	1
benchmarks/spec2006/400.perlbench.bc	400.perlbench.bc	star-risk	retrieve_sv_no	1	0	0	1.003469	164	1
benchmarks/spec2006/400.perlbench.bc	400.perlbench.bc	star-risk	retrieve_blessed	1	0	0	1.003554	204	1
benchmarks/spec2006/400.perlbench.bc	400.perlbench.bc	star-risk	retrieve_idx_blessed	1	0	0	1.004826	196	1
benchmarks/spec2006/400.perlbench.bc	400.perlbench.bc	star-risk	retrieve_hook	1	0	0	7.017185	242200	1
benchmarks/spec2006/400.perlbench.bc	400.perlbench.bc	star-risk	retrieve_overloaded	1	0	0	1.003570	184	1
benchmarks/spec2006/400.perlbench.bc	400.perlbench.bc	star-risk	retrieve_tied_key	1	0	0	1.005397	208	1
benchmarks/spec2006/400.perlbench.bc	400.perlbench.bc	star-risk	retrieve_tied_idx	1	0	0	1.005251	208	1
benchmarks/spec2006/400.perlbench.bc	400.perlbench.bc	star-risk	retrieve_utf8str	1	0	0	1.005431	204	1
benchmarks/spec2006/400.perlbench.bc	400.perlbench.bc	star-risk	retrieve_lutf8str	1	0	0	1.005614	768	1
benchmarks/spec2006/400.perlbench.bc	400.perlbench.bc	star-risk	retrieve_flag_hash	1	0	0	2.004562	150816	1
benchmarks/spec2006/400.perlbench.bc	400.perlbench.bc	star-risk	retrieve_code	1	0	0	1.003509	204	1
benchmarks/spec2006/400.perlbench.bc	400.perlbench.bc	star-risk	pkg_uncache	1	0	0	1.003655	208	1
benchmarks/spec2006/400.perlbench.bc	400.perlbench.bc	star-risk	scalar_call	1	0	0	1.004339	176	1
benchmarks/spec2006/400.perlbench.bc	400.perlbench.bc	star-risk	mretrieve	1	0	0	1.007514	188	1
benchmarks/spec2006/400.perlbench.bc	400.perlbench.bc	star-risk	dclone	1	0	0	1.005761	204	1
benchmarks/spec2006/400.perlbench.bc	400.perlbench.bc	star-risk	XS_Storable__Cxt_DESTROY	1	0	0	1.003761	208	1
benchmarks/spec2006/400.perlbench.bc	400.perlbench.bc	star-risk	XS_Storable_init_perinterp	1	0	0	1.003561	204	1
benchmarks/spec2006/400.perlbench.bc	400.perlbench.bc	star-risk	init_perinterp	1	0	0	1.003426	236	1
benchmarks/spec2006/400.perlbench.bc	400.perlbench.bc	star-risk	XS_Storable_pstore	1	0	0	1.003721	200	1
benchmarks/spec2006/400.perlbench.bc	400.perlbench.bc	star-risk	XS_Storable_net_pstore	1	0	0	1.003432	236	1
benchmarks/spec2006/400.perlbench.bc	400.perlbench.bc	star-risk	XS_Storable_mstore	1	0	0	1.003379	188	1
benchmarks/spec2006/400.perlbench.bc	400.perlbench.bc	star-risk	XS_Storable_net_mstore	1	0	0	1.003328	204	1
benchmarks/spec2006/400.perlbench.bc	400.perlbench.bc	star-risk	XS_Storable_pretrieve	1	0	0	1.003700	204	1
benchmarks/spec2006/400.perlbench.bc	400.perlbench.bc	star-risk	XS_Storable_mretrieve	1	0	0	1.007475	196	1
benchmarks/spec2006/400.perlbench.bc	400.perlbench.bc	star-risk	XS_Storable_dclone	1	0	0	1.003580	240	1
benchmarks/spec2006/400.perlbench.bc	400.perlbench.bc	star-risk	XS_Storable_last_op_in_netorder	1	0	0	1.003521	192	1
benchmarks/spec2006/400.perlbench.bc	400.perlbench.bc	star-risk	XS_Storable_is_storing	1	0	0	1.004124	208	1
benchmarks/spec2006/400.perlbench.bc	400.perlbench.bc	star-risk	XS_Storable_is_retrieving	1	0	0	1.003818	204	1
benchmarks/spec2006/400.perlbench.bc	400.perlbench.bc	star-risk	boot_Storable	1	0	0	1.003475	208	1
benchmarks/spec2006/400.perlbench.bc	400.perlbench.bc	star-risk	magic_free_pstate	1	0	0	1.003788	204	1
benchmarks/spec2006/400.perlbench.bc	400.perlbench.bc	star-risk	get_pstate_iv	1	0	0	1.003584	204	1
benchmarks/spec2006/400.perlbench.bc	400.perlbench.bc	star-risk	free_pstate	1	0	0	1.003556	240	1
benchmarks/spec2006/400.perlbench.bc	400.perlbench.bc	star-risk	XS_HTML__Parser__alloc_pstate	1	0	0	1.003463	184	1
benchmarks/spec2006/400.perlbench.bc	400.perlbench.bc	star-risk	XS_HTML__Parser_parse	1	0	0	1.003890	196	1
benchmarks/spec2006/400.perlbench.bc	400.perlbench.bc	star-risk	get_pstate_hv	1	0	0	1.004690	16	1
benchmarks/spec2006/400.perlbench.bc	400.perlbench.bc	star-risk	parse	1	0	0	96.148315	124716	1
benchmarks/spec2006/400.perlbench.bc	400.perlbench.bc	star-risk	parse_buf	1	0	0	18.027763	204760	1
benchmarks/spec2006/400.perlbench.bc	400.perlbench.bc	star-risk	report_event	1	0	0	1.004683	208	1
benchmarks/spec2006/400.perlbench.bc	400.perlbench.bc	star-risk	flush_pending_text	1	0	0	1.003853	152	1
benchmarks/spec2006/400.perlbench.bc	400.perlbench.bc	star-risk	probably_utf8_chunk	1	0	0	1.003571	208	1
benchmarks/spec2006/400.perlbench.bc	400.perlbench.bc	star-risk	has_hibit	1	0	0	1.003643	188	1
benchmarks/spec2006/400.perlbench.bc	400.perlbench.bc	star-risk	sv_lower	1	0	0	1.003386	204	1
benchmarks/spec2006/400.perlbench.bc	400.perlbench.bc	star-risk	decode_entities	1	0	0	97.152715	376220	1
benchmarks/spec2006/400.perlbench.bc	400.perlbench.bc	star-risk	grow_gap	1	0	0	1.003980	144	1
benchmarks/spec2006/400.perlbench.bc	400.perlbench.bc	star-risk	marked_section_update	1	0	0	1.002933	180	1
benchmarks/spec2006/400.perlbench.bc	400.perlbench.bc	star-risk	parse_start	1	0	0	5.008579	190428	1
benchmarks/spec2006/400.perlbench.bc	400.perlbench.bc	star-risk	parse_end	1	0	0	1.004620	204	1
benchmarks/spec2006/400.perlbench.bc	400.perlbench.bc	star-risk	parse_decl	1	0	0	3.006635	146608	1
benchmarks/spec2006/400.perlbench.bc	400.perlbench.bc	star-risk	parse_process	1	0	0	1.003393	204	1
benchmarks/spec2006/400.perlbench.bc	400.perlbench.bc	star-risk	parse_comment	1	0	0	1.003604	196	1
benchmarks/spec2006/400.perlbench.bc	400.perlbench.bc	star-risk	parse_marked_section	1	0	0	1.004026	208	1
benchmarks/spec2006/400.perlbench.bc	400.perlbench.bc	star-risk	strnEQx	1	0	0	1.004386	236	1
benchmarks/spec2006/400.perlbench.bc	400.perlbench.bc	star-risk	tokens_grow	1	0	0	1.003459	188	1
benchmarks/spec2006/400.perlbench.bc	400.perlbench.bc	star-risk	skip_until_gt	1	0	0	1.004106	208	1
benchmarks/spec2006/400.perlbench.bc	400.perlbench.bc	star-risk	XS_HTML__Parser_eof	1	0	0	1.003735	208	1
benchmarks/spec2006/400.perlbench.bc	400.perlbench.bc	star-risk	XS_HTML__Parser_strict_comment	1	0	0	1.003715	200	1
benchmarks/spec2006/400.perlbench.bc	400.perlbench.bc	star-risk	XS_HTML__Parser_boolean_attribute_value	1	0	0	1.004145	180	1
benchmarks/spec2006/400.perlbench.bc	400.perlbench.bc	star-risk	XS_HTML__Parser_ignore_tags	1	0	0	1.003829	208	1
benchmarks/spec2006/400.perlbench.bc	400.perlbench.bc	star-risk	XS_HTML__Parser_handler	1	0	0	1.003412	204	1
benchmarks/spec2006/400.perlbench.bc	400.perlbench.bc	star-risk	argspec_compile	1	0	0	2.004675	151556	1
benchmarks/spec2006/400.perlbench.bc	400.perlbench.bc	star-risk	check_handler	1	0	0	1.003399	180	1
benchmarks/spec2006/400.perlbench.bc	400.perlbench.bc	star-risk	XS_HTML__Entities_decode_entities	1	0	0	1.006098	196	1
benchmarks/spec2006/400.perlbench.bc	400.perlbench.bc	star-risk	XS_HTML__Entities__decode_entities	1	0	0	1.005191	204	1
benchmarks/spec2006/400.perlbench.bc	400.perlbench.bc	star-risk	XS_HTML__Entities__probably_utf8_chunk	1	0	0	1.003348	204	1
benchmarks/spec2006/400.perlbench.bc	400.perlbench.bc	star-risk	XS_HTML__Entities_UNICODE_SUPPORT	1	0	0	1.003948	236	1
benchmarks/spec2006/400.perlbench.bc	400.perlbench.bc	star-risk	boot_HTML__Parser	1	0	0	1.003520	184	1
benchmarks/spec2006/400.perlbench.bc	400.perlbench.bc	star-risk	spec_srand	1	0	0	1.003364	188	1
benchmarks/spec2006/400.perlbench.bc	400.perlbench.bc	star-risk	spec_rand	1	0	0	1.003456	204	1
benchmarks/spec2006/400.perlbench.bc	400.perlbench.bc	star-risk	XS_Sys__Hostname_ghname	1	0	0	1.003879	144	1
benchmarks/spec2006/400.perlbench.bc	400.perlbench.bc	star-risk	boot_Sys__Hostname	1	0	0	1.003948	208	1
benchmarks/spec2006/400.perlbench.bc	400.perlbench.bc	star-risk	XS_Opcode__safe_pkg_prep	1	0	0	1.003628	204	1
benchmarks/spec2006/400.perlbench.bc	400.perlbench.bc	star-risk	XS_Opcode__safe_call_sv	1	0	0	1.004594	164	1
benchmarks/spec2006/400.perlbench.bc	400.perlbench.bc	star-risk	opmask_addlocal	1	0	0	1.004669	204	1
benchmarks/spec2006/400.perlbench.bc	400.perlbench.bc	star-risk	opmask_add	1	0	0	1.003708	204	1
benchmarks/spec2006/400.perlbench.bc	400.perlbench.bc	star-risk	verify_opset	1	0	0	1.003384	208	1
benchmarks/spec2006/400.perlbench.bc	400.perlbench.bc	star-risk	XS_Opcode_verify_opset	1	0	0	1.003989	204	1
benchmarks/spec2006/400.perlbench.bc	400.perlbench.bc	star-risk	XS_Opcode_invert_opset	1	0	0	1.005489	240	1
benchmarks/spec2006/400.perlbench.bc	400.perlbench.bc	star-risk	new_opset	1	0	0	1.003879	204	1
benchmarks/spec2006/400.perlbench.bc	400.perlbench.bc	star-risk	XS_Opcode_opset_to_ops	1	0	0	1.003433	204	1
benchmarks/spec2006/400.perlbench.bc	400.perlbench.bc	star-risk	XS_Opcode_opset	1	0	0	1.003394	236	1
benchmarks/spec2006/400.perlbench.bc	400.perlbench.bc	star-risk	get_op_bitspec	1	0	0	1.003379	184	1
benchmarks/spec2006/400.perlbench.bc	400.perlbench.bc	star-risk	set_opset_bits	1	0	0	1.003482	208	1
benchmarks/spec2006/400.perlbench.bc	400.perlbench.bc	star-risk	XS_Opcode_permit_only	1	0	0	1.004112	204	1
benchmarks/spec2006/400.perlbench.bc	400.perlbench.bc	star-risk	XS_Opcode_opdesc	1	0	0	1.004506	204	1
benchmarks/spec2006/400.perlbench.bc	400.perlbench.bc	star-risk	XS_Opcode_define_optag	1	0	0	1.003689	196	1
benchmarks/spec2006/400.perlbench.bc	400.perlbench.bc	star-risk	put_op_bitspec	1	0	0	1.004284	204	1
benchmarks/spec2006/400.perlbench.bc	400.perlbench.bc	star-risk	XS_Opcode_empty_opset	1	0	0	1.003562	180	1
benchmarks/spec2006/400.perlbench.bc	400.perlbench.bc	star-risk	XS_Opcode_full_opset	1	0	0	1.003812	204	1
benchmarks/spec2006/400.perlbench.bc	400.perlbench.bc	star-risk	XS_Opcode_opmask_add	1	0	0	1.004548	208	1
benchmarks/spec2006/400.perlbench.bc	400.perlbench.bc	star-risk	XS_Opcode_opcodes	1	0	0	1.003786	208	1
benchmarks/spec2006/400.perlbench.bc	400.perlbench.bc	star-risk	XS_Opcode_opmask	1	0	0	1.003894	208	1
benchmarks/spec2006/400.perlbench.bc	400.perlbench.bc	star-risk	boot_Opcode	1	0	0	1.003850	236	1
benchmarks/spec2006/400.perlbench.bc	400.perlbench.bc	star-risk	op_names_init	1	0	0	1.003916	200	1
benchmarks/spec2006/401.bzip2.bc	401.bzip2.bc	original	ran	1	0	0	1.003390	204	1
benchmarks/spec2006/401.bzip2.bc	401.bzip2.bc	original	spec_init	1	0	0	1.003364	168	1
benchmarks/spec2006/401.bzip2.bc	401.bzip2.bc	original	spec_random_load	1	0	0	1.003759	196	1
benchmarks/spec2006/401.bzip2.bc	401.bzip2.bc	original	spec_load	1	0	0	1.003417	136	1
benchmarks/spec2006/401.bzip2.bc	401.bzip2.bc	original	spec_read	1	0	0	1.003469	240	1
benchmarks/spec2006/401.bzip2.bc	401.bzip2.bc	original	spec_fread	1	0	0	1.003552	192	1
benchmarks/spec2006/401.bzip2.bc	401.bzip2.bc	original	spec_getc	1	0	0	1.003597	176	1
benchmarks/spec2006/401.bzip2.bc	401.bzip2.bc	original	spec_ungetc	1	0	0	1.003555	72	1
benchmarks/spec2006/401.bzip2.bc	401.bzip2.bc	original	spec_rewind	1	0	0	1.003355	236	1
benchmarks/spec2006/401.bzip2.bc	401.bzip2.bc	original	spec_reset	1	0	0	1.003492	196	1
benchmarks/spec2006/401.bzip2.bc	401.bzip2.bc	original	spec_write	1	0	0	1.003535	204	1
benchmarks/spec2006/401.bzip2.bc	401.bzip2.bc	original	spec_fwrite	1	0	0	1.003305	224	1
benchmarks/spec2006/401.bzip2.bc	401.bzip2.bc	original	spec_putc	1	0	0	1.003461	236	1
benchmarks/spec2006/401.bzip2.bc	401.bzip2.bc	original	main	1	0	0	1.003368	180	1
benchmarks/spec2006/401.bzip2.bc	401.bzip2.bc	original	debug_time	1	0	0	1.003512	192	1
benchmarks/spec2006/401.bzip2.bc	401.bzip2.bc	original	spec_initbufs	1	0	0	1.003512	184	1
benchmarks/spec2006/401.bzip2.bc	401.bzip2.bc	original	spec_compress	1	0	0	1.003386	192	1
benchmarks/spec2006/401.bzip2.bc	401.bzip2.bc	original	spec_uncompress	1	0	0	1.003367	208	1
benchmarks/spec2006/401.bzip2.bc	401.bzip2.bc	original	BZ2_blockSort	1	0	0	1.003373	8	1
benchmarks/spec2006/401.bzip2.bc	401.bzip2.bc	original	fallbackSort	1	-9	1	185.291980	114780	0
benchmarks/spec2006/401.bzip2.bc	401.bzip2.bc	original	mainSort	1	-9	1	185.304211	227352	0
benchmarks/spec2006/401.bzip2.bc	401.bzip2.bc	original	mainQSort3	1	-9	1	185.299910	134244	0
benchmarks/spec2006/401.bzip2.bc	401.bzip2.bc	original	mainSimpleSort	1	0	0	5.009504	36332	1
benchmarks/spec2006/401.bzip2.bc	401.bzip2.bc	original	mmed3	1	0	0	1.003573	200	1
benchmarks/spec2006/401.bzip2.bc	401.bzip2.bc	original	mainGtU	1	0	0	9.014830	87008	1
benchmarks/spec2006/401.bzip2.bc	401.bzip2.bc	original	fallbackQSort3	1	-9	1	185.301848	82568	0
benchmarks/spec2006/401.bzip2.bc	401.bzip2.bc	original	fallbackSimpleSort	1	0	0	1.003339	208	1
benchmarks/spec2006/401.bzip2.bc	401.bzip2.bc	original	compressStream	1	0	0	1.003328	176	1
benchmarks/spec2006/401.bzip2.bc	401.bzip2.bc	original	myfeof	1	0	0	1.002924	208	1
benchmarks/spec2006/401.bzip2.bc	401.bzip2.bc	original	uInt64_from_UInt32s	1	0	0	1.003604	184	1
benchmarks/spec2006/401.bzip2.bc	401.bzip2.bc	original	uInt64_to_double	1	0	0	1.003373	184	1
benchmarks/spec2006/401.bzip2.bc	401.bzip2.bc	original	uInt64_toAscii	1	0	0	1.014351	240	1
benchmarks/spec2006/401.bzip2.bc	401.bzip2.bc	original	configError	1	0	0	1.003453	208	1
benchmarks/spec2006/401.bzip2.bc	401.bzip2.bc	original	outOfMemory	1	0	0	1.003381	204	1
benchmarks/spec2006/401.bzip2.bc	401.bzip2.bc	original	ioError	1	0	0	1.003364	132	1
benchmarks/spec2006/401.bzip2.bc	401.bzip2.bc	original	panic	1	0	0	1.003428	240	1
benchmarks/spec2006/401.bzip2.bc	401.bzip2.bc	original	showFileNames	1	0	0	1.003438	204	1
benchmarks/spec2006/401.bzip2.bc	401.bzip2.bc	original	cleanUpAndFail	1	0	0	1.002528	204	1
benchmarks/spec2006/401.bzip2.bc	401.bzip2.bc	original	setExit	1	0	0	1.003455	204	1
benchmarks/spec2006/401.bzip2.bc	401.bzip2.bc	original	uInt64_qrm10	1	0	0	1.003399	184	1
benchmarks/spec2006/401.bzip2.bc	401.bzip2.bc	original	uInt64_isZero	1	0	0	1.003419	188	1
